"backend","batch_size","binary_sha256","bits","candidate_count","checkpoint_ns","commit_sha","compiler","compiler_flags","congruence_ns","cuda_driver","cuda_runtime","d2h_ns","dataset_sha256","generation_ns","gpu_power_mean","gpu_temperature_max","gpu_utilization_mean","h2d_ns","io_ns","kernel_ns","packing_ns","profile_id","profile_sha256","proof_ns","prp_cpu_ns","repetition","result_sha256","schema","sieve_ns","timestamp_utc","total_ns","valid_measurement","verification_ns","requested_backend","schedule_phase","schedule_round","schedule_order","schedule_sequence"
"primeforge.cuda.base2-strong-prp-u64.v1","2048","71917beff6cecfd382879bdbba5364d484a2c2b78b49daea459764c5531ed455","64","65536","0","d06baafa3ea11cc6ce41949dd637f82a01cd5eb9","MSVC-195136252","C++23_RELEASE_TARGET","0","UNKNOWN","13.3.73","1489824","9f31b60ef8310ea1b13072b3e355e4541af69429c8885c7c9ec94139a663a6ae","0","UNKNOWN","UNKNOWN","UNKNOWN","916992","0","864384","0","S64_PRP_65536","545a5cd984ca9c7c5fbc412a73deb6c5a07c68aea4b7665911c62f9890db3f27","0","0","0","430f77e57e47e8dbb5b457e8a24ea0688759ad26c02308e3737d6baca776dfce","primeforge.benchmark.raw.v1","0","2026-08-03T20:09:12Z","3572500","True","0","cuda","measure","1","1","31"
"primeforge.auto.cpu-cuda.base2-strong-prp-u64.v1[min=512]","64","71917beff6cecfd382879bdbba5364d484a2c2b78b49daea459764c5531ed455","64","65536","0","d06baafa3ea11cc6ce41949dd637f82a01cd5eb9","MSVC-195136252","C++23_RELEASE_TARGET","0","UNKNOWN","NOT_USED","0","9f31b60ef8310ea1b13072b3e355e4541af69429c8885c7c9ec94139a663a6ae","0","UNKNOWN","UNKNOWN","UNKNOWN","0","0","0","0","S64_PRP_65536","545a5cd984ca9c7c5fbc412a73deb6c5a07c68aea4b7665911c62f9890db3f27","0","11925700","0","430f77e57e47e8dbb5b457e8a24ea0688759ad26c02308e3737d6baca776dfce","primeforge.benchmark.raw.v1","0","2026-08-03T20:09:13Z","11955400","True","0","auto","measure","1","2","32"
"primeforge.cpu.base2-strong-prp-u64.v1","4096","71917beff6cecfd382879bdbba5364d484a2c2b78b49daea459764c5531ed455","64","65536","0","d06baafa3ea11cc6ce41949dd637f82a01cd5eb9","MSVC-195136252","C++23_RELEASE_TARGET","0","UNKNOWN","NOT_USED","0","9f31b60ef8310ea1b13072b3e355e4541af69429c8885c7c9ec94139a663a6ae","0","UNKNOWN","UNKNOWN","UNKNOWN","0","0","0","0","S64_PRP_65536","545a5cd984ca9c7c5fbc412a73deb6c5a07c68aea4b7665911c62f9890db3f27","0","10915200","0","430f77e57e47e8dbb5b457e8a24ea0688759ad26c02308e3737d6baca776dfce","primeforge.benchmark.raw.v1","0","2026-08-03T20:09:14Z","10917700","True","0","cpu","measure","1","3","33"
"primeforge.auto.cpu-cuda.base2-strong-prp-u64.v1[min=512]","128","71917beff6cecfd382879bdbba5364d484a2c2b78b49daea459764c5531ed455","64","65536","0","d06baafa3ea11cc6ce41949dd637f82a01cd5eb9","MSVC-195136252","C++23_RELEASE_TARGET","0","UNKNOWN","NOT_USED","0","9f31b60ef8310ea1b13072b3e355e4541af69429c8885c7c9ec94139a663a6ae","0","UNKNOWN","UNKNOWN","UNKNOWN","0","0","0","0","S64_PRP_65536","545a5cd984ca9c7c5fbc412a73deb6c5a07c68aea4b7665911c62f9890db3f27","0","11666700","0","430f77e57e47e8dbb5b457e8a24ea0688759ad26c02308e3737d6baca776dfce","primeforge.benchmark.raw.v1","0","2026-08-03T20:09:15Z","11681100","True","0","auto","measure","1","4","34"
"primeforge.cpu.base2-strong-prp-u64.v1","512","71917beff6cecfd382879bdbba5364d484a2c2b78b49daea459764c5531ed455","64","65536","0","d06baafa3ea11cc6ce41949dd637f82a01cd5eb9","MSVC-195136252","C++23_RELEASE_TARGET","0","UNKNOWN","NOT_USED","0","9f31b60ef8310ea1b13072b3e355e4541af69429c8885c7c9ec94139a663a6ae","0","UNKNOWN","UNKNOWN","UNKNOWN","0","0","0","0","S64_PRP_65536","545a5cd984ca9c7c5fbc412a73deb6c5a07c68aea4b7665911c62f9890db3f27","0","23037600","0","430f77e57e47e8dbb5b457e8a24ea0688759ad26c02308e3737d6baca776dfce","primeforge.benchmark.raw.v1","0","2026-08-03T20:09:16Z","23054300","True","0","cpu","measure","1","5","35"
"primeforge.auto.cpu-cuda.base2-strong-prp-u64.v1[min=512]","1024","71917beff6cecfd382879bdbba5364d484a2c2b78b49daea459764c5531ed455","64","65536","0","d06baafa3ea11cc6ce41949dd637f82a01cd5eb9","MSVC-195136252","C++23_RELEASE_TARGET","0","UNKNOWN","13.3.73","3034944","9f31b60ef8310ea1b13072b3e355e4541af69429c8885c7c9ec94139a663a6ae","0","UNKNOWN","UNKNOWN","UNKNOWN","2403232","0","1609119","0","S64_PRP_65536","545a5cd984ca9c7c5fbc412a73deb6c5a07c68aea4b7665911c62f9890db3f27","0","0","0","430f77e57e47e8dbb5b457e8a24ea0688759ad26c02308e3737d6baca776dfce","primeforge.benchmark.raw.v1","0","2026-08-03T20:09:17Z","90702700","True","0","auto","measure","1","6","36"
"primeforge.auto.cpu-cuda.base2-strong-prp-u64.v1[min=512]","8192","71917beff6cecfd382879bdbba5364d484a2c2b78b49daea459764c5531ed455","64","65536","0","d06baafa3ea11cc6ce41949dd637f82a01cd5eb9","MSVC-195136252","C++23_RELEASE_TARGET","0","UNKNOWN","13.3.73","386112","9f31b60ef8310ea1b13072b3e355e4541af69429c8885c7c9ec94139a663a6ae","0","UNKNOWN","UNKNOWN","UNKNOWN","196768","0","227712","0","S64_PRP_65536","545a5cd984ca9c7c5fbc412a73deb6c5a07c68aea4b7665911c62f9890db3f27","0","0","0","430f77e57e47e8dbb5b457e8a24ea0688759ad26c02308e3737d6baca776dfce","primeforge.benchmark.raw.v1","0","2026-08-03T20:09:18Z","63309700","True","0","auto","measure","1","7","37"
"primeforge.cpu.base2-strong-prp-u64.v1","16384","71917beff6cecfd382879bdbba5364d484a2c2b78b49daea459764c5531ed455","64","65536","0","d06baafa3ea11cc6ce41949dd637f82a01cd5eb9","MSVC-195136252","C++23_RELEASE_TARGET","0","UNKNOWN","NOT_USED","0","9f31b60ef8310ea1b13072b3e355e4541af69429c8885c7c9ec94139a663a6ae","0","UNKNOWN","UNKNOWN","UNKNOWN","0","0","0","0","S64_PRP_65536","545a5cd984ca9c7c5fbc412a73deb6c5a07c68aea4b7665911c62f9890db3f27","0","6272000","0","430f77e57e47e8dbb5b457e8a24ea0688759ad26c02308e3737d6baca776dfce","primeforge.benchmark.raw.v1","0","2026-08-03T20:09:19Z","6273200","True","0","cpu","measure","1","8","38"
"primeforge.cpu.base2-strong-prp-u64.v1","2048","71917beff6cecfd382879bdbba5364d484a2c2b78b49daea459764c5531ed455","64","65536","0","d06baafa3ea11cc6ce41949dd637f82a01cd5eb9","MSVC-195136252","C++23_RELEASE_TARGET","0","UNKNOWN","NOT_USED","0","9f31b60ef8310ea1b13072b3e355e4541af69429c8885c7c9ec94139a663a6ae","0","UNKNOWN","UNKNOWN","UNKNOWN","0","0","0","0","S64_PRP_65536","545a5cd984ca9c7c5fbc412a73deb6c5a07c68aea4b7665911c62f9890db3f27","0","13008600","0","430f77e57e47e8dbb5b457e8a24ea0688759ad26c02308e3737d6baca776dfce","primeforge.benchmark.raw.v1","0","2026-08-03T20:09:20Z","13013600","True","0","cpu","measure","1","9","39"
"primeforge.cpu.base2-strong-prp-u64.v1","8192","71917beff6cecfd382879bdbba5364d484a2c2b78b49daea459764c5531ed455","64","65536","0","d06baafa3ea11cc6ce41949dd637f82a01cd5eb9","MSVC-195136252","C++23_RELEASE_TARGET","0","UNKNOWN","NOT_USED","0","9f31b60ef8310ea1b13072b3e355e4541af69429c8885c7c9ec94139a663a6ae","0","UNKNOWN","UNKNOWN","UNKNOWN","0","0","0","0","S64_PRP_65536","545a5cd984ca9c7c5fbc412a73deb6c5a07c68aea4b7665911c62f9890db3f27","0","11911300","0","430f77e57e47e8dbb5b457e8a24ea0688759ad26c02308e3737d6baca776dfce","primeforge.benchmark.raw.v1","0","2026-08-03T20:09:21Z","11912700","True","0","cpu","measure","1","10","40"
"primeforge.cpu.base2-strong-prp-u64.v1","64","71917beff6cecfd382879bdbba5364d484a2c2b78b49daea459764c5531ed455","64","65536","0","d06baafa3ea11cc6ce41949dd637f82a01cd5eb9","MSVC-195136252","C++23_RELEASE_TARGET","0","UNKNOWN","NOT_USED","0","9f31b60ef8310ea1b13072b3e355e4541af69429c8885c7c9ec94139a663a6ae","0","UNKNOWN","UNKNOWN","UNKNOWN","0","0","0","0","S64_PRP_65536","545a5cd984ca9c7c5fbc412a73deb6c5a07c68aea4b7665911c62f9890db3f27","0","11719200","0","430f77e57e47e8dbb5b457e8a24ea0688759ad26c02308e3737d6baca776dfce","primeforge.benchmark.raw.v1","0","2026-08-03T20:09:22Z","11743000","True","0","cpu","measure","1","11","41"
"primeforge.cuda.base2-strong-prp-u64.v1","4096","71917beff6cecfd382879bdbba5364d484a2c2b78b49daea459764c5531ed455","64","65536","0","d06baafa3ea11cc6ce41949dd637f82a01cd5eb9","MSVC-195136252","C++23_RELEASE_TARGET","0","UNKNOWN","13.3.73","771616","9f31b60ef8310ea1b13072b3e355e4541af69429c8885c7c9ec94139a663a6ae","0","UNKNOWN","UNKNOWN","UNKNOWN","452256","0","487904","0","S64_PRP_65536","545a5cd984ca9c7c5fbc412a73deb6c5a07c68aea4b7665911c62f9890db3f27","0","0","0","430f77e57e47e8dbb5b457e8a24ea0688759ad26c02308e3737d6baca776dfce","primeforge.benchmark.raw.v1","0","2026-08-03T20:09:23Z","1853700","True","0","cuda","measure","1","12","42"
"primeforge.cuda.base2-strong-prp-u64.v1","32","71917beff6cecfd382879bdbba5364d484a2c2b78b49daea459764c5531ed455","64","65536","0","d06baafa3ea11cc6ce41949dd637f82a01cd5eb9","MSVC-195136252","C++23_RELEASE_TARGET","0","UNKNOWN","13.3.73","102929576","9f31b60ef8310ea1b13072b3e355e4541af69429c8885c7c9ec94139a663a6ae","0","UNKNOWN","UNKNOWN","UNKNOWN","82738566","0","41949083","0","S64_PRP_65536","545a5cd984ca9c7c5fbc412a73deb6c5a07c68aea4b7665911c62f9890db3f27","0","0","0","430f77e57e47e8dbb5b457e8a24ea0688759ad26c02308e3737d6baca776dfce","primeforge.benchmark.raw.v1","0","2026-08-03T20:09:25Z","241721900","True","0","cuda","measure","1","13","43"
"primeforge.cpu.base2-strong-prp-u64.v1","32","71917beff6cecfd382879bdbba5364d484a2c2b78b49daea459764c5531ed455","64","65536","0","d06baafa3ea11cc6ce41949dd637f82a01cd5eb9","MSVC-195136252","C++23_RELEASE_TARGET","0","UNKNOWN","NOT_USED","0","9f31b60ef8310ea1b13072b3e355e4541af69429c8885c7c9ec94139a663a6ae","0","UNKNOWN","UNKNOWN","UNKNOWN","0","0","0","0","S64_PRP_65536","545a5cd984ca9c7c5fbc412a73deb6c5a07c68aea4b7665911c62f9890db3f27","0","11905300","0","430f77e57e47e8dbb5b457e8a24ea0688759ad26c02308e3737d6baca776dfce","primeforge.benchmark.raw.v1","0","2026-08-03T20:09:25Z","11948800","True","0","cpu","measure","1","14","44"
"primeforge.auto.cpu-cuda.base2-strong-prp-u64.v1[min=512]","16384","71917beff6cecfd382879bdbba5364d484a2c2b78b49daea459764c5531ed455","64","65536","0","d06baafa3ea11cc6ce41949dd637f82a01cd5eb9","MSVC-195136252","C++23_RELEASE_TARGET","0","UNKNOWN","13.3.73","212192","9f31b60ef8310ea1b13072b3e355e4541af69429c8885c7c9ec94139a663a6ae","0","UNKNOWN","UNKNOWN","UNKNOWN","137856","0","172640","0","S64_PRP_65536","545a5cd984ca9c7c5fbc412a73deb6c5a07c68aea4b7665911c62f9890db3f27","0","0","0","430f77e57e47e8dbb5b457e8a24ea0688759ad26c02308e3737d6baca776dfce","primeforge.benchmark.raw.v1","0","2026-08-03T20:09:26Z","62497700","True","0","auto","measure","1","15","45"
"primeforge.cuda.base2-strong-prp-u64.v1","128","71917beff6cecfd382879bdbba5364d484a2c2b78b49daea459764c5531ed455","64","65536","0","d06baafa3ea11cc6ce41949dd637f82a01cd5eb9","MSVC-195136252","C++23_RELEASE_TARGET","0","UNKNOWN","13.3.73","26873431","9f31b60ef8310ea1b13072b3e355e4541af69429c8885c7c9ec94139a663a6ae","0","UNKNOWN","UNKNOWN","UNKNOWN","22788123","0","11005108","0","S64_PRP_65536","545a5cd984ca9c7c5fbc412a73deb6c5a07c68aea4b7665911c62f9890db3f27","0","0","0","430f77e57e47e8dbb5b457e8a24ea0688759ad26c02308e3737d6baca776dfce","primeforge.benchmark.raw.v1","0","2026-08-03T20:09:28Z","64325700","True","0","cuda","measure","1","16","46"
"primeforge.auto.cpu-cuda.base2-strong-prp-u64.v1[min=512]","2048","71917beff6cecfd382879bdbba5364d484a2c2b78b49daea459764c5531ed455","64","65536","0","d06baafa3ea11cc6ce41949dd637f82a01cd5eb9","MSVC-195136252","C++23_RELEASE_TARGET","0","UNKNOWN","13.3.73","1577120","9f31b60ef8310ea1b13072b3e355e4541af69429c8885c7c9ec94139a663a6ae","0","UNKNOWN","UNKNOWN","UNKNOWN","899392","0","1419904","0","S64_PRP_65536","545a5cd984ca9c7c5fbc412a73deb6c5a07c68aea4b7665911c62f9890db3f27","0","0","0","430f77e57e47e8dbb5b457e8a24ea0688759ad26c02308e3737d6baca776dfce","primeforge.benchmark.raw.v1","0","2026-08-03T20:09:28Z","73459100","True","0","auto","measure","1","17","47"
"primeforge.cuda.base2-strong-prp-u64.v1","256","71917beff6cecfd382879bdbba5364d484a2c2b78b49daea459764c5531ed455","64","65536","0","d06baafa3ea11cc6ce41949dd637f82a01cd5eb9","MSVC-195136252","C++23_RELEASE_TARGET","0","UNKNOWN","13.3.73","12128028","9f31b60ef8310ea1b13072b3e355e4541af69429c8885c7c9ec94139a663a6ae","0","UNKNOWN","UNKNOWN","UNKNOWN","9796031","0","5653021","0","S64_PRP_65536","545a5cd984ca9c7c5fbc412a73deb6c5a07c68aea4b7665911c62f9890db3f27","0","0","0","430f77e57e47e8dbb5b457e8a24ea0688759ad26c02308e3737d6baca776dfce","primeforge.benchmark.raw.v1","0","2026-08-03T20:09:30Z","29334500","True","0","cuda","measure","1","18","48"
"primeforge.cuda.base2-strong-prp-u64.v1","1024","71917beff6cecfd382879bdbba5364d484a2c2b78b49daea459764c5531ed455","64","65536","0","d06baafa3ea11cc6ce41949dd637f82a01cd5eb9","MSVC-195136252","C++23_RELEASE_TARGET","0","UNKNOWN","13.3.73","3213440","9f31b60ef8310ea1b13072b3e355e4541af69429c8885c7c9ec94139a663a6ae","0","UNKNOWN","UNKNOWN","UNKNOWN","3050528","0","1706304","0","S64_PRP_65536","545a5cd984ca9c7c5fbc412a73deb6c5a07c68aea4b7665911c62f9890db3f27","0","0","0","430f77e57e47e8dbb5b457e8a24ea0688759ad26c02308e3737d6baca776dfce","primeforge.benchmark.raw.v1","0","2026-08-03T20:09:30Z","8400900","True","0","cuda","measure","1","19","49"
"primeforge.auto.cpu-cuda.base2-strong-prp-u64.v1[min=512]","4096","71917beff6cecfd382879bdbba5364d484a2c2b78b49daea459764c5531ed455","64","65536","0","d06baafa3ea11cc6ce41949dd637f82a01cd5eb9","MSVC-195136252","C++23_RELEASE_TARGET","0","UNKNOWN","13.3.73","800896","9f31b60ef8310ea1b13072b3e355e4541af69429c8885c7c9ec94139a663a6ae","0","UNKNOWN","UNKNOWN","UNKNOWN","550400","0","463040","0","S64_PRP_65536","545a5cd984ca9c7c5fbc412a73deb6c5a07c68aea4b7665911c62f9890db3f27","0","0","0","430f77e57e47e8dbb5b457e8a24ea0688759ad26c02308e3737d6baca776dfce","primeforge.benchmark.raw.v1","0","2026-08-03T20:09:32Z","67350700","True","0","auto","measure","1","20","50"
"primeforge.cuda.base2-strong-prp-u64.v1","64","71917beff6cecfd382879bdbba5364d484a2c2b78b49daea459764c5531ed455","64","65536","0","d06baafa3ea11cc6ce41949dd637f82a01cd5eb9","MSVC-195136252","C++23_RELEASE_TARGET","0","UNKNOWN","13.3.73","50503575","9f31b60ef8310ea1b13072b3e355e4541af69429c8885c7c9ec94139a663a6ae","0","UNKNOWN","UNKNOWN","UNKNOWN","45203348","0","19963024","0","S64_PRP_65536","545a5cd984ca9c7c5fbc412a73deb6c5a07c68aea4b7665911c62f9890db3f27","0","0","0","430f77e57e47e8dbb5b457e8a24ea0688759ad26c02308e3737d6baca776dfce","primeforge.benchmark.raw.v1","0","2026-08-03T20:09:33Z","122671200","True","0","cuda","measure","1","21","51"
"primeforge.cuda.base2-strong-prp-u64.v1","512","71917beff6cecfd382879bdbba5364d484a2c2b78b49daea459764c5531ed455","64","65536","0","d06baafa3ea11cc6ce41949dd637f82a01cd5eb9","MSVC-195136252","C++23_RELEASE_TARGET","0","UNKNOWN","13.3.73","6648895","9f31b60ef8310ea1b13072b3e355e4541af69429c8885c7c9ec94139a663a6ae","0","UNKNOWN","UNKNOWN","UNKNOWN","5645309","0","2934526","0","S64_PRP_65536","545a5cd984ca9c7c5fbc412a73deb6c5a07c68aea4b7665911c62f9890db3f27","0","0","0","430f77e57e47e8dbb5b457e8a24ea0688759ad26c02308e3737d6baca776dfce","primeforge.benchmark.raw.v1","0","2026-08-03T20:09:34Z","16222500","True","0","cuda","measure","1","22","52"
"primeforge.cpu.base2-strong-prp-u64.v1","256","71917beff6cecfd382879bdbba5364d484a2c2b78b49daea459764c5531ed455","64","65536","0","d06baafa3ea11cc6ce41949dd637f82a01cd5eb9","MSVC-195136252","C++23_RELEASE_TARGET","0","UNKNOWN","NOT_USED","0","9f31b60ef8310ea1b13072b3e355e4541af69429c8885c7c9ec94139a663a6ae","0","UNKNOWN","UNKNOWN","UNKNOWN","0","0","0","0","S64_PRP_65536","545a5cd984ca9c7c5fbc412a73deb6c5a07c68aea4b7665911c62f9890db3f27","0","12017400","0","430f77e57e47e8dbb5b457e8a24ea0688759ad26c02308e3737d6baca776dfce","primeforge.benchmark.raw.v1","0","2026-08-03T20:09:35Z","12025700","True","0","cpu","measure","1","23","53"
"primeforge.cuda.base2-strong-prp-u64.v1","8192","71917beff6cecfd382879bdbba5364d484a2c2b78b49daea459764c5531ed455","64","65536","0","d06baafa3ea11cc6ce41949dd637f82a01cd5eb9","MSVC-195136252","C++23_RELEASE_TARGET","0","UNKNOWN","13.3.73","417408","9f31b60ef8310ea1b13072b3e355e4541af69429c8885c7c9ec94139a663a6ae","0","UNKNOWN","UNKNOWN","UNKNOWN","434976","0","289920","0","S64_PRP_65536","545a5cd984ca9c7c5fbc412a73deb6c5a07c68aea4b7665911c62f9890db3f27","0","0","0","430f77e57e47e8dbb5b457e8a24ea0688759ad26c02308e3737d6baca776dfce","primeforge.benchmark.raw.v1","0","2026-08-03T20:09:36Z","1247100","True","0","cuda","measure","1","24","54"
"primeforge.auto.cpu-cuda.base2-strong-prp-u64.v1[min=512]","256","71917beff6cecfd382879bdbba5364d484a2c2b78b49daea459764c5531ed455","64","65536","0","d06baafa3ea11cc6ce41949dd637f82a01cd5eb9","MSVC-195136252","C++23_RELEASE_TARGET","0","UNKNOWN","NOT_USED","0","9f31b60ef8310ea1b13072b3e355e4541af69429c8885c7c9ec94139a663a6ae","0","UNKNOWN","UNKNOWN","UNKNOWN","0","0","0","0","S64_PRP_65536","545a5cd984ca9c7c5fbc412a73deb6c5a07c68aea4b7665911c62f9890db3f27","0","11591900","0","430f77e57e47e8dbb5b457e8a24ea0688759ad26c02308e3737d6baca776dfce","primeforge.benchmark.raw.v1","0","2026-08-03T20:09:37Z","11598800","True","0","auto","measure","1","25","55"
"primeforge.auto.cpu-cuda.base2-strong-prp-u64.v1[min=512]","512","71917beff6cecfd382879bdbba5364d484a2c2b78b49daea459764c5531ed455","64","65536","0","d06baafa3ea11cc6ce41949dd637f82a01cd5eb9","MSVC-195136252","C++23_RELEASE_TARGET","0","UNKNOWN","13.3.73","6539807","9f31b60ef8310ea1b13072b3e355e4541af69429c8885c7c9ec94139a663a6ae","0","UNKNOWN","UNKNOWN","UNKNOWN","4297568","0","3238430","0","S64_PRP_65536","545a5cd984ca9c7c5fbc412a73deb6c5a07c68aea4b7665911c62f9890db3f27","0","0","0","430f77e57e47e8dbb5b457e8a24ea0688759ad26c02308e3737d6baca776dfce","primeforge.benchmark.raw.v1","0","2026-08-03T20:09:38Z","75087000","True","0","auto","measure","1","26","56"
"primeforge.auto.cpu-cuda.base2-strong-prp-u64.v1[min=512]","32","71917beff6cecfd382879bdbba5364d484a2c2b78b49daea459764c5531ed455","64","65536","0","d06baafa3ea11cc6ce41949dd637f82a01cd5eb9","MSVC-195136252","C++23_RELEASE_TARGET","0","UNKNOWN","NOT_USED","0","9f31b60ef8310ea1b13072b3e355e4541af69429c8885c7c9ec94139a663a6ae","0","UNKNOWN","UNKNOWN","UNKNOWN","0","0","0","0","S64_PRP_65536","545a5cd984ca9c7c5fbc412a73deb6c5a07c68aea4b7665911c62f9890db3f27","0","12074300","0","430f77e57e47e8dbb5b457e8a24ea0688759ad26c02308e3737d6baca776dfce","primeforge.benchmark.raw.v1","0","2026-08-03T20:09:39Z","12132000","True","0","auto","measure","1","27","57"
"primeforge.cpu.base2-strong-prp-u64.v1","1024","71917beff6cecfd382879bdbba5364d484a2c2b78b49daea459764c5531ed455","64","65536","0","d06baafa3ea11cc6ce41949dd637f82a01cd5eb9","MSVC-195136252","C++23_RELEASE_TARGET","0","UNKNOWN","NOT_USED","0","9f31b60ef8310ea1b13072b3e355e4541af69429c8885c7c9ec94139a663a6ae","0","UNKNOWN","UNKNOWN","UNKNOWN","0","0","0","0","S64_PRP_65536","545a5cd984ca9c7c5fbc412a73deb6c5a07c68aea4b7665911c62f9890db3f27","0","15539900","0","430f77e57e47e8dbb5b457e8a24ea0688759ad26c02308e3737d6baca776dfce","primeforge.benchmark.raw.v1","0","2026-08-03T20:09:40Z","15547700","True","0","cpu","measure","1","28","58"
"primeforge.cuda.base2-strong-prp-u64.v1","16384","71917beff6cecfd382879bdbba5364d484a2c2b78b49daea459764c5531ed455","64","65536","0","d06baafa3ea11cc6ce41949dd637f82a01cd5eb9","MSVC-195136252","C++23_RELEASE_TARGET","0","UNKNOWN","13.3.73","206048","9f31b60ef8310ea1b13072b3e355e4541af69429c8885c7c9ec94139a663a6ae","0","UNKNOWN","UNKNOWN","UNKNOWN","107808","0","209216","0","S64_PRP_65536","545a5cd984ca9c7c5fbc412a73deb6c5a07c68aea4b7665911c62f9890db3f27","0","0","0","430f77e57e47e8dbb5b457e8a24ea0688759ad26c02308e3737d6baca776dfce","primeforge.benchmark.raw.v1","0","2026-08-03T20:09:41Z","825100","True","0","cuda","measure","1","29","59"
"primeforge.cpu.base2-strong-prp-u64.v1","128","71917beff6cecfd382879bdbba5364d484a2c2b78b49daea459764c5531ed455","64","65536","0","d06baafa3ea11cc6ce41949dd637f82a01cd5eb9","MSVC-195136252","C++23_RELEASE_TARGET","0","UNKNOWN","NOT_USED","0","9f31b60ef8310ea1b13072b3e355e4541af69429c8885c7c9ec94139a663a6ae","0","UNKNOWN","UNKNOWN","UNKNOWN","0","0","0","0","S64_PRP_65536","545a5cd984ca9c7c5fbc412a73deb6c5a07c68aea4b7665911c62f9890db3f27","0","11722000","0","430f77e57e47e8dbb5b457e8a24ea0688759ad26c02308e3737d6baca776dfce","primeforge.benchmark.raw.v1","0","2026-08-03T20:09:42Z","11732400","True","0","cpu","measure","1","30","60"
"primeforge.auto.cpu-cuda.base2-strong-prp-u64.v1[min=512]","32","71917beff6cecfd382879bdbba5364d484a2c2b78b49daea459764c5531ed455","64","65536","0","d06baafa3ea11cc6ce41949dd637f82a01cd5eb9","MSVC-195136252","C++23_RELEASE_TARGET","0","UNKNOWN","NOT_USED","0","9f31b60ef8310ea1b13072b3e355e4541af69429c8885c7c9ec94139a663a6ae","0","UNKNOWN","UNKNOWN","UNKNOWN","0","0","0","0","S64_PRP_65536","545a5cd984ca9c7c5fbc412a73deb6c5a07c68aea4b7665911c62f9890db3f27","0","11847400","0","430f77e57e47e8dbb5b457e8a24ea0688759ad26c02308e3737d6baca776dfce","primeforge.benchmark.raw.v1","0","2026-08-03T20:09:43Z","11902800","True","0","auto","measure","2","1","61"
"primeforge.cpu.base2-strong-prp-u64.v1","4096","71917beff6cecfd382879bdbba5364d484a2c2b78b49daea459764c5531ed455","64","65536","0","d06baafa3ea11cc6ce41949dd637f82a01cd5eb9","MSVC-195136252","C++23_RELEASE_TARGET","0","UNKNOWN","NOT_USED","0","9f31b60ef8310ea1b13072b3e355e4541af69429c8885c7c9ec94139a663a6ae","0","UNKNOWN","UNKNOWN","UNKNOWN","0","0","0","0","S64_PRP_65536","545a5cd984ca9c7c5fbc412a73deb6c5a07c68aea4b7665911c62f9890db3f27","0","11540000","0","430f77e57e47e8dbb5b457e8a24ea0688759ad26c02308e3737d6baca776dfce","primeforge.benchmark.raw.v1","0","2026-08-03T20:09:44Z","11542400","True","0","cpu","measure","2","2","62"
"primeforge.cuda.base2-strong-prp-u64.v1","8192","71917beff6cecfd382879bdbba5364d484a2c2b78b49daea459764c5531ed455","64","65536","0","d06baafa3ea11cc6ce41949dd637f82a01cd5eb9","MSVC-195136252","C++23_RELEASE_TARGET","0","UNKNOWN","13.3.73","377760","9f31b60ef8310ea1b13072b3e355e4541af69429c8885c7c9ec94139a663a6ae","0","UNKNOWN","UNKNOWN","UNKNOWN","248224","0","279744","0","S64_PRP_65536","545a5cd984ca9c7c5fbc412a73deb6c5a07c68aea4b7665911c62f9890db3f27","0","0","0","430f77e57e47e8dbb5b457e8a24ea0688759ad26c02308e3737d6baca776dfce","primeforge.benchmark.raw.v1","0","2026-08-03T20:09:45Z","1003800","True","0","cuda","measure","2","3","63"
"primeforge.auto.cpu-cuda.base2-strong-prp-u64.v1[min=512]","8192","71917beff6cecfd382879bdbba5364d484a2c2b78b49daea459764c5531ed455","64","65536","0","d06baafa3ea11cc6ce41949dd637f82a01cd5eb9","MSVC-195136252","C++23_RELEASE_TARGET","0","UNKNOWN","13.3.73","351648","9f31b60ef8310ea1b13072b3e355e4541af69429c8885c7c9ec94139a663a6ae","0","UNKNOWN","UNKNOWN","UNKNOWN","271232","0","220672","0","S64_PRP_65536","545a5cd984ca9c7c5fbc412a73deb6c5a07c68aea4b7665911c62f9890db3f27","0","0","0","430f77e57e47e8dbb5b457e8a24ea0688759ad26c02308e3737d6baca776dfce","primeforge.benchmark.raw.v1","0","2026-08-03T20:09:46Z","62293000","True","0","auto","measure","2","4","64"
"primeforge.cuda.base2-strong-prp-u64.v1","1024","71917beff6cecfd382879bdbba5364d484a2c2b78b49daea459764c5531ed455","64","65536","0","d06baafa3ea11cc6ce41949dd637f82a01cd5eb9","MSVC-195136252","C++23_RELEASE_TARGET","0","UNKNOWN","13.3.73","3098528","9f31b60ef8310ea1b13072b3e355e4541af69429c8885c7c9ec94139a663a6ae","0","UNKNOWN","UNKNOWN","UNKNOWN","2068640","0","1767485","0","S64_PRP_65536","545a5cd984ca9c7c5fbc412a73deb6c5a07c68aea4b7665911c62f9890db3f27","0","0","0","430f77e57e47e8dbb5b457e8a24ea0688759ad26c02308e3737d6baca776dfce","primeforge.benchmark.raw.v1","0","2026-08-03T20:09:47Z","7467300","True","0","cuda","measure","2","5","65"
"primeforge.auto.cpu-cuda.base2-strong-prp-u64.v1[min=512]","64","71917beff6cecfd382879bdbba5364d484a2c2b78b49daea459764c5531ed455","64","65536","0","d06baafa3ea11cc6ce41949dd637f82a01cd5eb9","MSVC-195136252","C++23_RELEASE_TARGET","0","UNKNOWN","NOT_USED","0","9f31b60ef8310ea1b13072b3e355e4541af69429c8885c7c9ec94139a663a6ae","0","UNKNOWN","UNKNOWN","UNKNOWN","0","0","0","0","S64_PRP_65536","545a5cd984ca9c7c5fbc412a73deb6c5a07c68aea4b7665911c62f9890db3f27","0","11673100","0","430f77e57e47e8dbb5b457e8a24ea0688759ad26c02308e3737d6baca776dfce","primeforge.benchmark.raw.v1","0","2026-08-03T20:09:48Z","11700700","True","0","auto","measure","2","6","66"
"primeforge.auto.cpu-cuda.base2-strong-prp-u64.v1[min=512]","2048","71917beff6cecfd382879bdbba5364d484a2c2b78b49daea459764c5531ed455","64","65536","0","d06baafa3ea11cc6ce41949dd637f82a01cd5eb9","MSVC-195136252","C++23_RELEASE_TARGET","0","UNKNOWN","13.3.73","1618976","9f31b60ef8310ea1b13072b3e355e4541af69429c8885c7c9ec94139a663a6ae","0","UNKNOWN","UNKNOWN","UNKNOWN","1141120","0","838847","0","S64_PRP_65536","545a5cd984ca9c7c5fbc412a73deb6c5a07c68aea4b7665911c62f9890db3f27","0","0","0","430f77e57e47e8dbb5b457e8a24ea0688759ad26c02308e3737d6baca776dfce","primeforge.benchmark.raw.v1","0","2026-08-03T20:09:49Z","70375500","True","0","auto","measure","2","7","67"
"primeforge.cpu.base2-strong-prp-u64.v1","16384","71917beff6cecfd382879bdbba5364d484a2c2b78b49daea459764c5531ed455","64","65536","0","d06baafa3ea11cc6ce41949dd637f82a01cd5eb9","MSVC-195136252","C++23_RELEASE_TARGET","0","UNKNOWN","NOT_USED","0","9f31b60ef8310ea1b13072b3e355e4541af69429c8885c7c9ec94139a663a6ae","0","UNKNOWN","UNKNOWN","UNKNOWN","0","0","0","0","S64_PRP_65536","545a5cd984ca9c7c5fbc412a73deb6c5a07c68aea4b7665911c62f9890db3f27","0","6103800","0","430f77e57e47e8dbb5b457e8a24ea0688759ad26c02308e3737d6baca776dfce","primeforge.benchmark.raw.v1","0","2026-08-03T20:09:50Z","6105000","True","0","cpu","measure","2","8","68"
"primeforge.cuda.base2-strong-prp-u64.v1","16384","71917beff6cecfd382879bdbba5364d484a2c2b78b49daea459764c5531ed455","64","65536","0","d06baafa3ea11cc6ce41949dd637f82a01cd5eb9","MSVC-195136252","C++23_RELEASE_TARGET","0","UNKNOWN","13.3.73","203584","9f31b60ef8310ea1b13072b3e355e4541af69429c8885c7c9ec94139a663a6ae","0","UNKNOWN","UNKNOWN","UNKNOWN","98656","0","251936","0","S64_PRP_65536","545a5cd984ca9c7c5fbc412a73deb6c5a07c68aea4b7665911c62f9890db3f27","0","0","0","430f77e57e47e8dbb5b457e8a24ea0688759ad26c02308e3737d6baca776dfce","primeforge.benchmark.raw.v1","0","2026-08-03T20:09:51Z","642800","True","0","cuda","measure","2","9","69"
"primeforge.cuda.base2-strong-prp-u64.v1","128","71917beff6cecfd382879bdbba5364d484a2c2b78b49daea459764c5531ed455","64","65536","0","d06baafa3ea11cc6ce41949dd637f82a01cd5eb9","MSVC-195136252","C++23_RELEASE_TARGET","0","UNKNOWN","13.3.73","26344536","9f31b60ef8310ea1b13072b3e355e4541af69429c8885c7c9ec94139a663a6ae","0","UNKNOWN","UNKNOWN","UNKNOWN","17991133","0","10376048","0","S64_PRP_65536","545a5cd984ca9c7c5fbc412a73deb6c5a07c68aea4b7665911c62f9890db3f27","0","0","0","430f77e57e47e8dbb5b457e8a24ea0688759ad26c02308e3737d6baca776dfce","primeforge.benchmark.raw.v1","0","2026-08-03T20:09:52Z","58073700","True","0","cuda","measure","2","10","70"
"primeforge.auto.cpu-cuda.base2-strong-prp-u64.v1[min=512]","16384","71917beff6cecfd382879bdbba5364d484a2c2b78b49daea459764c5531ed455","64","65536","0","d06baafa3ea11cc6ce41949dd637f82a01cd5eb9","MSVC-195136252","C++23_RELEASE_TARGET","0","UNKNOWN","13.3.73","230240","9f31b60ef8310ea1b13072b3e355e4541af69429c8885c7c9ec94139a663a6ae","0","UNKNOWN","UNKNOWN","UNKNOWN","143104","0","696128","0","S64_PRP_65536","545a5cd984ca9c7c5fbc412a73deb6c5a07c68aea4b7665911c62f9890db3f27","0","0","0","430f77e57e47e8dbb5b457e8a24ea0688759ad26c02308e3737d6baca776dfce","primeforge.benchmark.raw.v1","0","2026-08-03T20:09:53Z","62343000","True","0","auto","measure","2","11","71"
"primeforge.auto.cpu-cuda.base2-strong-prp-u64.v1[min=512]","1024","71917beff6cecfd382879bdbba5364d484a2c2b78b49daea459764c5531ed455","64","65536","0","d06baafa3ea11cc6ce41949dd637f82a01cd5eb9","MSVC-195136252","C++23_RELEASE_TARGET","0","UNKNOWN","13.3.73","3220864","9f31b60ef8310ea1b13072b3e355e4541af69429c8885c7c9ec94139a663a6ae","0","UNKNOWN","UNKNOWN","UNKNOWN","2115712","0","1802656","0","S64_PRP_65536","545a5cd984ca9c7c5fbc412a73deb6c5a07c68aea4b7665911c62f9890db3f27","0","0","0","430f77e57e47e8dbb5b457e8a24ea0688759ad26c02308e3737d6baca776dfce","primeforge.benchmark.raw.v1","0","2026-08-03T20:09:54Z","70574600","True","0","auto","measure","2","12","72"
"primeforge.cuda.base2-strong-prp-u64.v1","64","71917beff6cecfd382879bdbba5364d484a2c2b78b49daea459764c5531ed455","64","65536","0","d06baafa3ea11cc6ce41949dd637f82a01cd5eb9","MSVC-195136252","C++23_RELEASE_TARGET","0","UNKNOWN","13.3.73","52152473","9f31b60ef8310ea1b13072b3e355e4541af69429c8885c7c9ec94139a663a6ae","0","UNKNOWN","UNKNOWN","UNKNOWN","35479468","0","21440277","0","S64_PRP_65536","545a5cd984ca9c7c5fbc412a73deb6c5a07c68aea4b7665911c62f9890db3f27","0","0","0","430f77e57e47e8dbb5b457e8a24ea0688759ad26c02308e3737d6baca776dfce","primeforge.benchmark.raw.v1","0","2026-08-03T20:09:55Z","115897600","True","0","cuda","measure","2","13","73"
"primeforge.auto.cpu-cuda.base2-strong-prp-u64.v1[min=512]","256","71917beff6cecfd382879bdbba5364d484a2c2b78b49daea459764c5531ed455","64","65536","0","d06baafa3ea11cc6ce41949dd637f82a01cd5eb9","MSVC-195136252","C++23_RELEASE_TARGET","0","UNKNOWN","NOT_USED","0","9f31b60ef8310ea1b13072b3e355e4541af69429c8885c7c9ec94139a663a6ae","0","UNKNOWN","UNKNOWN","UNKNOWN","0","0","0","0","S64_PRP_65536","545a5cd984ca9c7c5fbc412a73deb6c5a07c68aea4b7665911c62f9890db3f27","0","11623200","0","430f77e57e47e8dbb5b457e8a24ea0688759ad26c02308e3737d6baca776dfce","primeforge.benchmark.raw.v1","0","2026-08-03T20:09:56Z","11630000","True","0","auto","measure","2","14","74"
"primeforge.cpu.base2-strong-prp-u64.v1","128","71917beff6cecfd382879bdbba5364d484a2c2b78b49daea459764c5531ed455","64","65536","0","d06baafa3ea11cc6ce41949dd637f82a01cd5eb9","MSVC-195136252","C++23_RELEASE_TARGET","0","UNKNOWN","NOT_USED","0","9f31b60ef8310ea1b13072b3e355e4541af69429c8885c7c9ec94139a663a6ae","0","UNKNOWN","UNKNOWN","UNKNOWN","0","0","0","0","S64_PRP_65536","545a5cd984ca9c7c5fbc412a73deb6c5a07c68aea4b7665911c62f9890db3f27","0","11602000","0","430f77e57e47e8dbb5b457e8a24ea0688759ad26c02308e3737d6baca776dfce","primeforge.benchmark.raw.v1","0","2026-08-03T20:09:57Z","11615100","True","0","cpu","measure","2","15","75"
"primeforge.auto.cpu-cuda.base2-strong-prp-u64.v1[min=512]","4096","71917beff6cecfd382879bdbba5364d484a2c2b78b49daea459764c5531ed455","64","65536","0","d06baafa3ea11cc6ce41949dd637f82a01cd5eb9","MSVC-195136252","C++23_RELEASE_TARGET","0","UNKNOWN","13.3.73","945984","9f31b60ef8310ea1b13072b3e355e4541af69429c8885c7c9ec94139a663a6ae","0","UNKNOWN","UNKNOWN","UNKNOWN","454720","0","530624","0","S64_PRP_65536","545a5cd984ca9c7c5fbc412a73deb6c5a07c68aea4b7665911c62f9890db3f27","0","0","0","430f77e57e47e8dbb5b457e8a24ea0688759ad26c02308e3737d6baca776dfce","primeforge.benchmark.raw.v1","0","2026-08-03T20:09:58Z","73695500","True","0","auto","measure","2","16","76"
"primeforge.cpu.base2-strong-prp-u64.v1","8192","71917beff6cecfd382879bdbba5364d484a2c2b78b49daea459764c5531ed455","64","65536","0","d06baafa3ea11cc6ce41949dd637f82a01cd5eb9","MSVC-195136252","C++23_RELEASE_TARGET","0","UNKNOWN","NOT_USED","0","9f31b60ef8310ea1b13072b3e355e4541af69429c8885c7c9ec94139a663a6ae","0","UNKNOWN","UNKNOWN","UNKNOWN","0","0","0","0","S64_PRP_65536","545a5cd984ca9c7c5fbc412a73deb6c5a07c68aea4b7665911c62f9890db3f27","0","10640300","0","430f77e57e47e8dbb5b457e8a24ea0688759ad26c02308e3737d6baca776dfce","primeforge.benchmark.raw.v1","0","2026-08-03T20:09:59Z","10642300","True","0","cpu","measure","2","17","77"
"primeforge.cuda.base2-strong-prp-u64.v1","256","71917beff6cecfd382879bdbba5364d484a2c2b78b49daea459764c5531ed455","64","65536","0","d06baafa3ea11cc6ce41949dd637f82a01cd5eb9","MSVC-195136252","C++23_RELEASE_TARGET","0","UNKNOWN","13.3.73","14094522","9f31b60ef8310ea1b13072b3e355e4541af69429c8885c7c9ec94139a663a6ae","0","UNKNOWN","UNKNOWN","UNKNOWN","8696190","0","6930811","0","S64_PRP_65536","545a5cd984ca9c7c5fbc412a73deb6c5a07c68aea4b7665911c62f9890db3f27","0","0","0","430f77e57e47e8dbb5b457e8a24ea0688759ad26c02308e3737d6baca776dfce","primeforge.benchmark.raw.v1","0","2026-08-03T20:10:00Z","31601900","True","0","cuda","measure","2","18","78"
"primeforge.cpu.base2-strong-prp-u64.v1","1024","71917beff6cecfd382879bdbba5364d484a2c2b78b49daea459764c5531ed455","64","65536","0","d06baafa3ea11cc6ce41949dd637f82a01cd5eb9","MSVC-195136252","C++23_RELEASE_TARGET","0","UNKNOWN","NOT_USED","0","9f31b60ef8310ea1b13072b3e355e4541af69429c8885c7c9ec94139a663a6ae","0","UNKNOWN","UNKNOWN","UNKNOWN","0","0","0","0","S64_PRP_65536","545a5cd984ca9c7c5fbc412a73deb6c5a07c68aea4b7665911c62f9890db3f27","0","15182500","0","430f77e57e47e8dbb5b457e8a24ea0688759ad26c02308e3737d6baca776dfce","primeforge.benchmark.raw.v1","0","2026-08-03T20:10:01Z","15191700","True","0","cpu","measure","2","19","79"
"primeforge.cpu.base2-strong-prp-u64.v1","32","71917beff6cecfd382879bdbba5364d484a2c2b78b49daea459764c5531ed455","64","65536","0","d06baafa3ea11cc6ce41949dd637f82a01cd5eb9","MSVC-195136252","C++23_RELEASE_TARGET","0","UNKNOWN","NOT_USED","0","9f31b60ef8310ea1b13072b3e355e4541af69429c8885c7c9ec94139a663a6ae","0","UNKNOWN","UNKNOWN","UNKNOWN","0","0","0","0","S64_PRP_65536","545a5cd984ca9c7c5fbc412a73deb6c5a07c68aea4b7665911c62f9890db3f27","0","11619300","0","430f77e57e47e8dbb5b457e8a24ea0688759ad26c02308e3737d6baca776dfce","primeforge.benchmark.raw.v1","0","2026-08-03T20:10:02Z","11666600","True","0","cpu","measure","2","20","80"
"primeforge.cpu.base2-strong-prp-u64.v1","256","71917beff6cecfd382879bdbba5364d484a2c2b78b49daea459764c5531ed455","64","65536","0","d06baafa3ea11cc6ce41949dd637f82a01cd5eb9","MSVC-195136252","C++23_RELEASE_TARGET","0","UNKNOWN","NOT_USED","0","9f31b60ef8310ea1b13072b3e355e4541af69429c8885c7c9ec94139a663a6ae","0","UNKNOWN","UNKNOWN","UNKNOWN","0","0","0","0","S64_PRP_65536","545a5cd984ca9c7c5fbc412a73deb6c5a07c68aea4b7665911c62f9890db3f27","0","11632100","0","430f77e57e47e8dbb5b457e8a24ea0688759ad26c02308e3737d6baca776dfce","primeforge.benchmark.raw.v1","0","2026-08-03T20:10:03Z","11638500","True","0","cpu","measure","2","21","81"
"primeforge.cpu.base2-strong-prp-u64.v1","2048","71917beff6cecfd382879bdbba5364d484a2c2b78b49daea459764c5531ed455","64","65536","0","d06baafa3ea11cc6ce41949dd637f82a01cd5eb9","MSVC-195136252","C++23_RELEASE_TARGET","0","UNKNOWN","NOT_USED","0","9f31b60ef8310ea1b13072b3e355e4541af69429c8885c7c9ec94139a663a6ae","0","UNKNOWN","UNKNOWN","UNKNOWN","0","0","0","0","S64_PRP_65536","545a5cd984ca9c7c5fbc412a73deb6c5a07c68aea4b7665911c62f9890db3f27","0","13531200","0","430f77e57e47e8dbb5b457e8a24ea0688759ad26c02308e3737d6baca776dfce","primeforge.benchmark.raw.v1","0","2026-08-03T20:10:04Z","13536600","True","0","cpu","measure","2","22","82"
"primeforge.cpu.base2-strong-prp-u64.v1","512","71917beff6cecfd382879bdbba5364d484a2c2b78b49daea459764c5531ed455","64","65536","0","d06baafa3ea11cc6ce41949dd637f82a01cd5eb9","MSVC-195136252","C++23_RELEASE_TARGET","0","UNKNOWN","NOT_USED","0","9f31b60ef8310ea1b13072b3e355e4541af69429c8885c7c9ec94139a663a6ae","0","UNKNOWN","UNKNOWN","UNKNOWN","0","0","0","0","S64_PRP_65536","545a5cd984ca9c7c5fbc412a73deb6c5a07c68aea4b7665911c62f9890db3f27","0","21888400","0","430f77e57e47e8dbb5b457e8a24ea0688759ad26c02308e3737d6baca776dfce","primeforge.benchmark.raw.v1","0","2026-08-03T20:10:05Z","21902600","True","0","cpu","measure","2","23","83"
"primeforge.auto.cpu-cuda.base2-strong-prp-u64.v1[min=512]","128","71917beff6cecfd382879bdbba5364d484a2c2b78b49daea459764c5531ed455","64","65536","0","d06baafa3ea11cc6ce41949dd637f82a01cd5eb9","MSVC-195136252","C++23_RELEASE_TARGET","0","UNKNOWN","NOT_USED","0","9f31b60ef8310ea1b13072b3e355e4541af69429c8885c7c9ec94139a663a6ae","0","UNKNOWN","UNKNOWN","UNKNOWN","0","0","0","0","S64_PRP_65536","545a5cd984ca9c7c5fbc412a73deb6c5a07c68aea4b7665911c62f9890db3f27","0","11612000","0","430f77e57e47e8dbb5b457e8a24ea0688759ad26c02308e3737d6baca776dfce","primeforge.benchmark.raw.v1","0","2026-08-03T20:10:06Z","11626300","True","0","auto","measure","2","24","84"
"primeforge.cuda.base2-strong-prp-u64.v1","512","71917beff6cecfd382879bdbba5364d484a2c2b78b49daea459764c5531ed455","64","65536","0","d06baafa3ea11cc6ce41949dd637f82a01cd5eb9","MSVC-195136252","C++23_RELEASE_TARGET","0","UNKNOWN","13.3.73","6124445","9f31b60ef8310ea1b13072b3e355e4541af69429c8885c7c9ec94139a663a6ae","0","UNKNOWN","UNKNOWN","UNKNOWN","3854558","0","3357054","0","S64_PRP_65536","545a5cd984ca9c7c5fbc412a73deb6c5a07c68aea4b7665911c62f9890db3f27","0","0","0","430f77e57e47e8dbb5b457e8a24ea0688759ad26c02308e3737d6baca776dfce","primeforge.benchmark.raw.v1","0","2026-08-03T20:10:07Z","14247300","True","0","cuda","measure","2","25","85"
"primeforge.cuda.base2-strong-prp-u64.v1","2048","71917beff6cecfd382879bdbba5364d484a2c2b78b49daea459764c5531ed455","64","65536","0","d06baafa3ea11cc6ce41949dd637f82a01cd5eb9","MSVC-195136252","C++23_RELEASE_TARGET","0","UNKNOWN","13.3.73","1744544","9f31b60ef8310ea1b13072b3e355e4541af69429c8885c7c9ec94139a663a6ae","0","UNKNOWN","UNKNOWN","UNKNOWN","1527840","0","942045","0","S64_PRP_65536","545a5cd984ca9c7c5fbc412a73deb6c5a07c68aea4b7665911c62f9890db3f27","0","0","0","430f77e57e47e8dbb5b457e8a24ea0688759ad26c02308e3737d6baca776dfce","primeforge.benchmark.raw.v1","0","2026-08-03T20:10:08Z","4545500","True","0","cuda","measure","2","26","86"
"primeforge.auto.cpu-cuda.base2-strong-prp-u64.v1[min=512]","512","71917beff6cecfd382879bdbba5364d484a2c2b78b49daea459764c5531ed455","64","65536","0","d06baafa3ea11cc6ce41949dd637f82a01cd5eb9","MSVC-195136252","C++23_RELEASE_TARGET","0","UNKNOWN","13.3.73","7274880","9f31b60ef8310ea1b13072b3e355e4541af69429c8885c7c9ec94139a663a6ae","0","UNKNOWN","UNKNOWN","UNKNOWN","5480858","0","3170782","0","S64_PRP_65536","545a5cd984ca9c7c5fbc412a73deb6c5a07c68aea4b7665911c62f9890db3f27","0","0","0","430f77e57e47e8dbb5b457e8a24ea0688759ad26c02308e3737d6baca776dfce","primeforge.benchmark.raw.v1","0","2026-08-03T20:10:09Z","80263300","True","0","auto","measure","2","27","87"
"primeforge.cuda.base2-strong-prp-u64.v1","32","71917beff6cecfd382879bdbba5364d484a2c2b78b49daea459764c5531ed455","64","65536","0","d06baafa3ea11cc6ce41949dd637f82a01cd5eb9","MSVC-195136252","C++23_RELEASE_TARGET","0","UNKNOWN","13.3.73","104356869","9f31b60ef8310ea1b13072b3e355e4541af69429c8885c7c9ec94139a663a6ae","0","UNKNOWN","UNKNOWN","UNKNOWN","71852757","0","41520702","0","S64_PRP_65536","545a5cd984ca9c7c5fbc412a73deb6c5a07c68aea4b7665911c62f9890db3f27","0","0","0","430f77e57e47e8dbb5b457e8a24ea0688759ad26c02308e3737d6baca776dfce","primeforge.benchmark.raw.v1","0","2026-08-03T20:10:10Z","231684100","True","0","cuda","measure","2","28","88"
"primeforge.cpu.base2-strong-prp-u64.v1","64","71917beff6cecfd382879bdbba5364d484a2c2b78b49daea459764c5531ed455","64","65536","0","d06baafa3ea11cc6ce41949dd637f82a01cd5eb9","MSVC-195136252","C++23_RELEASE_TARGET","0","UNKNOWN","NOT_USED","0","9f31b60ef8310ea1b13072b3e355e4541af69429c8885c7c9ec94139a663a6ae","0","UNKNOWN","UNKNOWN","UNKNOWN","0","0","0","0","S64_PRP_65536","545a5cd984ca9c7c5fbc412a73deb6c5a07c68aea4b7665911c62f9890db3f27","0","11867500","0","430f77e57e47e8dbb5b457e8a24ea0688759ad26c02308e3737d6baca776dfce","primeforge.benchmark.raw.v1","0","2026-08-03T20:10:11Z","11890300","True","0","cpu","measure","2","29","89"
"primeforge.cuda.base2-strong-prp-u64.v1","4096","71917beff6cecfd382879bdbba5364d484a2c2b78b49daea459764c5531ed455","64","65536","0","d06baafa3ea11cc6ce41949dd637f82a01cd5eb9","MSVC-195136252","C++23_RELEASE_TARGET","0","UNKNOWN","13.3.73","789216","9f31b60ef8310ea1b13072b3e355e4541af69429c8885c7c9ec94139a663a6ae","0","UNKNOWN","UNKNOWN","UNKNOWN","449887","0","482975","0","S64_PRP_65536","545a5cd984ca9c7c5fbc412a73deb6c5a07c68aea4b7665911c62f9890db3f27","0","0","0","430f77e57e47e8dbb5b457e8a24ea0688759ad26c02308e3737d6baca776dfce","primeforge.benchmark.raw.v1","0","2026-08-03T20:10:12Z","1929800","True","0","cuda","measure","2","30","90"
"primeforge.auto.cpu-cuda.base2-strong-prp-u64.v1[min=512]","256","71917beff6cecfd382879bdbba5364d484a2c2b78b49daea459764c5531ed455","64","65536","0","d06baafa3ea11cc6ce41949dd637f82a01cd5eb9","MSVC-195136252","C++23_RELEASE_TARGET","0","UNKNOWN","NOT_USED","0","9f31b60ef8310ea1b13072b3e355e4541af69429c8885c7c9ec94139a663a6ae","0","UNKNOWN","UNKNOWN","UNKNOWN","0","0","0","0","S64_PRP_65536","545a5cd984ca9c7c5fbc412a73deb6c5a07c68aea4b7665911c62f9890db3f27","0","11660200","0","430f77e57e47e8dbb5b457e8a24ea0688759ad26c02308e3737d6baca776dfce","primeforge.benchmark.raw.v1","0","2026-08-03T20:10:13Z","11668100","True","0","auto","measure","3","1","91"
"primeforge.cpu.base2-strong-prp-u64.v1","512","71917beff6cecfd382879bdbba5364d484a2c2b78b49daea459764c5531ed455","64","65536","0","d06baafa3ea11cc6ce41949dd637f82a01cd5eb9","MSVC-195136252","C++23_RELEASE_TARGET","0","UNKNOWN","NOT_USED","0","9f31b60ef8310ea1b13072b3e355e4541af69429c8885c7c9ec94139a663a6ae","0","UNKNOWN","UNKNOWN","UNKNOWN","0","0","0","0","S64_PRP_65536","545a5cd984ca9c7c5fbc412a73deb6c5a07c68aea4b7665911c62f9890db3f27","0","23779400","0","430f77e57e47e8dbb5b457e8a24ea0688759ad26c02308e3737d6baca776dfce","primeforge.benchmark.raw.v1","0","2026-08-03T20:10:14Z","23794800","True","0","cpu","measure","3","2","92"
"primeforge.cpu.base2-strong-prp-u64.v1","2048","71917beff6cecfd382879bdbba5364d484a2c2b78b49daea459764c5531ed455","64","65536","0","d06baafa3ea11cc6ce41949dd637f82a01cd5eb9","MSVC-195136252","C++23_RELEASE_TARGET","0","UNKNOWN","NOT_USED","0","9f31b60ef8310ea1b13072b3e355e4541af69429c8885c7c9ec94139a663a6ae","0","UNKNOWN","UNKNOWN","UNKNOWN","0","0","0","0","S64_PRP_65536","545a5cd984ca9c7c5fbc412a73deb6c5a07c68aea4b7665911c62f9890db3f27","0","13564900","0","430f77e57e47e8dbb5b457e8a24ea0688759ad26c02308e3737d6baca776dfce","primeforge.benchmark.raw.v1","0","2026-08-03T20:10:15Z","13571400","True","0","cpu","measure","3","3","93"
"primeforge.cuda.base2-strong-prp-u64.v1","32","71917beff6cecfd382879bdbba5364d484a2c2b78b49daea459764c5531ed455","64","65536","0","d06baafa3ea11cc6ce41949dd637f82a01cd5eb9","MSVC-195136252","C++23_RELEASE_TARGET","0","UNKNOWN","13.3.73","108808348","9f31b60ef8310ea1b13072b3e355e4541af69429c8885c7c9ec94139a663a6ae","0","UNKNOWN","UNKNOWN","UNKNOWN","86347587","0","44287187","0","S64_PRP_65536","545a5cd984ca9c7c5fbc412a73deb6c5a07c68aea4b7665911c62f9890db3f27","0","0","0","430f77e57e47e8dbb5b457e8a24ea0688759ad26c02308e3737d6baca776dfce","primeforge.benchmark.raw.v1","0","2026-08-03T20:10:17Z","253522000","True","0","cuda","measure","3","4","94"
"primeforge.cpu.base2-strong-prp-u64.v1","256","71917beff6cecfd382879bdbba5364d484a2c2b78b49daea459764c5531ed455","64","65536","0","d06baafa3ea11cc6ce41949dd637f82a01cd5eb9","MSVC-195136252","C++23_RELEASE_TARGET","0","UNKNOWN","NOT_USED","0","9f31b60ef8310ea1b13072b3e355e4541af69429c8885c7c9ec94139a663a6ae","0","UNKNOWN","UNKNOWN","UNKNOWN","0","0","0","0","S64_PRP_65536","545a5cd984ca9c7c5fbc412a73deb6c5a07c68aea4b7665911c62f9890db3f27","0","11510400","0","430f77e57e47e8dbb5b457e8a24ea0688759ad26c02308e3737d6baca776dfce","primeforge.benchmark.raw.v1","0","2026-08-03T20:10:17Z","11515700","True","0","cpu","measure","3","5","95"
"primeforge.cuda.base2-strong-prp-u64.v1","1024","71917beff6cecfd382879bdbba5364d484a2c2b78b49daea459764c5531ed455","64","65536","0","d06baafa3ea11cc6ce41949dd637f82a01cd5eb9","MSVC-195136252","C++23_RELEASE_TARGET","0","UNKNOWN","13.3.73","3205885","9f31b60ef8310ea1b13072b3e355e4541af69429c8885c7c9ec94139a663a6ae","0","UNKNOWN","UNKNOWN","UNKNOWN","2785824","0","1537630","0","S64_PRP_65536","545a5cd984ca9c7c5fbc412a73deb6c5a07c68aea4b7665911c62f9890db3f27","0","0","0","430f77e57e47e8dbb5b457e8a24ea0688759ad26c02308e3737d6baca776dfce","primeforge.benchmark.raw.v1","0","2026-08-03T20:10:18Z","7995900","True","0","cuda","measure","3","6","96"
"primeforge.cpu.base2-strong-prp-u64.v1","4096","71917beff6cecfd382879bdbba5364d484a2c2b78b49daea459764c5531ed455","64","65536","0","d06baafa3ea11cc6ce41949dd637f82a01cd5eb9","MSVC-195136252","C++23_RELEASE_TARGET","0","UNKNOWN","NOT_USED","0","9f31b60ef8310ea1b13072b3e355e4541af69429c8885c7c9ec94139a663a6ae","0","UNKNOWN","UNKNOWN","UNKNOWN","0","0","0","0","S64_PRP_65536","545a5cd984ca9c7c5fbc412a73deb6c5a07c68aea4b7665911c62f9890db3f27","0","12333400","0","430f77e57e47e8dbb5b457e8a24ea0688759ad26c02308e3737d6baca776dfce","primeforge.benchmark.raw.v1","0","2026-08-03T20:10:19Z","12337000","True","0","cpu","measure","3","7","97"
"primeforge.cuda.base2-strong-prp-u64.v1","8192","71917beff6cecfd382879bdbba5364d484a2c2b78b49daea459764c5531ed455","64","65536","0","d06baafa3ea11cc6ce41949dd637f82a01cd5eb9","MSVC-195136252","C++23_RELEASE_TARGET","0","UNKNOWN","13.3.73","373728","9f31b60ef8310ea1b13072b3e355e4541af69429c8885c7c9ec94139a663a6ae","0","UNKNOWN","UNKNOWN","UNKNOWN","255424","0","236032","0","S64_PRP_65536","545a5cd984ca9c7c5fbc412a73deb6c5a07c68aea4b7665911c62f9890db3f27","0","0","0","430f77e57e47e8dbb5b457e8a24ea0688759ad26c02308e3737d6baca776dfce","primeforge.benchmark.raw.v1","0","2026-08-03T20:10:20Z","1025100","True","0","cuda","measure","3","8","98"
"primeforge.cpu.base2-strong-prp-u64.v1","8192","71917beff6cecfd382879bdbba5364d484a2c2b78b49daea459764c5531ed455","64","65536","0","d06baafa3ea11cc6ce41949dd637f82a01cd5eb9","MSVC-195136252","C++23_RELEASE_TARGET","0","UNKNOWN","NOT_USED","0","9f31b60ef8310ea1b13072b3e355e4541af69429c8885c7c9ec94139a663a6ae","0","UNKNOWN","UNKNOWN","UNKNOWN","0","0","0","0","S64_PRP_65536","545a5cd984ca9c7c5fbc412a73deb6c5a07c68aea4b7665911c62f9890db3f27","0","10990500","0","430f77e57e47e8dbb5b457e8a24ea0688759ad26c02308e3737d6baca776dfce","primeforge.benchmark.raw.v1","0","2026-08-03T20:10:21Z","10992100","True","0","cpu","measure","3","9","99"
"primeforge.auto.cpu-cuda.base2-strong-prp-u64.v1[min=512]","4096","71917beff6cecfd382879bdbba5364d484a2c2b78b49daea459764c5531ed455","64","65536","0","d06baafa3ea11cc6ce41949dd637f82a01cd5eb9","MSVC-195136252","C++23_RELEASE_TARGET","0","UNKNOWN","13.3.73","760160","9f31b60ef8310ea1b13072b3e355e4541af69429c8885c7c9ec94139a663a6ae","0","UNKNOWN","UNKNOWN","UNKNOWN","414368","0","503871","0","S64_PRP_65536","545a5cd984ca9c7c5fbc412a73deb6c5a07c68aea4b7665911c62f9890db3f27","0","0","0","430f77e57e47e8dbb5b457e8a24ea0688759ad26c02308e3737d6baca776dfce","primeforge.benchmark.raw.v1","0","2026-08-03T20:10:22Z","62748400","True","0","auto","measure","3","10","100"
"primeforge.cuda.base2-strong-prp-u64.v1","16384","71917beff6cecfd382879bdbba5364d484a2c2b78b49daea459764c5531ed455","64","65536","0","d06baafa3ea11cc6ce41949dd637f82a01cd5eb9","MSVC-195136252","C++23_RELEASE_TARGET","0","UNKNOWN","13.3.73","202880","9f31b60ef8310ea1b13072b3e355e4541af69429c8885c7c9ec94139a663a6ae","0","UNKNOWN","UNKNOWN","UNKNOWN","156832","0","178592","0","S64_PRP_65536","545a5cd984ca9c7c5fbc412a73deb6c5a07c68aea4b7665911c62f9890db3f27","0","0","0","430f77e57e47e8dbb5b457e8a24ea0688759ad26c02308e3737d6baca776dfce","primeforge.benchmark.raw.v1","0","2026-08-03T20:10:23Z","652900","True","0","cuda","measure","3","11","101"
"primeforge.auto.cpu-cuda.base2-strong-prp-u64.v1[min=512]","64","71917beff6cecfd382879bdbba5364d484a2c2b78b49daea459764c5531ed455","64","65536","0","d06baafa3ea11cc6ce41949dd637f82a01cd5eb9","MSVC-195136252","C++23_RELEASE_TARGET","0","UNKNOWN","NOT_USED","0","9f31b60ef8310ea1b13072b3e355e4541af69429c8885c7c9ec94139a663a6ae","0","UNKNOWN","UNKNOWN","UNKNOWN","0","0","0","0","S64_PRP_65536","545a5cd984ca9c7c5fbc412a73deb6c5a07c68aea4b7665911c62f9890db3f27","0","12012600","0","430f77e57e47e8dbb5b457e8a24ea0688759ad26c02308e3737d6baca776dfce","primeforge.benchmark.raw.v1","0","2026-08-03T20:10:24Z","12038600","True","0","auto","measure","3","12","102"
"primeforge.cuda.base2-strong-prp-u64.v1","512","71917beff6cecfd382879bdbba5364d484a2c2b78b49daea459764c5531ed455","64","65536","0","d06baafa3ea11cc6ce41949dd637f82a01cd5eb9","MSVC-195136252","C++23_RELEASE_TARGET","0","UNKNOWN","13.3.73","6435936","9f31b60ef8310ea1b13072b3e355e4541af69429c8885c7c9ec94139a663a6ae","0","UNKNOWN","UNKNOWN","UNKNOWN","4625406","0","3210105","0","S64_PRP_65536","545a5cd984ca9c7c5fbc412a73deb6c5a07c68aea4b7665911c62f9890db3f27","0","0","0","430f77e57e47e8dbb5b457e8a24ea0688759ad26c02308e3737d6baca776dfce","primeforge.benchmark.raw.v1","0","2026-08-03T20:10:26Z","15142800","True","0","cuda","measure","3","13","103"
"primeforge.auto.cpu-cuda.base2-strong-prp-u64.v1[min=512]","1024","71917beff6cecfd382879bdbba5364d484a2c2b78b49daea459764c5531ed455","64","65536","0","d06baafa3ea11cc6ce41949dd637f82a01cd5eb9","MSVC-195136252","C++23_RELEASE_TARGET","0","UNKNOWN","13.3.73","3582909","9f31b60ef8310ea1b13072b3e355e4541af69429c8885c7c9ec94139a663a6ae","0","UNKNOWN","UNKNOWN","UNKNOWN","2073536","0","2369149","0","S64_PRP_65536","545a5cd984ca9c7c5fbc412a73deb6c5a07c68aea4b7665911c62f9890db3f27","0","0","0","430f77e57e47e8dbb5b457e8a24ea0688759ad26c02308e3737d6baca776dfce","primeforge.benchmark.raw.v1","0","2026-08-03T20:10:27Z","70549300","True","0","auto","measure","3","14","104"
"primeforge.auto.cpu-cuda.base2-strong-prp-u64.v1[min=512]","8192","71917beff6cecfd382879bdbba5364d484a2c2b78b49daea459764c5531ed455","64","65536","0","d06baafa3ea11cc6ce41949dd637f82a01cd5eb9","MSVC-195136252","C++23_RELEASE_TARGET","0","UNKNOWN","13.3.73","443040","9f31b60ef8310ea1b13072b3e355e4541af69429c8885c7c9ec94139a663a6ae","0","UNKNOWN","UNKNOWN","UNKNOWN","223264","0","245408","0","S64_PRP_65536","545a5cd984ca9c7c5fbc412a73deb6c5a07c68aea4b7665911c62f9890db3f27","0","0","0","430f77e57e47e8dbb5b457e8a24ea0688759ad26c02308e3737d6baca776dfce","primeforge.benchmark.raw.v1","0","2026-08-03T20:10:28Z","64359300","True","0","auto","measure","3","15","105"
"primeforge.auto.cpu-cuda.base2-strong-prp-u64.v1[min=512]","2048","71917beff6cecfd382879bdbba5364d484a2c2b78b49daea459764c5531ed455","64","65536","0","d06baafa3ea11cc6ce41949dd637f82a01cd5eb9","MSVC-195136252","C++23_RELEASE_TARGET","0","UNKNOWN","13.3.73","1566400","9f31b60ef8310ea1b13072b3e355e4541af69429c8885c7c9ec94139a663a6ae","0","UNKNOWN","UNKNOWN","UNKNOWN","1023424","0","781759","0","S64_PRP_65536","545a5cd984ca9c7c5fbc412a73deb6c5a07c68aea4b7665911c62f9890db3f27","0","0","0","430f77e57e47e8dbb5b457e8a24ea0688759ad26c02308e3737d6baca776dfce","primeforge.benchmark.raw.v1","0","2026-08-03T20:10:29Z","64107300","True","0","auto","measure","3","16","106"
"primeforge.auto.cpu-cuda.base2-strong-prp-u64.v1[min=512]","16384","71917beff6cecfd382879bdbba5364d484a2c2b78b49daea459764c5531ed455","64","65536","0","d06baafa3ea11cc6ce41949dd637f82a01cd5eb9","MSVC-195136252","C++23_RELEASE_TARGET","0","UNKNOWN","13.3.73","204480","9f31b60ef8310ea1b13072b3e355e4541af69429c8885c7c9ec94139a663a6ae","0","UNKNOWN","UNKNOWN","UNKNOWN","165376","0","399296","0","S64_PRP_65536","545a5cd984ca9c7c5fbc412a73deb6c5a07c68aea4b7665911c62f9890db3f27","0","0","0","430f77e57e47e8dbb5b457e8a24ea0688759ad26c02308e3737d6baca776dfce","primeforge.benchmark.raw.v1","0","2026-08-03T20:10:30Z","62302600","True","0","auto","measure","3","17","107"
"primeforge.cuda.base2-strong-prp-u64.v1","4096","71917beff6cecfd382879bdbba5364d484a2c2b78b49daea459764c5531ed455","64","65536","0","d06baafa3ea11cc6ce41949dd637f82a01cd5eb9","MSVC-195136252","C++23_RELEASE_TARGET","0","UNKNOWN","13.3.73","734464","9f31b60ef8310ea1b13072b3e355e4541af69429c8885c7c9ec94139a663a6ae","0","UNKNOWN","UNKNOWN","UNKNOWN","614432","0","731743","0","S64_PRP_65536","545a5cd984ca9c7c5fbc412a73deb6c5a07c68aea4b7665911c62f9890db3f27","0","0","0","430f77e57e47e8dbb5b457e8a24ea0688759ad26c02308e3737d6baca776dfce","primeforge.benchmark.raw.v1","0","2026-08-03T20:10:31Z","2238700","True","0","cuda","measure","3","18","108"
"primeforge.cuda.base2-strong-prp-u64.v1","2048","71917beff6cecfd382879bdbba5364d484a2c2b78b49daea459764c5531ed455","64","65536","0","d06baafa3ea11cc6ce41949dd637f82a01cd5eb9","MSVC-195136252","C++23_RELEASE_TARGET","0","UNKNOWN","13.3.73","1320383","9f31b60ef8310ea1b13072b3e355e4541af69429c8885c7c9ec94139a663a6ae","0","UNKNOWN","UNKNOWN","UNKNOWN","743456","0","690816","0","S64_PRP_65536","545a5cd984ca9c7c5fbc412a73deb6c5a07c68aea4b7665911c62f9890db3f27","0","0","0","430f77e57e47e8dbb5b457e8a24ea0688759ad26c02308e3737d6baca776dfce","primeforge.benchmark.raw.v1","0","2026-08-03T20:10:32Z","3058200","True","0","cuda","measure","3","19","109"
"primeforge.cpu.base2-strong-prp-u64.v1","64","71917beff6cecfd382879bdbba5364d484a2c2b78b49daea459764c5531ed455","64","65536","0","d06baafa3ea11cc6ce41949dd637f82a01cd5eb9","MSVC-195136252","C++23_RELEASE_TARGET","0","UNKNOWN","NOT_USED","0","9f31b60ef8310ea1b13072b3e355e4541af69429c8885c7c9ec94139a663a6ae","0","UNKNOWN","UNKNOWN","UNKNOWN","0","0","0","0","S64_PRP_65536","545a5cd984ca9c7c5fbc412a73deb6c5a07c68aea4b7665911c62f9890db3f27","0","11502800","0","430f77e57e47e8dbb5b457e8a24ea0688759ad26c02308e3737d6baca776dfce","primeforge.benchmark.raw.v1","0","2026-08-03T20:10:33Z","11527200","True","0","cpu","measure","3","20","110"
"primeforge.auto.cpu-cuda.base2-strong-prp-u64.v1[min=512]","512","71917beff6cecfd382879bdbba5364d484a2c2b78b49daea459764c5531ed455","64","65536","0","d06baafa3ea11cc6ce41949dd637f82a01cd5eb9","MSVC-195136252","C++23_RELEASE_TARGET","0","UNKNOWN","13.3.73","6739773","9f31b60ef8310ea1b13072b3e355e4541af69429c8885c7c9ec94139a663a6ae","0","UNKNOWN","UNKNOWN","UNKNOWN","4526781","0","3788221","0","S64_PRP_65536","545a5cd984ca9c7c5fbc412a73deb6c5a07c68aea4b7665911c62f9890db3f27","0","0","0","430f77e57e47e8dbb5b457e8a24ea0688759ad26c02308e3737d6baca776dfce","primeforge.benchmark.raw.v1","0","2026-08-03T20:10:34Z","82625200","True","0","auto","measure","3","21","111"
"primeforge.auto.cpu-cuda.base2-strong-prp-u64.v1[min=512]","128","71917beff6cecfd382879bdbba5364d484a2c2b78b49daea459764c5531ed455","64","65536","0","d06baafa3ea11cc6ce41949dd637f82a01cd5eb9","MSVC-195136252","C++23_RELEASE_TARGET","0","UNKNOWN","NOT_USED","0","9f31b60ef8310ea1b13072b3e355e4541af69429c8885c7c9ec94139a663a6ae","0","UNKNOWN","UNKNOWN","UNKNOWN","0","0","0","0","S64_PRP_65536","545a5cd984ca9c7c5fbc412a73deb6c5a07c68aea4b7665911c62f9890db3f27","0","11955400","0","430f77e57e47e8dbb5b457e8a24ea0688759ad26c02308e3737d6baca776dfce","primeforge.benchmark.raw.v1","0","2026-08-03T20:10:35Z","11969700","True","0","auto","measure","3","22","112"
"primeforge.auto.cpu-cuda.base2-strong-prp-u64.v1[min=512]","32","71917beff6cecfd382879bdbba5364d484a2c2b78b49daea459764c5531ed455","64","65536","0","d06baafa3ea11cc6ce41949dd637f82a01cd5eb9","MSVC-195136252","C++23_RELEASE_TARGET","0","UNKNOWN","NOT_USED","0","9f31b60ef8310ea1b13072b3e355e4541af69429c8885c7c9ec94139a663a6ae","0","UNKNOWN","UNKNOWN","UNKNOWN","0","0","0","0","S64_PRP_65536","545a5cd984ca9c7c5fbc412a73deb6c5a07c68aea4b7665911c62f9890db3f27","0","11793900","0","430f77e57e47e8dbb5b457e8a24ea0688759ad26c02308e3737d6baca776dfce","primeforge.benchmark.raw.v1","0","2026-08-03T20:10:36Z","11849000","True","0","auto","measure","3","23","113"
"primeforge.cuda.base2-strong-prp-u64.v1","64","71917beff6cecfd382879bdbba5364d484a2c2b78b49daea459764c5531ed455","64","65536","0","d06baafa3ea11cc6ce41949dd637f82a01cd5eb9","MSVC-195136252","C++23_RELEASE_TARGET","0","UNKNOWN","13.3.73","50174543","9f31b60ef8310ea1b13072b3e355e4541af69429c8885c7c9ec94139a663a6ae","0","UNKNOWN","UNKNOWN","UNKNOWN","35714546","0","19507065","0","S64_PRP_65536","545a5cd984ca9c7c5fbc412a73deb6c5a07c68aea4b7665911c62f9890db3f27","0","0","0","430f77e57e47e8dbb5b457e8a24ea0688759ad26c02308e3737d6baca776dfce","primeforge.benchmark.raw.v1","0","2026-08-03T20:10:37Z","111944200","True","0","cuda","measure","3","24","114"
"primeforge.cpu.base2-strong-prp-u64.v1","128","71917beff6cecfd382879bdbba5364d484a2c2b78b49daea459764c5531ed455","64","65536","0","d06baafa3ea11cc6ce41949dd637f82a01cd5eb9","MSVC-195136252","C++23_RELEASE_TARGET","0","UNKNOWN","NOT_USED","0","9f31b60ef8310ea1b13072b3e355e4541af69429c8885c7c9ec94139a663a6ae","0","UNKNOWN","UNKNOWN","UNKNOWN","0","0","0","0","S64_PRP_65536","545a5cd984ca9c7c5fbc412a73deb6c5a07c68aea4b7665911c62f9890db3f27","0","11766300","0","430f77e57e47e8dbb5b457e8a24ea0688759ad26c02308e3737d6baca776dfce","primeforge.benchmark.raw.v1","0","2026-08-03T20:10:38Z","11778700","True","0","cpu","measure","3","25","115"
"primeforge.cuda.base2-strong-prp-u64.v1","128","71917beff6cecfd382879bdbba5364d484a2c2b78b49daea459764c5531ed455","64","65536","0","d06baafa3ea11cc6ce41949dd637f82a01cd5eb9","MSVC-195136252","C++23_RELEASE_TARGET","0","UNKNOWN","13.3.73","22480087","9f31b60ef8310ea1b13072b3e355e4541af69429c8885c7c9ec94139a663a6ae","0","UNKNOWN","UNKNOWN","UNKNOWN","15180189","0","10030937","0","S64_PRP_65536","545a5cd984ca9c7c5fbc412a73deb6c5a07c68aea4b7665911c62f9890db3f27","0","0","0","430f77e57e47e8dbb5b457e8a24ea0688759ad26c02308e3737d6baca776dfce","primeforge.benchmark.raw.v1","0","2026-08-03T20:10:39Z","51031900","True","0","cuda","measure","3","26","116"
"primeforge.cpu.base2-strong-prp-u64.v1","16384","71917beff6cecfd382879bdbba5364d484a2c2b78b49daea459764c5531ed455","64","65536","0","d06baafa3ea11cc6ce41949dd637f82a01cd5eb9","MSVC-195136252","C++23_RELEASE_TARGET","0","UNKNOWN","NOT_USED","0","9f31b60ef8310ea1b13072b3e355e4541af69429c8885c7c9ec94139a663a6ae","0","UNKNOWN","UNKNOWN","UNKNOWN","0","0","0","0","S64_PRP_65536","545a5cd984ca9c7c5fbc412a73deb6c5a07c68aea4b7665911c62f9890db3f27","0","6319100","0","430f77e57e47e8dbb5b457e8a24ea0688759ad26c02308e3737d6baca776dfce","primeforge.benchmark.raw.v1","0","2026-08-03T20:10:40Z","6320200","True","0","cpu","measure","3","27","117"
"primeforge.cpu.base2-strong-prp-u64.v1","1024","71917beff6cecfd382879bdbba5364d484a2c2b78b49daea459764c5531ed455","64","65536","0","d06baafa3ea11cc6ce41949dd637f82a01cd5eb9","MSVC-195136252","C++23_RELEASE_TARGET","0","UNKNOWN","NOT_USED","0","9f31b60ef8310ea1b13072b3e355e4541af69429c8885c7c9ec94139a663a6ae","0","UNKNOWN","UNKNOWN","UNKNOWN","0","0","0","0","S64_PRP_65536","545a5cd984ca9c7c5fbc412a73deb6c5a07c68aea4b7665911c62f9890db3f27","0","15292900","0","430f77e57e47e8dbb5b457e8a24ea0688759ad26c02308e3737d6baca776dfce","primeforge.benchmark.raw.v1","0","2026-08-03T20:10:41Z","15301200","True","0","cpu","measure","3","28","118"
"primeforge.cpu.base2-strong-prp-u64.v1","32","71917beff6cecfd382879bdbba5364d484a2c2b78b49daea459764c5531ed455","64","65536","0","d06baafa3ea11cc6ce41949dd637f82a01cd5eb9","MSVC-195136252","C++23_RELEASE_TARGET","0","UNKNOWN","NOT_USED","0","9f31b60ef8310ea1b13072b3e355e4541af69429c8885c7c9ec94139a663a6ae","0","UNKNOWN","UNKNOWN","UNKNOWN","0","0","0","0","S64_PRP_65536","545a5cd984ca9c7c5fbc412a73deb6c5a07c68aea4b7665911c62f9890db3f27","0","11579800","0","430f77e57e47e8dbb5b457e8a24ea0688759ad26c02308e3737d6baca776dfce","primeforge.benchmark.raw.v1","0","2026-08-03T20:10:42Z","11623200","True","0","cpu","measure","3","29","119"
"primeforge.cuda.base2-strong-prp-u64.v1","256","71917beff6cecfd382879bdbba5364d484a2c2b78b49daea459764c5531ed455","64","65536","0","d06baafa3ea11cc6ce41949dd637f82a01cd5eb9","MSVC-195136252","C++23_RELEASE_TARGET","0","UNKNOWN","13.3.73","11725695","9f31b60ef8310ea1b13072b3e355e4541af69429c8885c7c9ec94139a663a6ae","0","UNKNOWN","UNKNOWN","UNKNOWN","7498806","0","5828442","0","S64_PRP_65536","545a5cd984ca9c7c5fbc412a73deb6c5a07c68aea4b7665911c62f9890db3f27","0","0","0","430f77e57e47e8dbb5b457e8a24ea0688759ad26c02308e3737d6baca776dfce","primeforge.benchmark.raw.v1","0","2026-08-03T20:10:43Z","26759900","True","0","cuda","measure","3","30","120"
"primeforge.cuda.base2-strong-prp-u64.v1","1024","71917beff6cecfd382879bdbba5364d484a2c2b78b49daea459764c5531ed455","64","65536","0","d06baafa3ea11cc6ce41949dd637f82a01cd5eb9","MSVC-195136252","C++23_RELEASE_TARGET","0","UNKNOWN","13.3.73","3110430","9f31b60ef8310ea1b13072b3e355e4541af69429c8885c7c9ec94139a663a6ae","0","UNKNOWN","UNKNOWN","UNKNOWN","2122495","0","1397439","0","S64_PRP_65536","545a5cd984ca9c7c5fbc412a73deb6c5a07c68aea4b7665911c62f9890db3f27","0","0","0","430f77e57e47e8dbb5b457e8a24ea0688759ad26c02308e3737d6baca776dfce","primeforge.benchmark.raw.v1","0","2026-08-03T20:10:44Z","7117600","True","0","cuda","measure","4","1","121"
"primeforge.cpu.base2-strong-prp-u64.v1","32","71917beff6cecfd382879bdbba5364d484a2c2b78b49daea459764c5531ed455","64","65536","0","d06baafa3ea11cc6ce41949dd637f82a01cd5eb9","MSVC-195136252","C++23_RELEASE_TARGET","0","UNKNOWN","NOT_USED","0","9f31b60ef8310ea1b13072b3e355e4541af69429c8885c7c9ec94139a663a6ae","0","UNKNOWN","UNKNOWN","UNKNOWN","0","0","0","0","S64_PRP_65536","545a5cd984ca9c7c5fbc412a73deb6c5a07c68aea4b7665911c62f9890db3f27","0","12002800","0","430f77e57e47e8dbb5b457e8a24ea0688759ad26c02308e3737d6baca776dfce","primeforge.benchmark.raw.v1","0","2026-08-03T20:10:45Z","12048100","True","0","cpu","measure","4","2","122"
"primeforge.auto.cpu-cuda.base2-strong-prp-u64.v1[min=512]","2048","71917beff6cecfd382879bdbba5364d484a2c2b78b49daea459764c5531ed455","64","65536","0","d06baafa3ea11cc6ce41949dd637f82a01cd5eb9","MSVC-195136252","C++23_RELEASE_TARGET","0","UNKNOWN","13.3.73","1635680","9f31b60ef8310ea1b13072b3e355e4541af69429c8885c7c9ec94139a663a6ae","0","UNKNOWN","UNKNOWN","UNKNOWN","1124286","0","782144","0","S64_PRP_65536","545a5cd984ca9c7c5fbc412a73deb6c5a07c68aea4b7665911c62f9890db3f27","0","0","0","430f77e57e47e8dbb5b457e8a24ea0688759ad26c02308e3737d6baca776dfce","primeforge.benchmark.raw.v1","0","2026-08-03T20:10:46Z","67466400","True","0","auto","measure","4","3","123"
"primeforge.cuda.base2-strong-prp-u64.v1","256","71917beff6cecfd382879bdbba5364d484a2c2b78b49daea459764c5531ed455","64","65536","0","d06baafa3ea11cc6ce41949dd637f82a01cd5eb9","MSVC-195136252","C++23_RELEASE_TARGET","0","UNKNOWN","13.3.73","12587934","9f31b60ef8310ea1b13072b3e355e4541af69429c8885c7c9ec94139a663a6ae","0","UNKNOWN","UNKNOWN","UNKNOWN","7777660","0","6258040","0","S64_PRP_65536","545a5cd984ca9c7c5fbc412a73deb6c5a07c68aea4b7665911c62f9890db3f27","0","0","0","430f77e57e47e8dbb5b457e8a24ea0688759ad26c02308e3737d6baca776dfce","primeforge.benchmark.raw.v1","0","2026-08-03T20:10:47Z","28406200","True","0","cuda","measure","4","4","124"
"primeforge.auto.cpu-cuda.base2-strong-prp-u64.v1[min=512]","64","71917beff6cecfd382879bdbba5364d484a2c2b78b49daea459764c5531ed455","64","65536","0","d06baafa3ea11cc6ce41949dd637f82a01cd5eb9","MSVC-195136252","C++23_RELEASE_TARGET","0","UNKNOWN","NOT_USED","0","9f31b60ef8310ea1b13072b3e355e4541af69429c8885c7c9ec94139a663a6ae","0","UNKNOWN","UNKNOWN","UNKNOWN","0","0","0","0","S64_PRP_65536","545a5cd984ca9c7c5fbc412a73deb6c5a07c68aea4b7665911c62f9890db3f27","0","11819600","0","430f77e57e47e8dbb5b457e8a24ea0688759ad26c02308e3737d6baca776dfce","primeforge.benchmark.raw.v1","0","2026-08-03T20:10:48Z","11846800","True","0","auto","measure","4","5","125"
"primeforge.cuda.base2-strong-prp-u64.v1","512","71917beff6cecfd382879bdbba5364d484a2c2b78b49daea459764c5531ed455","64","65536","0","d06baafa3ea11cc6ce41949dd637f82a01cd5eb9","MSVC-195136252","C++23_RELEASE_TARGET","0","UNKNOWN","13.3.73","6237566","9f31b60ef8310ea1b13072b3e355e4541af69429c8885c7c9ec94139a663a6ae","0","UNKNOWN","UNKNOWN","UNKNOWN","4025181","0","3070108","0","S64_PRP_65536","545a5cd984ca9c7c5fbc412a73deb6c5a07c68aea4b7665911c62f9890db3f27","0","0","0","430f77e57e47e8dbb5b457e8a24ea0688759ad26c02308e3737d6baca776dfce","primeforge.benchmark.raw.v1","0","2026-08-03T20:10:49Z","14241400","True","0","cuda","measure","4","6","126"
"primeforge.cpu.base2-strong-prp-u64.v1","64","71917beff6cecfd382879bdbba5364d484a2c2b78b49daea459764c5531ed455","64","65536","0","d06baafa3ea11cc6ce41949dd637f82a01cd5eb9","MSVC-195136252","C++23_RELEASE_TARGET","0","UNKNOWN","NOT_USED","0","9f31b60ef8310ea1b13072b3e355e4541af69429c8885c7c9ec94139a663a6ae","0","UNKNOWN","UNKNOWN","UNKNOWN","0","0","0","0","S64_PRP_65536","545a5cd984ca9c7c5fbc412a73deb6c5a07c68aea4b7665911c62f9890db3f27","0","11927700","0","430f77e57e47e8dbb5b457e8a24ea0688759ad26c02308e3737d6baca776dfce","primeforge.benchmark.raw.v1","0","2026-08-03T20:10:50Z","11951000","True","0","cpu","measure","4","7","127"
"primeforge.auto.cpu-cuda.base2-strong-prp-u64.v1[min=512]","16384","71917beff6cecfd382879bdbba5364d484a2c2b78b49daea459764c5531ed455","64","65536","0","d06baafa3ea11cc6ce41949dd637f82a01cd5eb9","MSVC-195136252","C++23_RELEASE_TARGET","0","UNKNOWN","13.3.73","243456","9f31b60ef8310ea1b13072b3e355e4541af69429c8885c7c9ec94139a663a6ae","0","UNKNOWN","UNKNOWN","UNKNOWN","129472","0","251456","0","S64_PRP_65536","545a5cd984ca9c7c5fbc412a73deb6c5a07c68aea4b7665911c62f9890db3f27","0","0","0","430f77e57e47e8dbb5b457e8a24ea0688759ad26c02308e3737d6baca776dfce","primeforge.benchmark.raw.v1","0","2026-08-03T20:10:51Z","59563300","True","0","auto","measure","4","8","128"
"primeforge.cpu.base2-strong-prp-u64.v1","16384","71917beff6cecfd382879bdbba5364d484a2c2b78b49daea459764c5531ed455","64","65536","0","d06baafa3ea11cc6ce41949dd637f82a01cd5eb9","MSVC-195136252","C++23_RELEASE_TARGET","0","UNKNOWN","NOT_USED","0","9f31b60ef8310ea1b13072b3e355e4541af69429c8885c7c9ec94139a663a6ae","0","UNKNOWN","UNKNOWN","UNKNOWN","0","0","0","0","S64_PRP_65536","545a5cd984ca9c7c5fbc412a73deb6c5a07c68aea4b7665911c62f9890db3f27","0","6211000","0","430f77e57e47e8dbb5b457e8a24ea0688759ad26c02308e3737d6baca776dfce","primeforge.benchmark.raw.v1","0","2026-08-03T20:10:52Z","6212100","True","0","cpu","measure","4","9","129"
"primeforge.cuda.base2-strong-prp-u64.v1","32","71917beff6cecfd382879bdbba5364d484a2c2b78b49daea459764c5531ed455","64","65536","0","d06baafa3ea11cc6ce41949dd637f82a01cd5eb9","MSVC-195136252","C++23_RELEASE_TARGET","0","UNKNOWN","13.3.73","101388416","9f31b60ef8310ea1b13072b3e355e4541af69429c8885c7c9ec94139a663a6ae","0","UNKNOWN","UNKNOWN","UNKNOWN","69297896","0","41541467","0","S64_PRP_65536","545a5cd984ca9c7c5fbc412a73deb6c5a07c68aea4b7665911c62f9890db3f27","0","0","0","430f77e57e47e8dbb5b457e8a24ea0688759ad26c02308e3737d6baca776dfce","primeforge.benchmark.raw.v1","0","2026-08-03T20:10:53Z","225719200","True","0","cuda","measure","4","10","130"
"primeforge.cuda.base2-strong-prp-u64.v1","4096","71917beff6cecfd382879bdbba5364d484a2c2b78b49daea459764c5531ed455","64","65536","0","d06baafa3ea11cc6ce41949dd637f82a01cd5eb9","MSVC-195136252","C++23_RELEASE_TARGET","0","UNKNOWN","13.3.73","752512","9f31b60ef8310ea1b13072b3e355e4541af69429c8885c7c9ec94139a663a6ae","0","UNKNOWN","UNKNOWN","UNKNOWN","489471","0","373696","0","S64_PRP_65536","545a5cd984ca9c7c5fbc412a73deb6c5a07c68aea4b7665911c62f9890db3f27","0","0","0","430f77e57e47e8dbb5b457e8a24ea0688759ad26c02308e3737d6baca776dfce","primeforge.benchmark.raw.v1","0","2026-08-03T20:10:54Z","1803000","True","0","cuda","measure","4","11","131"
"primeforge.cuda.base2-strong-prp-u64.v1","8192","71917beff6cecfd382879bdbba5364d484a2c2b78b49daea459764c5531ed455","64","65536","0","d06baafa3ea11cc6ce41949dd637f82a01cd5eb9","MSVC-195136252","C++23_RELEASE_TARGET","0","UNKNOWN","13.3.73","327712","9f31b60ef8310ea1b13072b3e355e4541af69429c8885c7c9ec94139a663a6ae","0","UNKNOWN","UNKNOWN","UNKNOWN","266624","0","280704","0","S64_PRP_65536","545a5cd984ca9c7c5fbc412a73deb6c5a07c68aea4b7665911c62f9890db3f27","0","0","0","430f77e57e47e8dbb5b457e8a24ea0688759ad26c02308e3737d6baca776dfce","primeforge.benchmark.raw.v1","0","2026-08-03T20:10:55Z","976900","True","0","cuda","measure","4","12","132"
"primeforge.cuda.base2-strong-prp-u64.v1","64","71917beff6cecfd382879bdbba5364d484a2c2b78b49daea459764c5531ed455","64","65536","0","d06baafa3ea11cc6ce41949dd637f82a01cd5eb9","MSVC-195136252","C++23_RELEASE_TARGET","0","UNKNOWN","13.3.73","49901524","9f31b60ef8310ea1b13072b3e355e4541af69429c8885c7c9ec94139a663a6ae","0","UNKNOWN","UNKNOWN","UNKNOWN","34978260","0","20383827","0","S64_PRP_65536","545a5cd984ca9c7c5fbc412a73deb6c5a07c68aea4b7665911c62f9890db3f27","0","0","0","430f77e57e47e8dbb5b457e8a24ea0688759ad26c02308e3737d6baca776dfce","primeforge.benchmark.raw.v1","0","2026-08-03T20:10:56Z","112145300","True","0","cuda","measure","4","13","133"
"primeforge.auto.cpu-cuda.base2-strong-prp-u64.v1[min=512]","128","71917beff6cecfd382879bdbba5364d484a2c2b78b49daea459764c5531ed455","64","65536","0","d06baafa3ea11cc6ce41949dd637f82a01cd5eb9","MSVC-195136252","C++23_RELEASE_TARGET","0","UNKNOWN","NOT_USED","0","9f31b60ef8310ea1b13072b3e355e4541af69429c8885c7c9ec94139a663a6ae","0","UNKNOWN","UNKNOWN","UNKNOWN","0","0","0","0","S64_PRP_65536","545a5cd984ca9c7c5fbc412a73deb6c5a07c68aea4b7665911c62f9890db3f27","0","11533800","0","430f77e57e47e8dbb5b457e8a24ea0688759ad26c02308e3737d6baca776dfce","primeforge.benchmark.raw.v1","0","2026-08-03T20:10:57Z","11549700","True","0","auto","measure","4","14","134"
"primeforge.cpu.base2-strong-prp-u64.v1","8192","71917beff6cecfd382879bdbba5364d484a2c2b78b49daea459764c5531ed455","64","65536","0","d06baafa3ea11cc6ce41949dd637f82a01cd5eb9","MSVC-195136252","C++23_RELEASE_TARGET","0","UNKNOWN","NOT_USED","0","9f31b60ef8310ea1b13072b3e355e4541af69429c8885c7c9ec94139a663a6ae","0","UNKNOWN","UNKNOWN","UNKNOWN","0","0","0","0","S64_PRP_65536","545a5cd984ca9c7c5fbc412a73deb6c5a07c68aea4b7665911c62f9890db3f27","0","10550900","0","430f77e57e47e8dbb5b457e8a24ea0688759ad26c02308e3737d6baca776dfce","primeforge.benchmark.raw.v1","0","2026-08-03T20:10:58Z","10552600","True","0","cpu","measure","4","15","135"
"primeforge.cuda.base2-strong-prp-u64.v1","128","71917beff6cecfd382879bdbba5364d484a2c2b78b49daea459764c5531ed455","64","65536","0","d06baafa3ea11cc6ce41949dd637f82a01cd5eb9","MSVC-195136252","C++23_RELEASE_TARGET","0","UNKNOWN","13.3.73","25362585","9f31b60ef8310ea1b13072b3e355e4541af69429c8885c7c9ec94139a663a6ae","0","UNKNOWN","UNKNOWN","UNKNOWN","16916561","0","10793716","0","S64_PRP_65536","545a5cd984ca9c7c5fbc412a73deb6c5a07c68aea4b7665911c62f9890db3f27","0","0","0","430f77e57e47e8dbb5b457e8a24ea0688759ad26c02308e3737d6baca776dfce","primeforge.benchmark.raw.v1","0","2026-08-03T20:10:59Z","56341900","True","0","cuda","measure","4","16","136"
"primeforge.cpu.base2-strong-prp-u64.v1","2048","71917beff6cecfd382879bdbba5364d484a2c2b78b49daea459764c5531ed455","64","65536","0","d06baafa3ea11cc6ce41949dd637f82a01cd5eb9","MSVC-195136252","C++23_RELEASE_TARGET","0","UNKNOWN","NOT_USED","0","9f31b60ef8310ea1b13072b3e355e4541af69429c8885c7c9ec94139a663a6ae","0","UNKNOWN","UNKNOWN","UNKNOWN","0","0","0","0","S64_PRP_65536","545a5cd984ca9c7c5fbc412a73deb6c5a07c68aea4b7665911c62f9890db3f27","0","13932600","0","430f77e57e47e8dbb5b457e8a24ea0688759ad26c02308e3737d6baca776dfce","primeforge.benchmark.raw.v1","0","2026-08-03T20:11:00Z","13938800","True","0","cpu","measure","4","17","137"
"primeforge.auto.cpu-cuda.base2-strong-prp-u64.v1[min=512]","4096","71917beff6cecfd382879bdbba5364d484a2c2b78b49daea459764c5531ed455","64","65536","0","d06baafa3ea11cc6ce41949dd637f82a01cd5eb9","MSVC-195136252","C++23_RELEASE_TARGET","0","UNKNOWN","13.3.73","755263","9f31b60ef8310ea1b13072b3e355e4541af69429c8885c7c9ec94139a663a6ae","0","UNKNOWN","UNKNOWN","UNKNOWN","519232","0","418592","0","S64_PRP_65536","545a5cd984ca9c7c5fbc412a73deb6c5a07c68aea4b7665911c62f9890db3f27","0","0","0","430f77e57e47e8dbb5b457e8a24ea0688759ad26c02308e3737d6baca776dfce","primeforge.benchmark.raw.v1","0","2026-08-03T20:11:01Z","64278900","True","0","auto","measure","4","18","138"
"primeforge.auto.cpu-cuda.base2-strong-prp-u64.v1[min=512]","8192","71917beff6cecfd382879bdbba5364d484a2c2b78b49daea459764c5531ed455","64","65536","0","d06baafa3ea11cc6ce41949dd637f82a01cd5eb9","MSVC-195136252","C++23_RELEASE_TARGET","0","UNKNOWN","13.3.73","379520","9f31b60ef8310ea1b13072b3e355e4541af69429c8885c7c9ec94139a663a6ae","0","UNKNOWN","UNKNOWN","UNKNOWN","181023","0","291071","0","S64_PRP_65536","545a5cd984ca9c7c5fbc412a73deb6c5a07c68aea4b7665911c62f9890db3f27","0","0","0","430f77e57e47e8dbb5b457e8a24ea0688759ad26c02308e3737d6baca776dfce","primeforge.benchmark.raw.v1","0","2026-08-03T20:11:02Z","68280200","True","0","auto","measure","4","19","139"
"primeforge.cpu.base2-strong-prp-u64.v1","4096","71917beff6cecfd382879bdbba5364d484a2c2b78b49daea459764c5531ed455","64","65536","0","d06baafa3ea11cc6ce41949dd637f82a01cd5eb9","MSVC-195136252","C++23_RELEASE_TARGET","0","UNKNOWN","NOT_USED","0","9f31b60ef8310ea1b13072b3e355e4541af69429c8885c7c9ec94139a663a6ae","0","UNKNOWN","UNKNOWN","UNKNOWN","0","0","0","0","S64_PRP_65536","545a5cd984ca9c7c5fbc412a73deb6c5a07c68aea4b7665911c62f9890db3f27","0","12875700","0","430f77e57e47e8dbb5b457e8a24ea0688759ad26c02308e3737d6baca776dfce","primeforge.benchmark.raw.v1","0","2026-08-03T20:11:03Z","12878900","True","0","cpu","measure","4","20","140"
"primeforge.cpu.base2-strong-prp-u64.v1","1024","71917beff6cecfd382879bdbba5364d484a2c2b78b49daea459764c5531ed455","64","65536","0","d06baafa3ea11cc6ce41949dd637f82a01cd5eb9","MSVC-195136252","C++23_RELEASE_TARGET","0","UNKNOWN","NOT_USED","0","9f31b60ef8310ea1b13072b3e355e4541af69429c8885c7c9ec94139a663a6ae","0","UNKNOWN","UNKNOWN","UNKNOWN","0","0","0","0","S64_PRP_65536","545a5cd984ca9c7c5fbc412a73deb6c5a07c68aea4b7665911c62f9890db3f27","0","15858100","0","430f77e57e47e8dbb5b457e8a24ea0688759ad26c02308e3737d6baca776dfce","primeforge.benchmark.raw.v1","0","2026-08-03T20:11:04Z","15866000","True","0","cpu","measure","4","21","141"
"primeforge.auto.cpu-cuda.base2-strong-prp-u64.v1[min=512]","512","71917beff6cecfd382879bdbba5364d484a2c2b78b49daea459764c5531ed455","64","65536","0","d06baafa3ea11cc6ce41949dd637f82a01cd5eb9","MSVC-195136252","C++23_RELEASE_TARGET","0","UNKNOWN","13.3.73","6606172","9f31b60ef8310ea1b13072b3e355e4541af69429c8885c7c9ec94139a663a6ae","0","UNKNOWN","UNKNOWN","UNKNOWN","4856542","0","3012604","0","S64_PRP_65536","545a5cd984ca9c7c5fbc412a73deb6c5a07c68aea4b7665911c62f9890db3f27","0","0","0","430f77e57e47e8dbb5b457e8a24ea0688759ad26c02308e3737d6baca776dfce","primeforge.benchmark.raw.v1","0","2026-08-03T20:11:05Z","93765400","True","0","auto","measure","4","22","142"
"primeforge.auto.cpu-cuda.base2-strong-prp-u64.v1[min=512]","1024","71917beff6cecfd382879bdbba5364d484a2c2b78b49daea459764c5531ed455","64","65536","0","d06baafa3ea11cc6ce41949dd637f82a01cd5eb9","MSVC-195136252","C++23_RELEASE_TARGET","0","UNKNOWN","13.3.73","2919520","9f31b60ef8310ea1b13072b3e355e4541af69429c8885c7c9ec94139a663a6ae","0","UNKNOWN","UNKNOWN","UNKNOWN","2452031","0","1514366","0","S64_PRP_65536","545a5cd984ca9c7c5fbc412a73deb6c5a07c68aea4b7665911c62f9890db3f27","0","0","0","430f77e57e47e8dbb5b457e8a24ea0688759ad26c02308e3737d6baca776dfce","primeforge.benchmark.raw.v1","0","2026-08-03T20:11:06Z","71179400","True","0","auto","measure","4","23","143"
"primeforge.cpu.base2-strong-prp-u64.v1","256","71917beff6cecfd382879bdbba5364d484a2c2b78b49daea459764c5531ed455","64","65536","0","d06baafa3ea11cc6ce41949dd637f82a01cd5eb9","MSVC-195136252","C++23_RELEASE_TARGET","0","UNKNOWN","NOT_USED","0","9f31b60ef8310ea1b13072b3e355e4541af69429c8885c7c9ec94139a663a6ae","0","UNKNOWN","UNKNOWN","UNKNOWN","0","0","0","0","S64_PRP_65536","545a5cd984ca9c7c5fbc412a73deb6c5a07c68aea4b7665911c62f9890db3f27","0","11809400","0","430f77e57e47e8dbb5b457e8a24ea0688759ad26c02308e3737d6baca776dfce","primeforge.benchmark.raw.v1","0","2026-08-03T20:11:07Z","11815200","True","0","cpu","measure","4","24","144"
"primeforge.auto.cpu-cuda.base2-strong-prp-u64.v1[min=512]","32","71917beff6cecfd382879bdbba5364d484a2c2b78b49daea459764c5531ed455","64","65536","0","d06baafa3ea11cc6ce41949dd637f82a01cd5eb9","MSVC-195136252","C++23_RELEASE_TARGET","0","UNKNOWN","NOT_USED","0","9f31b60ef8310ea1b13072b3e355e4541af69429c8885c7c9ec94139a663a6ae","0","UNKNOWN","UNKNOWN","UNKNOWN","0","0","0","0","S64_PRP_65536","545a5cd984ca9c7c5fbc412a73deb6c5a07c68aea4b7665911c62f9890db3f27","0","11676100","0","430f77e57e47e8dbb5b457e8a24ea0688759ad26c02308e3737d6baca776dfce","primeforge.benchmark.raw.v1","0","2026-08-03T20:11:08Z","11729200","True","0","auto","measure","4","25","145"
"primeforge.cuda.base2-strong-prp-u64.v1","16384","71917beff6cecfd382879bdbba5364d484a2c2b78b49daea459764c5531ed455","64","65536","0","d06baafa3ea11cc6ce41949dd637f82a01cd5eb9","MSVC-195136252","C++23_RELEASE_TARGET","0","UNKNOWN","13.3.73","216512","9f31b60ef8310ea1b13072b3e355e4541af69429c8885c7c9ec94139a663a6ae","0","UNKNOWN","UNKNOWN","UNKNOWN","102848","0","280416","0","S64_PRP_65536","545a5cd984ca9c7c5fbc412a73deb6c5a07c68aea4b7665911c62f9890db3f27","0","0","0","430f77e57e47e8dbb5b457e8a24ea0688759ad26c02308e3737d6baca776dfce","primeforge.benchmark.raw.v1","0","2026-08-03T20:11:09Z","747100","True","0","cuda","measure","4","26","146"
"primeforge.cpu.base2-strong-prp-u64.v1","128","71917beff6cecfd382879bdbba5364d484a2c2b78b49daea459764c5531ed455","64","65536","0","d06baafa3ea11cc6ce41949dd637f82a01cd5eb9","MSVC-195136252","C++23_RELEASE_TARGET","0","UNKNOWN","NOT_USED","0","9f31b60ef8310ea1b13072b3e355e4541af69429c8885c7c9ec94139a663a6ae","0","UNKNOWN","UNKNOWN","UNKNOWN","0","0","0","0","S64_PRP_65536","545a5cd984ca9c7c5fbc412a73deb6c5a07c68aea4b7665911c62f9890db3f27","0","11696300","0","430f77e57e47e8dbb5b457e8a24ea0688759ad26c02308e3737d6baca776dfce","primeforge.benchmark.raw.v1","0","2026-08-03T20:11:10Z","11708900","True","0","cpu","measure","4","27","147"
"primeforge.cpu.base2-strong-prp-u64.v1","512","71917beff6cecfd382879bdbba5364d484a2c2b78b49daea459764c5531ed455","64","65536","0","d06baafa3ea11cc6ce41949dd637f82a01cd5eb9","MSVC-195136252","C++23_RELEASE_TARGET","0","UNKNOWN","NOT_USED","0","9f31b60ef8310ea1b13072b3e355e4541af69429c8885c7c9ec94139a663a6ae","0","UNKNOWN","UNKNOWN","UNKNOWN","0","0","0","0","S64_PRP_65536","545a5cd984ca9c7c5fbc412a73deb6c5a07c68aea4b7665911c62f9890db3f27","0","23058100","0","430f77e57e47e8dbb5b457e8a24ea0688759ad26c02308e3737d6baca776dfce","primeforge.benchmark.raw.v1","0","2026-08-03T20:11:11Z","23074900","True","0","cpu","measure","4","28","148"
"primeforge.auto.cpu-cuda.base2-strong-prp-u64.v1[min=512]","256","71917beff6cecfd382879bdbba5364d484a2c2b78b49daea459764c5531ed455","64","65536","0","d06baafa3ea11cc6ce41949dd637f82a01cd5eb9","MSVC-195136252","C++23_RELEASE_TARGET","0","UNKNOWN","NOT_USED","0","9f31b60ef8310ea1b13072b3e355e4541af69429c8885c7c9ec94139a663a6ae","0","UNKNOWN","UNKNOWN","UNKNOWN","0","0","0","0","S64_PRP_65536","545a5cd984ca9c7c5fbc412a73deb6c5a07c68aea4b7665911c62f9890db3f27","0","11586100","0","430f77e57e47e8dbb5b457e8a24ea0688759ad26c02308e3737d6baca776dfce","primeforge.benchmark.raw.v1","0","2026-08-03T20:11:12Z","11593200","True","0","auto","measure","4","29","149"
"primeforge.cuda.base2-strong-prp-u64.v1","2048","71917beff6cecfd382879bdbba5364d484a2c2b78b49daea459764c5531ed455","64","65536","0","d06baafa3ea11cc6ce41949dd637f82a01cd5eb9","MSVC-195136252","C++23_RELEASE_TARGET","0","UNKNOWN","13.3.73","1549792","9f31b60ef8310ea1b13072b3e355e4541af69429c8885c7c9ec94139a663a6ae","0","UNKNOWN","UNKNOWN","UNKNOWN","933791","0","831456","0","S64_PRP_65536","545a5cd984ca9c7c5fbc412a73deb6c5a07c68aea4b7665911c62f9890db3f27","0","0","0","430f77e57e47e8dbb5b457e8a24ea0688759ad26c02308e3737d6baca776dfce","primeforge.benchmark.raw.v1","0","2026-08-03T20:11:13Z","3674900","True","0","cuda","measure","4","30","150"
"primeforge.auto.cpu-cuda.base2-strong-prp-u64.v1[min=512]","8192","71917beff6cecfd382879bdbba5364d484a2c2b78b49daea459764c5531ed455","64","65536","0","d06baafa3ea11cc6ce41949dd637f82a01cd5eb9","MSVC-195136252","C++23_RELEASE_TARGET","0","UNKNOWN","13.3.73","436192","9f31b60ef8310ea1b13072b3e355e4541af69429c8885c7c9ec94139a663a6ae","0","UNKNOWN","UNKNOWN","UNKNOWN","291840","0","219200","0","S64_PRP_65536","545a5cd984ca9c7c5fbc412a73deb6c5a07c68aea4b7665911c62f9890db3f27","0","0","0","430f77e57e47e8dbb5b457e8a24ea0688759ad26c02308e3737d6baca776dfce","primeforge.benchmark.raw.v1","0","2026-08-03T20:11:14Z","72385100","True","0","auto","measure","5","1","151"
"primeforge.cuda.base2-strong-prp-u64.v1","512","71917beff6cecfd382879bdbba5364d484a2c2b78b49daea459764c5531ed455","64","65536","0","d06baafa3ea11cc6ce41949dd637f82a01cd5eb9","MSVC-195136252","C++23_RELEASE_TARGET","0","UNKNOWN","13.3.73","6624320","9f31b60ef8310ea1b13072b3e355e4541af69429c8885c7c9ec94139a663a6ae","0","UNKNOWN","UNKNOWN","UNKNOWN","4170335","0","3077982","0","S64_PRP_65536","545a5cd984ca9c7c5fbc412a73deb6c5a07c68aea4b7665911c62f9890db3f27","0","0","0","430f77e57e47e8dbb5b457e8a24ea0688759ad26c02308e3737d6baca776dfce","primeforge.benchmark.raw.v1","0","2026-08-03T20:11:15Z","14773000","True","0","cuda","measure","5","2","152"
"primeforge.auto.cpu-cuda.base2-strong-prp-u64.v1[min=512]","32","71917beff6cecfd382879bdbba5364d484a2c2b78b49daea459764c5531ed455","64","65536","0","d06baafa3ea11cc6ce41949dd637f82a01cd5eb9","MSVC-195136252","C++23_RELEASE_TARGET","0","UNKNOWN","NOT_USED","0","9f31b60ef8310ea1b13072b3e355e4541af69429c8885c7c9ec94139a663a6ae","0","UNKNOWN","UNKNOWN","UNKNOWN","0","0","0","0","S64_PRP_65536","545a5cd984ca9c7c5fbc412a73deb6c5a07c68aea4b7665911c62f9890db3f27","0","11695000","0","430f77e57e47e8dbb5b457e8a24ea0688759ad26c02308e3737d6baca776dfce","primeforge.benchmark.raw.v1","0","2026-08-03T20:11:16Z","11749800","True","0","auto","measure","5","3","153"
"primeforge.cpu.base2-strong-prp-u64.v1","32","71917beff6cecfd382879bdbba5364d484a2c2b78b49daea459764c5531ed455","64","65536","0","d06baafa3ea11cc6ce41949dd637f82a01cd5eb9","MSVC-195136252","C++23_RELEASE_TARGET","0","UNKNOWN","NOT_USED","0","9f31b60ef8310ea1b13072b3e355e4541af69429c8885c7c9ec94139a663a6ae","0","UNKNOWN","UNKNOWN","UNKNOWN","0","0","0","0","S64_PRP_65536","545a5cd984ca9c7c5fbc412a73deb6c5a07c68aea4b7665911c62f9890db3f27","0","11547700","0","430f77e57e47e8dbb5b457e8a24ea0688759ad26c02308e3737d6baca776dfce","primeforge.benchmark.raw.v1","0","2026-08-03T20:11:17Z","11592900","True","0","cpu","measure","5","4","154"
"primeforge.cpu.base2-strong-prp-u64.v1","128","71917beff6cecfd382879bdbba5364d484a2c2b78b49daea459764c5531ed455","64","65536","0","d06baafa3ea11cc6ce41949dd637f82a01cd5eb9","MSVC-195136252","C++23_RELEASE_TARGET","0","UNKNOWN","NOT_USED","0","9f31b60ef8310ea1b13072b3e355e4541af69429c8885c7c9ec94139a663a6ae","0","UNKNOWN","UNKNOWN","UNKNOWN","0","0","0","0","S64_PRP_65536","545a5cd984ca9c7c5fbc412a73deb6c5a07c68aea4b7665911c62f9890db3f27","0","11452400","0","430f77e57e47e8dbb5b457e8a24ea0688759ad26c02308e3737d6baca776dfce","primeforge.benchmark.raw.v1","0","2026-08-03T20:11:18Z","11463800","True","0","cpu","measure","5","5","155"
"primeforge.cuda.base2-strong-prp-u64.v1","32","71917beff6cecfd382879bdbba5364d484a2c2b78b49daea459764c5531ed455","64","65536","0","d06baafa3ea11cc6ce41949dd637f82a01cd5eb9","MSVC-195136252","C++23_RELEASE_TARGET","0","UNKNOWN","13.3.73","93494756","9f31b60ef8310ea1b13072b3e355e4541af69429c8885c7c9ec94139a663a6ae","0","UNKNOWN","UNKNOWN","UNKNOWN","63704117","0","39644415","0","S64_PRP_65536","545a5cd984ca9c7c5fbc412a73deb6c5a07c68aea4b7665911c62f9890db3f27","0","0","0","430f77e57e47e8dbb5b457e8a24ea0688759ad26c02308e3737d6baca776dfce","primeforge.benchmark.raw.v1","0","2026-08-03T20:11:20Z","210264600","True","0","cuda","measure","5","6","156"
"primeforge.cpu.base2-strong-prp-u64.v1","64","71917beff6cecfd382879bdbba5364d484a2c2b78b49daea459764c5531ed455","64","65536","0","d06baafa3ea11cc6ce41949dd637f82a01cd5eb9","MSVC-195136252","C++23_RELEASE_TARGET","0","UNKNOWN","NOT_USED","0","9f31b60ef8310ea1b13072b3e355e4541af69429c8885c7c9ec94139a663a6ae","0","UNKNOWN","UNKNOWN","UNKNOWN","0","0","0","0","S64_PRP_65536","545a5cd984ca9c7c5fbc412a73deb6c5a07c68aea4b7665911c62f9890db3f27","0","11906200","0","430f77e57e47e8dbb5b457e8a24ea0688759ad26c02308e3737d6baca776dfce","primeforge.benchmark.raw.v1","0","2026-08-03T20:11:20Z","11929300","True","0","cpu","measure","5","7","157"
"primeforge.cpu.base2-strong-prp-u64.v1","4096","71917beff6cecfd382879bdbba5364d484a2c2b78b49daea459764c5531ed455","64","65536","0","d06baafa3ea11cc6ce41949dd637f82a01cd5eb9","MSVC-195136252","C++23_RELEASE_TARGET","0","UNKNOWN","NOT_USED","0","9f31b60ef8310ea1b13072b3e355e4541af69429c8885c7c9ec94139a663a6ae","0","UNKNOWN","UNKNOWN","UNKNOWN","0","0","0","0","S64_PRP_65536","545a5cd984ca9c7c5fbc412a73deb6c5a07c68aea4b7665911c62f9890db3f27","0","11500100","0","430f77e57e47e8dbb5b457e8a24ea0688759ad26c02308e3737d6baca776dfce","primeforge.benchmark.raw.v1","0","2026-08-03T20:11:21Z","11504200","True","0","cpu","measure","5","8","158"
"primeforge.auto.cpu-cuda.base2-strong-prp-u64.v1[min=512]","1024","71917beff6cecfd382879bdbba5364d484a2c2b78b49daea459764c5531ed455","64","65536","0","d06baafa3ea11cc6ce41949dd637f82a01cd5eb9","MSVC-195136252","C++23_RELEASE_TARGET","0","UNKNOWN","13.3.73","3070911","9f31b60ef8310ea1b13072b3e355e4541af69429c8885c7c9ec94139a663a6ae","0","UNKNOWN","UNKNOWN","UNKNOWN","2366272","0","1589183","0","S64_PRP_65536","545a5cd984ca9c7c5fbc412a73deb6c5a07c68aea4b7665911c62f9890db3f27","0","0","0","430f77e57e47e8dbb5b457e8a24ea0688759ad26c02308e3737d6baca776dfce","primeforge.benchmark.raw.v1","0","2026-08-03T20:11:23Z","73015000","True","0","auto","measure","5","9","159"
"primeforge.cuda.base2-strong-prp-u64.v1","1024","71917beff6cecfd382879bdbba5364d484a2c2b78b49daea459764c5531ed455","64","65536","0","d06baafa3ea11cc6ce41949dd637f82a01cd5eb9","MSVC-195136252","C++23_RELEASE_TARGET","0","UNKNOWN","13.3.73","2826112","9f31b60ef8310ea1b13072b3e355e4541af69429c8885c7c9ec94139a663a6ae","0","UNKNOWN","UNKNOWN","UNKNOWN","1917342","0","1414622","0","S64_PRP_65536","545a5cd984ca9c7c5fbc412a73deb6c5a07c68aea4b7665911c62f9890db3f27","0","0","0","430f77e57e47e8dbb5b457e8a24ea0688759ad26c02308e3737d6baca776dfce","primeforge.benchmark.raw.v1","0","2026-08-03T20:11:24Z","6668000","True","0","cuda","measure","5","10","160"
"primeforge.auto.cpu-cuda.base2-strong-prp-u64.v1[min=512]","128","71917beff6cecfd382879bdbba5364d484a2c2b78b49daea459764c5531ed455","64","65536","0","d06baafa3ea11cc6ce41949dd637f82a01cd5eb9","MSVC-195136252","C++23_RELEASE_TARGET","0","UNKNOWN","NOT_USED","0","9f31b60ef8310ea1b13072b3e355e4541af69429c8885c7c9ec94139a663a6ae","0","UNKNOWN","UNKNOWN","UNKNOWN","0","0","0","0","S64_PRP_65536","545a5cd984ca9c7c5fbc412a73deb6c5a07c68aea4b7665911c62f9890db3f27","0","11652300","0","430f77e57e47e8dbb5b457e8a24ea0688759ad26c02308e3737d6baca776dfce","primeforge.benchmark.raw.v1","0","2026-08-03T20:11:25Z","11667600","True","0","auto","measure","5","11","161"
"primeforge.auto.cpu-cuda.base2-strong-prp-u64.v1[min=512]","256","71917beff6cecfd382879bdbba5364d484a2c2b78b49daea459764c5531ed455","64","65536","0","d06baafa3ea11cc6ce41949dd637f82a01cd5eb9","MSVC-195136252","C++23_RELEASE_TARGET","0","UNKNOWN","NOT_USED","0","9f31b60ef8310ea1b13072b3e355e4541af69429c8885c7c9ec94139a663a6ae","0","UNKNOWN","UNKNOWN","UNKNOWN","0","0","0","0","S64_PRP_65536","545a5cd984ca9c7c5fbc412a73deb6c5a07c68aea4b7665911c62f9890db3f27","0","11921600","0","430f77e57e47e8dbb5b457e8a24ea0688759ad26c02308e3737d6baca776dfce","primeforge.benchmark.raw.v1","0","2026-08-03T20:11:26Z","11930700","True","0","auto","measure","5","12","162"
"primeforge.cpu.base2-strong-prp-u64.v1","512","71917beff6cecfd382879bdbba5364d484a2c2b78b49daea459764c5531ed455","64","65536","0","d06baafa3ea11cc6ce41949dd637f82a01cd5eb9","MSVC-195136252","C++23_RELEASE_TARGET","0","UNKNOWN","NOT_USED","0","9f31b60ef8310ea1b13072b3e355e4541af69429c8885c7c9ec94139a663a6ae","0","UNKNOWN","UNKNOWN","UNKNOWN","0","0","0","0","S64_PRP_65536","545a5cd984ca9c7c5fbc412a73deb6c5a07c68aea4b7665911c62f9890db3f27","0","23810400","0","430f77e57e47e8dbb5b457e8a24ea0688759ad26c02308e3737d6baca776dfce","primeforge.benchmark.raw.v1","0","2026-08-03T20:11:27Z","23826500","True","0","cpu","measure","5","13","163"
"primeforge.cuda.base2-strong-prp-u64.v1","256","71917beff6cecfd382879bdbba5364d484a2c2b78b49daea459764c5531ed455","64","65536","0","d06baafa3ea11cc6ce41949dd637f82a01cd5eb9","MSVC-195136252","C++23_RELEASE_TARGET","0","UNKNOWN","13.3.73","12576736","9f31b60ef8310ea1b13072b3e355e4541af69429c8885c7c9ec94139a663a6ae","0","UNKNOWN","UNKNOWN","UNKNOWN","9731199","0","5836567","0","S64_PRP_65536","545a5cd984ca9c7c5fbc412a73deb6c5a07c68aea4b7665911c62f9890db3f27","0","0","0","430f77e57e47e8dbb5b457e8a24ea0688759ad26c02308e3737d6baca776dfce","primeforge.benchmark.raw.v1","0","2026-08-03T20:11:28Z","29931200","True","0","cuda","measure","5","14","164"
"primeforge.auto.cpu-cuda.base2-strong-prp-u64.v1[min=512]","16384","71917beff6cecfd382879bdbba5364d484a2c2b78b49daea459764c5531ed455","64","65536","0","d06baafa3ea11cc6ce41949dd637f82a01cd5eb9","MSVC-195136252","C++23_RELEASE_TARGET","0","UNKNOWN","13.3.73","193376","9f31b60ef8310ea1b13072b3e355e4541af69429c8885c7c9ec94139a663a6ae","0","UNKNOWN","UNKNOWN","UNKNOWN","102208","0","209312","0","S64_PRP_65536","545a5cd984ca9c7c5fbc412a73deb6c5a07c68aea4b7665911c62f9890db3f27","0","0","0","430f77e57e47e8dbb5b457e8a24ea0688759ad26c02308e3737d6baca776dfce","primeforge.benchmark.raw.v1","0","2026-08-03T20:11:29Z","66108600","True","0","auto","measure","5","15","165"
"primeforge.auto.cpu-cuda.base2-strong-prp-u64.v1[min=512]","2048","71917beff6cecfd382879bdbba5364d484a2c2b78b49daea459764c5531ed455","64","65536","0","d06baafa3ea11cc6ce41949dd637f82a01cd5eb9","MSVC-195136252","C++23_RELEASE_TARGET","0","UNKNOWN","13.3.73","1505759","9f31b60ef8310ea1b13072b3e355e4541af69429c8885c7c9ec94139a663a6ae","0","UNKNOWN","UNKNOWN","UNKNOWN","1778399","0","823165","0","S64_PRP_65536","545a5cd984ca9c7c5fbc412a73deb6c5a07c68aea4b7665911c62f9890db3f27","0","0","0","430f77e57e47e8dbb5b457e8a24ea0688759ad26c02308e3737d6baca776dfce","primeforge.benchmark.raw.v1","0","2026-08-03T20:11:30Z","69177700","True","0","auto","measure","5","16","166"
"primeforge.cuda.base2-strong-prp-u64.v1","2048","71917beff6cecfd382879bdbba5364d484a2c2b78b49daea459764c5531ed455","64","65536","0","d06baafa3ea11cc6ce41949dd637f82a01cd5eb9","MSVC-195136252","C++23_RELEASE_TARGET","0","UNKNOWN","13.3.73","1675104","9f31b60ef8310ea1b13072b3e355e4541af69429c8885c7c9ec94139a663a6ae","0","UNKNOWN","UNKNOWN","UNKNOWN","1368702","0","833278","0","S64_PRP_65536","545a5cd984ca9c7c5fbc412a73deb6c5a07c68aea4b7665911c62f9890db3f27","0","0","0","430f77e57e47e8dbb5b457e8a24ea0688759ad26c02308e3737d6baca776dfce","primeforge.benchmark.raw.v1","0","2026-08-03T20:11:31Z","4172400","True","0","cuda","measure","5","17","167"
"primeforge.cpu.base2-strong-prp-u64.v1","256","71917beff6cecfd382879bdbba5364d484a2c2b78b49daea459764c5531ed455","64","65536","0","d06baafa3ea11cc6ce41949dd637f82a01cd5eb9","MSVC-195136252","C++23_RELEASE_TARGET","0","UNKNOWN","NOT_USED","0","9f31b60ef8310ea1b13072b3e355e4541af69429c8885c7c9ec94139a663a6ae","0","UNKNOWN","UNKNOWN","UNKNOWN","0","0","0","0","S64_PRP_65536","545a5cd984ca9c7c5fbc412a73deb6c5a07c68aea4b7665911c62f9890db3f27","0","11946600","0","430f77e57e47e8dbb5b457e8a24ea0688759ad26c02308e3737d6baca776dfce","primeforge.benchmark.raw.v1","0","2026-08-03T20:11:32Z","11953300","True","0","cpu","measure","5","18","168"
"primeforge.cpu.base2-strong-prp-u64.v1","8192","71917beff6cecfd382879bdbba5364d484a2c2b78b49daea459764c5531ed455","64","65536","0","d06baafa3ea11cc6ce41949dd637f82a01cd5eb9","MSVC-195136252","C++23_RELEASE_TARGET","0","UNKNOWN","NOT_USED","0","9f31b60ef8310ea1b13072b3e355e4541af69429c8885c7c9ec94139a663a6ae","0","UNKNOWN","UNKNOWN","UNKNOWN","0","0","0","0","S64_PRP_65536","545a5cd984ca9c7c5fbc412a73deb6c5a07c68aea4b7665911c62f9890db3f27","0","10772600","0","430f77e57e47e8dbb5b457e8a24ea0688759ad26c02308e3737d6baca776dfce","primeforge.benchmark.raw.v1","0","2026-08-03T20:11:33Z","10774500","True","0","cpu","measure","5","19","169"
"primeforge.cuda.base2-strong-prp-u64.v1","8192","71917beff6cecfd382879bdbba5364d484a2c2b78b49daea459764c5531ed455","64","65536","0","d06baafa3ea11cc6ce41949dd637f82a01cd5eb9","MSVC-195136252","C++23_RELEASE_TARGET","0","UNKNOWN","13.3.73","354496","9f31b60ef8310ea1b13072b3e355e4541af69429c8885c7c9ec94139a663a6ae","0","UNKNOWN","UNKNOWN","UNKNOWN","210496","0","271392","0","S64_PRP_65536","545a5cd984ca9c7c5fbc412a73deb6c5a07c68aea4b7665911c62f9890db3f27","0","0","0","430f77e57e47e8dbb5b457e8a24ea0688759ad26c02308e3737d6baca776dfce","primeforge.benchmark.raw.v1","0","2026-08-03T20:11:34Z","917600","True","0","cuda","measure","5","20","170"
"primeforge.cpu.base2-strong-prp-u64.v1","1024","71917beff6cecfd382879bdbba5364d484a2c2b78b49daea459764c5531ed455","64","65536","0","d06baafa3ea11cc6ce41949dd637f82a01cd5eb9","MSVC-195136252","C++23_RELEASE_TARGET","0","UNKNOWN","NOT_USED","0","9f31b60ef8310ea1b13072b3e355e4541af69429c8885c7c9ec94139a663a6ae","0","UNKNOWN","UNKNOWN","UNKNOWN","0","0","0","0","S64_PRP_65536","545a5cd984ca9c7c5fbc412a73deb6c5a07c68aea4b7665911c62f9890db3f27","0","15637200","0","430f77e57e47e8dbb5b457e8a24ea0688759ad26c02308e3737d6baca776dfce","primeforge.benchmark.raw.v1","0","2026-08-03T20:11:35Z","15645000","True","0","cpu","measure","5","21","171"
"primeforge.auto.cpu-cuda.base2-strong-prp-u64.v1[min=512]","4096","71917beff6cecfd382879bdbba5364d484a2c2b78b49daea459764c5531ed455","64","65536","0","d06baafa3ea11cc6ce41949dd637f82a01cd5eb9","MSVC-195136252","C++23_RELEASE_TARGET","0","UNKNOWN","13.3.73","661279","9f31b60ef8310ea1b13072b3e355e4541af69429c8885c7c9ec94139a663a6ae","0","UNKNOWN","UNKNOWN","UNKNOWN","476543","0","376127","0","S64_PRP_65536","545a5cd984ca9c7c5fbc412a73deb6c5a07c68aea4b7665911c62f9890db3f27","0","0","0","430f77e57e47e8dbb5b457e8a24ea0688759ad26c02308e3737d6baca776dfce","primeforge.benchmark.raw.v1","0","2026-08-03T20:11:36Z","67856500","True","0","auto","measure","5","22","172"
"primeforge.auto.cpu-cuda.base2-strong-prp-u64.v1[min=512]","64","71917beff6cecfd382879bdbba5364d484a2c2b78b49daea459764c5531ed455","64","65536","0","d06baafa3ea11cc6ce41949dd637f82a01cd5eb9","MSVC-195136252","C++23_RELEASE_TARGET","0","UNKNOWN","NOT_USED","0","9f31b60ef8310ea1b13072b3e355e4541af69429c8885c7c9ec94139a663a6ae","0","UNKNOWN","UNKNOWN","UNKNOWN","0","0","0","0","S64_PRP_65536","545a5cd984ca9c7c5fbc412a73deb6c5a07c68aea4b7665911c62f9890db3f27","0","11677400","0","430f77e57e47e8dbb5b457e8a24ea0688759ad26c02308e3737d6baca776dfce","primeforge.benchmark.raw.v1","0","2026-08-03T20:11:37Z","11706000","True","0","auto","measure","5","23","173"
"primeforge.cpu.base2-strong-prp-u64.v1","2048","71917beff6cecfd382879bdbba5364d484a2c2b78b49daea459764c5531ed455","64","65536","0","d06baafa3ea11cc6ce41949dd637f82a01cd5eb9","MSVC-195136252","C++23_RELEASE_TARGET","0","UNKNOWN","NOT_USED","0","9f31b60ef8310ea1b13072b3e355e4541af69429c8885c7c9ec94139a663a6ae","0","UNKNOWN","UNKNOWN","UNKNOWN","0","0","0","0","S64_PRP_65536","545a5cd984ca9c7c5fbc412a73deb6c5a07c68aea4b7665911c62f9890db3f27","0","12913900","0","430f77e57e47e8dbb5b457e8a24ea0688759ad26c02308e3737d6baca776dfce","primeforge.benchmark.raw.v1","0","2026-08-03T20:11:38Z","12918800","True","0","cpu","measure","5","24","174"
"primeforge.cpu.base2-strong-prp-u64.v1","16384","71917beff6cecfd382879bdbba5364d484a2c2b78b49daea459764c5531ed455","64","65536","0","d06baafa3ea11cc6ce41949dd637f82a01cd5eb9","MSVC-195136252","C++23_RELEASE_TARGET","0","UNKNOWN","NOT_USED","0","9f31b60ef8310ea1b13072b3e355e4541af69429c8885c7c9ec94139a663a6ae","0","UNKNOWN","UNKNOWN","UNKNOWN","0","0","0","0","S64_PRP_65536","545a5cd984ca9c7c5fbc412a73deb6c5a07c68aea4b7665911c62f9890db3f27","0","5801900","0","430f77e57e47e8dbb5b457e8a24ea0688759ad26c02308e3737d6baca776dfce","primeforge.benchmark.raw.v1","0","2026-08-03T20:11:39Z","5802900","True","0","cpu","measure","5","25","175"
"primeforge.auto.cpu-cuda.base2-strong-prp-u64.v1[min=512]","512","71917beff6cecfd382879bdbba5364d484a2c2b78b49daea459764c5531ed455","64","65536","0","d06baafa3ea11cc6ce41949dd637f82a01cd5eb9","MSVC-195136252","C++23_RELEASE_TARGET","0","UNKNOWN","13.3.73","6380604","9f31b60ef8310ea1b13072b3e355e4541af69429c8885c7c9ec94139a663a6ae","0","UNKNOWN","UNKNOWN","UNKNOWN","4152096","0","2786716","0","S64_PRP_65536","545a5cd984ca9c7c5fbc412a73deb6c5a07c68aea4b7665911c62f9890db3f27","0","0","0","430f77e57e47e8dbb5b457e8a24ea0688759ad26c02308e3737d6baca776dfce","primeforge.benchmark.raw.v1","0","2026-08-03T20:11:40Z","81839000","True","0","auto","measure","5","26","176"
"primeforge.cuda.base2-strong-prp-u64.v1","128","71917beff6cecfd382879bdbba5364d484a2c2b78b49daea459764c5531ed455","64","65536","0","d06baafa3ea11cc6ce41949dd637f82a01cd5eb9","MSVC-195136252","C++23_RELEASE_TARGET","0","UNKNOWN","13.3.73","24584691","9f31b60ef8310ea1b13072b3e355e4541af69429c8885c7c9ec94139a663a6ae","0","UNKNOWN","UNKNOWN","UNKNOWN","16957433","0","10107666","0","S64_PRP_65536","545a5cd984ca9c7c5fbc412a73deb6c5a07c68aea4b7665911c62f9890db3f27","0","0","0","430f77e57e47e8dbb5b457e8a24ea0688759ad26c02308e3737d6baca776dfce","primeforge.benchmark.raw.v1","0","2026-08-03T20:11:41Z","55232100","True","0","cuda","measure","5","27","177"
"primeforge.cuda.base2-strong-prp-u64.v1","4096","71917beff6cecfd382879bdbba5364d484a2c2b78b49daea459764c5531ed455","64","65536","0","d06baafa3ea11cc6ce41949dd637f82a01cd5eb9","MSVC-195136252","C++23_RELEASE_TARGET","0","UNKNOWN","13.3.73","660960","9f31b60ef8310ea1b13072b3e355e4541af69429c8885c7c9ec94139a663a6ae","0","UNKNOWN","UNKNOWN","UNKNOWN","366080","0","389120","0","S64_PRP_65536","545a5cd984ca9c7c5fbc412a73deb6c5a07c68aea4b7665911c62f9890db3f27","0","0","0","430f77e57e47e8dbb5b457e8a24ea0688759ad26c02308e3737d6baca776dfce","primeforge.benchmark.raw.v1","0","2026-08-03T20:11:42Z","1633900","True","0","cuda","measure","5","28","178"
"primeforge.cuda.base2-strong-prp-u64.v1","16384","71917beff6cecfd382879bdbba5364d484a2c2b78b49daea459764c5531ed455","64","65536","0","d06baafa3ea11cc6ce41949dd637f82a01cd5eb9","MSVC-195136252","C++23_RELEASE_TARGET","0","UNKNOWN","13.3.73","185312","9f31b60ef8310ea1b13072b3e355e4541af69429c8885c7c9ec94139a663a6ae","0","UNKNOWN","UNKNOWN","UNKNOWN","104960","0","373280","0","S64_PRP_65536","545a5cd984ca9c7c5fbc412a73deb6c5a07c68aea4b7665911c62f9890db3f27","0","0","0","430f77e57e47e8dbb5b457e8a24ea0688759ad26c02308e3737d6baca776dfce","primeforge.benchmark.raw.v1","0","2026-08-03T20:11:43Z","814900","True","0","cuda","measure","5","29","179"
"primeforge.cuda.base2-strong-prp-u64.v1","64","71917beff6cecfd382879bdbba5364d484a2c2b78b49daea459764c5531ed455","64","65536","0","d06baafa3ea11cc6ce41949dd637f82a01cd5eb9","MSVC-195136252","C++23_RELEASE_TARGET","0","UNKNOWN","13.3.73","51774229","9f31b60ef8310ea1b13072b3e355e4541af69429c8885c7c9ec94139a663a6ae","0","UNKNOWN","UNKNOWN","UNKNOWN","36484817","0","20311244","0","S64_PRP_65536","545a5cd984ca9c7c5fbc412a73deb6c5a07c68aea4b7665911c62f9890db3f27","0","0","0","430f77e57e47e8dbb5b457e8a24ea0688759ad26c02308e3737d6baca776dfce","primeforge.benchmark.raw.v1","0","2026-08-03T20:11:44Z","115413200","True","0","cuda","measure","5","30","180"
"primeforge.cpu.base2-strong-prp-u64.v1","64","71917beff6cecfd382879bdbba5364d484a2c2b78b49daea459764c5531ed455","64","65536","0","d06baafa3ea11cc6ce41949dd637f82a01cd5eb9","MSVC-195136252","C++23_RELEASE_TARGET","0","UNKNOWN","NOT_USED","0","9f31b60ef8310ea1b13072b3e355e4541af69429c8885c7c9ec94139a663a6ae","0","UNKNOWN","UNKNOWN","UNKNOWN","0","0","0","0","S64_PRP_65536","545a5cd984ca9c7c5fbc412a73deb6c5a07c68aea4b7665911c62f9890db3f27","0","11927800","0","430f77e57e47e8dbb5b457e8a24ea0688759ad26c02308e3737d6baca776dfce","primeforge.benchmark.raw.v1","0","2026-08-03T20:11:45Z","11953100","True","0","cpu","measure","6","1","181"
"primeforge.auto.cpu-cuda.base2-strong-prp-u64.v1[min=512]","8192","71917beff6cecfd382879bdbba5364d484a2c2b78b49daea459764c5531ed455","64","65536","0","d06baafa3ea11cc6ce41949dd637f82a01cd5eb9","MSVC-195136252","C++23_RELEASE_TARGET","0","UNKNOWN","13.3.73","457344","9f31b60ef8310ea1b13072b3e355e4541af69429c8885c7c9ec94139a663a6ae","0","UNKNOWN","UNKNOWN","UNKNOWN","458208","0","272127","0","S64_PRP_65536","545a5cd984ca9c7c5fbc412a73deb6c5a07c68aea4b7665911c62f9890db3f27","0","0","0","430f77e57e47e8dbb5b457e8a24ea0688759ad26c02308e3737d6baca776dfce","primeforge.benchmark.raw.v1","0","2026-08-03T20:11:46Z","71092500","True","0","auto","measure","6","2","182"
"primeforge.cuda.base2-strong-prp-u64.v1","128","71917beff6cecfd382879bdbba5364d484a2c2b78b49daea459764c5531ed455","64","65536","0","d06baafa3ea11cc6ce41949dd637f82a01cd5eb9","MSVC-195136252","C++23_RELEASE_TARGET","0","UNKNOWN","13.3.73","23796442","9f31b60ef8310ea1b13072b3e355e4541af69429c8885c7c9ec94139a663a6ae","0","UNKNOWN","UNKNOWN","UNKNOWN","16330299","0","10627704","0","S64_PRP_65536","545a5cd984ca9c7c5fbc412a73deb6c5a07c68aea4b7665911c62f9890db3f27","0","0","0","430f77e57e47e8dbb5b457e8a24ea0688759ad26c02308e3737d6baca776dfce","primeforge.benchmark.raw.v1","0","2026-08-03T20:11:47Z","54342500","True","0","cuda","measure","6","3","183"
"primeforge.cpu.base2-strong-prp-u64.v1","4096","71917beff6cecfd382879bdbba5364d484a2c2b78b49daea459764c5531ed455","64","65536","0","d06baafa3ea11cc6ce41949dd637f82a01cd5eb9","MSVC-195136252","C++23_RELEASE_TARGET","0","UNKNOWN","NOT_USED","0","9f31b60ef8310ea1b13072b3e355e4541af69429c8885c7c9ec94139a663a6ae","0","UNKNOWN","UNKNOWN","UNKNOWN","0","0","0","0","S64_PRP_65536","545a5cd984ca9c7c5fbc412a73deb6c5a07c68aea4b7665911c62f9890db3f27","0","11839600","0","430f77e57e47e8dbb5b457e8a24ea0688759ad26c02308e3737d6baca776dfce","primeforge.benchmark.raw.v1","0","2026-08-03T20:11:48Z","11842800","True","0","cpu","measure","6","4","184"
"primeforge.auto.cpu-cuda.base2-strong-prp-u64.v1[min=512]","256","71917beff6cecfd382879bdbba5364d484a2c2b78b49daea459764c5531ed455","64","65536","0","d06baafa3ea11cc6ce41949dd637f82a01cd5eb9","MSVC-195136252","C++23_RELEASE_TARGET","0","UNKNOWN","NOT_USED","0","9f31b60ef8310ea1b13072b3e355e4541af69429c8885c7c9ec94139a663a6ae","0","UNKNOWN","UNKNOWN","UNKNOWN","0","0","0","0","S64_PRP_65536","545a5cd984ca9c7c5fbc412a73deb6c5a07c68aea4b7665911c62f9890db3f27","0","11615100","0","430f77e57e47e8dbb5b457e8a24ea0688759ad26c02308e3737d6baca776dfce","primeforge.benchmark.raw.v1","0","2026-08-03T20:11:49Z","11623100","True","0","auto","measure","6","5","185"
"primeforge.cpu.base2-strong-prp-u64.v1","256","71917beff6cecfd382879bdbba5364d484a2c2b78b49daea459764c5531ed455","64","65536","0","d06baafa3ea11cc6ce41949dd637f82a01cd5eb9","MSVC-195136252","C++23_RELEASE_TARGET","0","UNKNOWN","NOT_USED","0","9f31b60ef8310ea1b13072b3e355e4541af69429c8885c7c9ec94139a663a6ae","0","UNKNOWN","UNKNOWN","UNKNOWN","0","0","0","0","S64_PRP_65536","545a5cd984ca9c7c5fbc412a73deb6c5a07c68aea4b7665911c62f9890db3f27","0","11728600","0","430f77e57e47e8dbb5b457e8a24ea0688759ad26c02308e3737d6baca776dfce","primeforge.benchmark.raw.v1","0","2026-08-03T20:11:50Z","11734500","True","0","cpu","measure","6","6","186"
"primeforge.cuda.base2-strong-prp-u64.v1","8192","71917beff6cecfd382879bdbba5364d484a2c2b78b49daea459764c5531ed455","64","65536","0","d06baafa3ea11cc6ce41949dd637f82a01cd5eb9","MSVC-195136252","C++23_RELEASE_TARGET","0","UNKNOWN","13.3.73","409856","9f31b60ef8310ea1b13072b3e355e4541af69429c8885c7c9ec94139a663a6ae","0","UNKNOWN","UNKNOWN","UNKNOWN","232256","0","262495","0","S64_PRP_65536","545a5cd984ca9c7c5fbc412a73deb6c5a07c68aea4b7665911c62f9890db3f27","0","0","0","430f77e57e47e8dbb5b457e8a24ea0688759ad26c02308e3737d6baca776dfce","primeforge.benchmark.raw.v1","0","2026-08-03T20:11:51Z","1064400","True","0","cuda","measure","6","7","187"
"primeforge.cpu.base2-strong-prp-u64.v1","16384","71917beff6cecfd382879bdbba5364d484a2c2b78b49daea459764c5531ed455","64","65536","0","d06baafa3ea11cc6ce41949dd637f82a01cd5eb9","MSVC-195136252","C++23_RELEASE_TARGET","0","UNKNOWN","NOT_USED","0","9f31b60ef8310ea1b13072b3e355e4541af69429c8885c7c9ec94139a663a6ae","0","UNKNOWN","UNKNOWN","UNKNOWN","0","0","0","0","S64_PRP_65536","545a5cd984ca9c7c5fbc412a73deb6c5a07c68aea4b7665911c62f9890db3f27","0","6243000","0","430f77e57e47e8dbb5b457e8a24ea0688759ad26c02308e3737d6baca776dfce","primeforge.benchmark.raw.v1","0","2026-08-03T20:11:52Z","6244300","True","0","cpu","measure","6","8","188"
"primeforge.auto.cpu-cuda.base2-strong-prp-u64.v1[min=512]","128","71917beff6cecfd382879bdbba5364d484a2c2b78b49daea459764c5531ed455","64","65536","0","d06baafa3ea11cc6ce41949dd637f82a01cd5eb9","MSVC-195136252","C++23_RELEASE_TARGET","0","UNKNOWN","NOT_USED","0","9f31b60ef8310ea1b13072b3e355e4541af69429c8885c7c9ec94139a663a6ae","0","UNKNOWN","UNKNOWN","UNKNOWN","0","0","0","0","S64_PRP_65536","545a5cd984ca9c7c5fbc412a73deb6c5a07c68aea4b7665911c62f9890db3f27","0","11594800","0","430f77e57e47e8dbb5b457e8a24ea0688759ad26c02308e3737d6baca776dfce","primeforge.benchmark.raw.v1","0","2026-08-03T20:11:53Z","11610000","True","0","auto","measure","6","9","189"
"primeforge.cpu.base2-strong-prp-u64.v1","512","71917beff6cecfd382879bdbba5364d484a2c2b78b49daea459764c5531ed455","64","65536","0","d06baafa3ea11cc6ce41949dd637f82a01cd5eb9","MSVC-195136252","C++23_RELEASE_TARGET","0","UNKNOWN","NOT_USED","0","9f31b60ef8310ea1b13072b3e355e4541af69429c8885c7c9ec94139a663a6ae","0","UNKNOWN","UNKNOWN","UNKNOWN","0","0","0","0","S64_PRP_65536","545a5cd984ca9c7c5fbc412a73deb6c5a07c68aea4b7665911c62f9890db3f27","0","22925900","0","430f77e57e47e8dbb5b457e8a24ea0688759ad26c02308e3737d6baca776dfce","primeforge.benchmark.raw.v1","0","2026-08-03T20:11:54Z","22943200","True","0","cpu","measure","6","10","190"
"primeforge.auto.cpu-cuda.base2-strong-prp-u64.v1[min=512]","64","71917beff6cecfd382879bdbba5364d484a2c2b78b49daea459764c5531ed455","64","65536","0","d06baafa3ea11cc6ce41949dd637f82a01cd5eb9","MSVC-195136252","C++23_RELEASE_TARGET","0","UNKNOWN","NOT_USED","0","9f31b60ef8310ea1b13072b3e355e4541af69429c8885c7c9ec94139a663a6ae","0","UNKNOWN","UNKNOWN","UNKNOWN","0","0","0","0","S64_PRP_65536","545a5cd984ca9c7c5fbc412a73deb6c5a07c68aea4b7665911c62f9890db3f27","0","11645700","0","430f77e57e47e8dbb5b457e8a24ea0688759ad26c02308e3737d6baca776dfce","primeforge.benchmark.raw.v1","0","2026-08-03T20:11:55Z","11673000","True","0","auto","measure","6","11","191"
"primeforge.auto.cpu-cuda.base2-strong-prp-u64.v1[min=512]","32","71917beff6cecfd382879bdbba5364d484a2c2b78b49daea459764c5531ed455","64","65536","0","d06baafa3ea11cc6ce41949dd637f82a01cd5eb9","MSVC-195136252","C++23_RELEASE_TARGET","0","UNKNOWN","NOT_USED","0","9f31b60ef8310ea1b13072b3e355e4541af69429c8885c7c9ec94139a663a6ae","0","UNKNOWN","UNKNOWN","UNKNOWN","0","0","0","0","S64_PRP_65536","545a5cd984ca9c7c5fbc412a73deb6c5a07c68aea4b7665911c62f9890db3f27","0","11988700","0","430f77e57e47e8dbb5b457e8a24ea0688759ad26c02308e3737d6baca776dfce","primeforge.benchmark.raw.v1","0","2026-08-03T20:11:56Z","12046400","True","0","auto","measure","6","12","192"
"primeforge.cpu.base2-strong-prp-u64.v1","128","71917beff6cecfd382879bdbba5364d484a2c2b78b49daea459764c5531ed455","64","65536","0","d06baafa3ea11cc6ce41949dd637f82a01cd5eb9","MSVC-195136252","C++23_RELEASE_TARGET","0","UNKNOWN","NOT_USED","0","9f31b60ef8310ea1b13072b3e355e4541af69429c8885c7c9ec94139a663a6ae","0","UNKNOWN","UNKNOWN","UNKNOWN","0","0","0","0","S64_PRP_65536","545a5cd984ca9c7c5fbc412a73deb6c5a07c68aea4b7665911c62f9890db3f27","0","11611700","0","430f77e57e47e8dbb5b457e8a24ea0688759ad26c02308e3737d6baca776dfce","primeforge.benchmark.raw.v1","0","2026-08-03T20:11:57Z","11623600","True","0","cpu","measure","6","13","193"
"primeforge.cuda.base2-strong-prp-u64.v1","2048","71917beff6cecfd382879bdbba5364d484a2c2b78b49daea459764c5531ed455","64","65536","0","d06baafa3ea11cc6ce41949dd637f82a01cd5eb9","MSVC-195136252","C++23_RELEASE_TARGET","0","UNKNOWN","13.3.73","1711808","9f31b60ef8310ea1b13072b3e355e4541af69429c8885c7c9ec94139a663a6ae","0","UNKNOWN","UNKNOWN","UNKNOWN","1178975","0","780352","0","S64_PRP_65536","545a5cd984ca9c7c5fbc412a73deb6c5a07c68aea4b7665911c62f9890db3f27","0","0","0","430f77e57e47e8dbb5b457e8a24ea0688759ad26c02308e3737d6baca776dfce","primeforge.benchmark.raw.v1","0","2026-08-03T20:11:58Z","3999100","True","0","cuda","measure","6","14","194"
"primeforge.cpu.base2-strong-prp-u64.v1","1024","71917beff6cecfd382879bdbba5364d484a2c2b78b49daea459764c5531ed455","64","65536","0","d06baafa3ea11cc6ce41949dd637f82a01cd5eb9","MSVC-195136252","C++23_RELEASE_TARGET","0","UNKNOWN","NOT_USED","0","9f31b60ef8310ea1b13072b3e355e4541af69429c8885c7c9ec94139a663a6ae","0","UNKNOWN","UNKNOWN","UNKNOWN","0","0","0","0","S64_PRP_65536","545a5cd984ca9c7c5fbc412a73deb6c5a07c68aea4b7665911c62f9890db3f27","0","16434600","0","430f77e57e47e8dbb5b457e8a24ea0688759ad26c02308e3737d6baca776dfce","primeforge.benchmark.raw.v1","0","2026-08-03T20:11:59Z","16442500","True","0","cpu","measure","6","15","195"
"primeforge.auto.cpu-cuda.base2-strong-prp-u64.v1[min=512]","4096","71917beff6cecfd382879bdbba5364d484a2c2b78b49daea459764c5531ed455","64","65536","0","d06baafa3ea11cc6ce41949dd637f82a01cd5eb9","MSVC-195136252","C++23_RELEASE_TARGET","0","UNKNOWN","13.3.73","991936","9f31b60ef8310ea1b13072b3e355e4541af69429c8885c7c9ec94139a663a6ae","0","UNKNOWN","UNKNOWN","UNKNOWN","785599","0","625408","0","S64_PRP_65536","545a5cd984ca9c7c5fbc412a73deb6c5a07c68aea4b7665911c62f9890db3f27","0","0","0","430f77e57e47e8dbb5b457e8a24ea0688759ad26c02308e3737d6baca776dfce","primeforge.benchmark.raw.v1","0","2026-08-03T20:12:00Z","64872100","True","0","auto","measure","6","16","196"
"primeforge.auto.cpu-cuda.base2-strong-prp-u64.v1[min=512]","512","71917beff6cecfd382879bdbba5364d484a2c2b78b49daea459764c5531ed455","64","65536","0","d06baafa3ea11cc6ce41949dd637f82a01cd5eb9","MSVC-195136252","C++23_RELEASE_TARGET","0","UNKNOWN","13.3.73","6841918","9f31b60ef8310ea1b13072b3e355e4541af69429c8885c7c9ec94139a663a6ae","0","UNKNOWN","UNKNOWN","UNKNOWN","5982463","0","4495869","0","S64_PRP_65536","545a5cd984ca9c7c5fbc412a73deb6c5a07c68aea4b7665911c62f9890db3f27","0","0","0","430f77e57e47e8dbb5b457e8a24ea0688759ad26c02308e3737d6baca776dfce","primeforge.benchmark.raw.v1","0","2026-08-03T20:12:01Z","82511300","True","0","auto","measure","6","17","197"
"primeforge.auto.cpu-cuda.base2-strong-prp-u64.v1[min=512]","16384","71917beff6cecfd382879bdbba5364d484a2c2b78b49daea459764c5531ed455","64","65536","0","d06baafa3ea11cc6ce41949dd637f82a01cd5eb9","MSVC-195136252","C++23_RELEASE_TARGET","0","UNKNOWN","13.3.73","260096","9f31b60ef8310ea1b13072b3e355e4541af69429c8885c7c9ec94139a663a6ae","0","UNKNOWN","UNKNOWN","UNKNOWN","166208","0","497728","0","S64_PRP_65536","545a5cd984ca9c7c5fbc412a73deb6c5a07c68aea4b7665911c62f9890db3f27","0","0","0","430f77e57e47e8dbb5b457e8a24ea0688759ad26c02308e3737d6baca776dfce","primeforge.benchmark.raw.v1","0","2026-08-03T20:12:02Z","67599000","True","0","auto","measure","6","18","198"
"primeforge.cpu.base2-strong-prp-u64.v1","8192","71917beff6cecfd382879bdbba5364d484a2c2b78b49daea459764c5531ed455","64","65536","0","d06baafa3ea11cc6ce41949dd637f82a01cd5eb9","MSVC-195136252","C++23_RELEASE_TARGET","0","UNKNOWN","NOT_USED","0","9f31b60ef8310ea1b13072b3e355e4541af69429c8885c7c9ec94139a663a6ae","0","UNKNOWN","UNKNOWN","UNKNOWN","0","0","0","0","S64_PRP_65536","545a5cd984ca9c7c5fbc412a73deb6c5a07c68aea4b7665911c62f9890db3f27","0","10848300","0","430f77e57e47e8dbb5b457e8a24ea0688759ad26c02308e3737d6baca776dfce","primeforge.benchmark.raw.v1","0","2026-08-03T20:12:03Z","10849900","True","0","cpu","measure","6","19","199"
"primeforge.cpu.base2-strong-prp-u64.v1","32","71917beff6cecfd382879bdbba5364d484a2c2b78b49daea459764c5531ed455","64","65536","0","d06baafa3ea11cc6ce41949dd637f82a01cd5eb9","MSVC-195136252","C++23_RELEASE_TARGET","0","UNKNOWN","NOT_USED","0","9f31b60ef8310ea1b13072b3e355e4541af69429c8885c7c9ec94139a663a6ae","0","UNKNOWN","UNKNOWN","UNKNOWN","0","0","0","0","S64_PRP_65536","545a5cd984ca9c7c5fbc412a73deb6c5a07c68aea4b7665911c62f9890db3f27","0","11934900","0","430f77e57e47e8dbb5b457e8a24ea0688759ad26c02308e3737d6baca776dfce","primeforge.benchmark.raw.v1","0","2026-08-03T20:12:04Z","11984600","True","0","cpu","measure","6","20","200"
"primeforge.auto.cpu-cuda.base2-strong-prp-u64.v1[min=512]","2048","71917beff6cecfd382879bdbba5364d484a2c2b78b49daea459764c5531ed455","64","65536","0","d06baafa3ea11cc6ce41949dd637f82a01cd5eb9","MSVC-195136252","C++23_RELEASE_TARGET","0","UNKNOWN","13.3.73","1438974","9f31b60ef8310ea1b13072b3e355e4541af69429c8885c7c9ec94139a663a6ae","0","UNKNOWN","UNKNOWN","UNKNOWN","920382","0","818624","0","S64_PRP_65536","545a5cd984ca9c7c5fbc412a73deb6c5a07c68aea4b7665911c62f9890db3f27","0","0","0","430f77e57e47e8dbb5b457e8a24ea0688759ad26c02308e3737d6baca776dfce","primeforge.benchmark.raw.v1","0","2026-08-03T20:12:05Z","69665900","True","0","auto","measure","6","21","201"
"primeforge.cuda.base2-strong-prp-u64.v1","1024","71917beff6cecfd382879bdbba5364d484a2c2b78b49daea459764c5531ed455","64","65536","0","d06baafa3ea11cc6ce41949dd637f82a01cd5eb9","MSVC-195136252","C++23_RELEASE_TARGET","0","UNKNOWN","13.3.73","3481661","9f31b60ef8310ea1b13072b3e355e4541af69429c8885c7c9ec94139a663a6ae","0","UNKNOWN","UNKNOWN","UNKNOWN","1978879","0","1470014","0","S64_PRP_65536","545a5cd984ca9c7c5fbc412a73deb6c5a07c68aea4b7665911c62f9890db3f27","0","0","0","430f77e57e47e8dbb5b457e8a24ea0688759ad26c02308e3737d6baca776dfce","primeforge.benchmark.raw.v1","0","2026-08-03T20:12:06Z","7438900","True","0","cuda","measure","6","22","202"
"primeforge.cuda.base2-strong-prp-u64.v1","4096","71917beff6cecfd382879bdbba5364d484a2c2b78b49daea459764c5531ed455","64","65536","0","d06baafa3ea11cc6ce41949dd637f82a01cd5eb9","MSVC-195136252","C++23_RELEASE_TARGET","0","UNKNOWN","13.3.73","723936","9f31b60ef8310ea1b13072b3e355e4541af69429c8885c7c9ec94139a663a6ae","0","UNKNOWN","UNKNOWN","UNKNOWN","516896","0","472416","0","S64_PRP_65536","545a5cd984ca9c7c5fbc412a73deb6c5a07c68aea4b7665911c62f9890db3f27","0","0","0","430f77e57e47e8dbb5b457e8a24ea0688759ad26c02308e3737d6baca776dfce","primeforge.benchmark.raw.v1","0","2026-08-03T20:12:07Z","1859600","True","0","cuda","measure","6","23","203"
"primeforge.cuda.base2-strong-prp-u64.v1","512","71917beff6cecfd382879bdbba5364d484a2c2b78b49daea459764c5531ed455","64","65536","0","d06baafa3ea11cc6ce41949dd637f82a01cd5eb9","MSVC-195136252","C++23_RELEASE_TARGET","0","UNKNOWN","13.3.73","6551134","9f31b60ef8310ea1b13072b3e355e4541af69429c8885c7c9ec94139a663a6ae","0","UNKNOWN","UNKNOWN","UNKNOWN","4838110","0","3831834","0","S64_PRP_65536","545a5cd984ca9c7c5fbc412a73deb6c5a07c68aea4b7665911c62f9890db3f27","0","0","0","430f77e57e47e8dbb5b457e8a24ea0688759ad26c02308e3737d6baca776dfce","primeforge.benchmark.raw.v1","0","2026-08-03T20:12:08Z","16514900","True","0","cuda","measure","6","24","204"
"primeforge.cuda.base2-strong-prp-u64.v1","256","71917beff6cecfd382879bdbba5364d484a2c2b78b49daea459764c5531ed455","64","65536","0","d06baafa3ea11cc6ce41949dd637f82a01cd5eb9","MSVC-195136252","C++23_RELEASE_TARGET","0","UNKNOWN","13.3.73","12973472","9f31b60ef8310ea1b13072b3e355e4541af69429c8885c7c9ec94139a663a6ae","0","UNKNOWN","UNKNOWN","UNKNOWN","9328828","0","7069498","0","S64_PRP_65536","545a5cd984ca9c7c5fbc412a73deb6c5a07c68aea4b7665911c62f9890db3f27","0","0","0","430f77e57e47e8dbb5b457e8a24ea0688759ad26c02308e3737d6baca776dfce","primeforge.benchmark.raw.v1","0","2026-08-03T20:12:09Z","31265000","True","0","cuda","measure","6","25","205"
"primeforge.cuda.base2-strong-prp-u64.v1","16384","71917beff6cecfd382879bdbba5364d484a2c2b78b49daea459764c5531ed455","64","65536","0","d06baafa3ea11cc6ce41949dd637f82a01cd5eb9","MSVC-195136252","C++23_RELEASE_TARGET","0","UNKNOWN","13.3.73","219072","9f31b60ef8310ea1b13072b3e355e4541af69429c8885c7c9ec94139a663a6ae","0","UNKNOWN","UNKNOWN","UNKNOWN","151040","0","219360","0","S64_PRP_65536","545a5cd984ca9c7c5fbc412a73deb6c5a07c68aea4b7665911c62f9890db3f27","0","0","0","430f77e57e47e8dbb5b457e8a24ea0688759ad26c02308e3737d6baca776dfce","primeforge.benchmark.raw.v1","0","2026-08-03T20:12:10Z","715700","True","0","cuda","measure","6","26","206"
"primeforge.cpu.base2-strong-prp-u64.v1","2048","71917beff6cecfd382879bdbba5364d484a2c2b78b49daea459764c5531ed455","64","65536","0","d06baafa3ea11cc6ce41949dd637f82a01cd5eb9","MSVC-195136252","C++23_RELEASE_TARGET","0","UNKNOWN","NOT_USED","0","9f31b60ef8310ea1b13072b3e355e4541af69429c8885c7c9ec94139a663a6ae","0","UNKNOWN","UNKNOWN","UNKNOWN","0","0","0","0","S64_PRP_65536","545a5cd984ca9c7c5fbc412a73deb6c5a07c68aea4b7665911c62f9890db3f27","0","12885900","0","430f77e57e47e8dbb5b457e8a24ea0688759ad26c02308e3737d6baca776dfce","primeforge.benchmark.raw.v1","0","2026-08-03T20:12:11Z","12890500","True","0","cpu","measure","6","27","207"
"primeforge.cuda.base2-strong-prp-u64.v1","32","71917beff6cecfd382879bdbba5364d484a2c2b78b49daea459764c5531ed455","64","65536","0","d06baafa3ea11cc6ce41949dd637f82a01cd5eb9","MSVC-195136252","C++23_RELEASE_TARGET","0","UNKNOWN","13.3.73","105077026","9f31b60ef8310ea1b13072b3e355e4541af69429c8885c7c9ec94139a663a6ae","0","UNKNOWN","UNKNOWN","UNKNOWN","73712319","0","40197958","0","S64_PRP_65536","545a5cd984ca9c7c5fbc412a73deb6c5a07c68aea4b7665911c62f9890db3f27","0","0","0","430f77e57e47e8dbb5b457e8a24ea0688759ad26c02308e3737d6baca776dfce","primeforge.benchmark.raw.v1","0","2026-08-03T20:12:13Z","232063100","True","0","cuda","measure","6","28","208"
"primeforge.auto.cpu-cuda.base2-strong-prp-u64.v1[min=512]","1024","71917beff6cecfd382879bdbba5364d484a2c2b78b49daea459764c5531ed455","64","65536","0","d06baafa3ea11cc6ce41949dd637f82a01cd5eb9","MSVC-195136252","C++23_RELEASE_TARGET","0","UNKNOWN","13.3.73","3262176","9f31b60ef8310ea1b13072b3e355e4541af69429c8885c7c9ec94139a663a6ae","0","UNKNOWN","UNKNOWN","UNKNOWN","3285343","0","1606655","0","S64_PRP_65536","545a5cd984ca9c7c5fbc412a73deb6c5a07c68aea4b7665911c62f9890db3f27","0","0","0","430f77e57e47e8dbb5b457e8a24ea0688759ad26c02308e3737d6baca776dfce","primeforge.benchmark.raw.v1","0","2026-08-03T20:12:13Z","72301300","True","0","auto","measure","6","29","209"
"primeforge.cuda.base2-strong-prp-u64.v1","64","71917beff6cecfd382879bdbba5364d484a2c2b78b49daea459764c5531ed455","64","65536","0","d06baafa3ea11cc6ce41949dd637f82a01cd5eb9","MSVC-195136252","C++23_RELEASE_TARGET","0","UNKNOWN","13.3.73","51911119","9f31b60ef8310ea1b13072b3e355e4541af69429c8885c7c9ec94139a663a6ae","0","UNKNOWN","UNKNOWN","UNKNOWN","36578128","0","22252683","0","S64_PRP_65536","545a5cd984ca9c7c5fbc412a73deb6c5a07c68aea4b7665911c62f9890db3f27","0","0","0","430f77e57e47e8dbb5b457e8a24ea0688759ad26c02308e3737d6baca776dfce","primeforge.benchmark.raw.v1","0","2026-08-03T20:12:15Z","117522200","True","0","cuda","measure","6","30","210"
"primeforge.cpu.base2-strong-prp-u64.v1","64","71917beff6cecfd382879bdbba5364d484a2c2b78b49daea459764c5531ed455","64","65536","0","d06baafa3ea11cc6ce41949dd637f82a01cd5eb9","MSVC-195136252","C++23_RELEASE_TARGET","0","UNKNOWN","NOT_USED","0","9f31b60ef8310ea1b13072b3e355e4541af69429c8885c7c9ec94139a663a6ae","0","UNKNOWN","UNKNOWN","UNKNOWN","0","0","0","0","S64_PRP_65536","545a5cd984ca9c7c5fbc412a73deb6c5a07c68aea4b7665911c62f9890db3f27","0","11680100","0","430f77e57e47e8dbb5b457e8a24ea0688759ad26c02308e3737d6baca776dfce","primeforge.benchmark.raw.v1","0","2026-08-03T20:12:15Z","11704200","True","0","cpu","measure","7","1","211"
"primeforge.auto.cpu-cuda.base2-strong-prp-u64.v1[min=512]","2048","71917beff6cecfd382879bdbba5364d484a2c2b78b49daea459764c5531ed455","64","65536","0","d06baafa3ea11cc6ce41949dd637f82a01cd5eb9","MSVC-195136252","C++23_RELEASE_TARGET","0","UNKNOWN","13.3.73","1456126","9f31b60ef8310ea1b13072b3e355e4541af69429c8885c7c9ec94139a663a6ae","0","UNKNOWN","UNKNOWN","UNKNOWN","926464","0","727070","0","S64_PRP_65536","545a5cd984ca9c7c5fbc412a73deb6c5a07c68aea4b7665911c62f9890db3f27","0","0","0","430f77e57e47e8dbb5b457e8a24ea0688759ad26c02308e3737d6baca776dfce","primeforge.benchmark.raw.v1","0","2026-08-03T20:12:17Z","67212000","True","0","auto","measure","7","2","212"
"primeforge.cuda.base2-strong-prp-u64.v1","64","71917beff6cecfd382879bdbba5364d484a2c2b78b49daea459764c5531ed455","64","65536","0","d06baafa3ea11cc6ce41949dd637f82a01cd5eb9","MSVC-195136252","C++23_RELEASE_TARGET","0","UNKNOWN","13.3.73","50029685","9f31b60ef8310ea1b13072b3e355e4541af69429c8885c7c9ec94139a663a6ae","0","UNKNOWN","UNKNOWN","UNKNOWN","35721493","0","21264716","0","S64_PRP_65536","545a5cd984ca9c7c5fbc412a73deb6c5a07c68aea4b7665911c62f9890db3f27","0","0","0","430f77e57e47e8dbb5b457e8a24ea0688759ad26c02308e3737d6baca776dfce","primeforge.benchmark.raw.v1","0","2026-08-03T20:12:18Z","113770500","True","0","cuda","measure","7","3","213"
"primeforge.auto.cpu-cuda.base2-strong-prp-u64.v1[min=512]","64","71917beff6cecfd382879bdbba5364d484a2c2b78b49daea459764c5531ed455","64","65536","0","d06baafa3ea11cc6ce41949dd637f82a01cd5eb9","MSVC-195136252","C++23_RELEASE_TARGET","0","UNKNOWN","NOT_USED","0","9f31b60ef8310ea1b13072b3e355e4541af69429c8885c7c9ec94139a663a6ae","0","UNKNOWN","UNKNOWN","UNKNOWN","0","0","0","0","S64_PRP_65536","545a5cd984ca9c7c5fbc412a73deb6c5a07c68aea4b7665911c62f9890db3f27","0","11673500","0","430f77e57e47e8dbb5b457e8a24ea0688759ad26c02308e3737d6baca776dfce","primeforge.benchmark.raw.v1","0","2026-08-03T20:12:19Z","11702700","True","0","auto","measure","7","4","214"
"primeforge.auto.cpu-cuda.base2-strong-prp-u64.v1[min=512]","32","71917beff6cecfd382879bdbba5364d484a2c2b78b49daea459764c5531ed455","64","65536","0","d06baafa3ea11cc6ce41949dd637f82a01cd5eb9","MSVC-195136252","C++23_RELEASE_TARGET","0","UNKNOWN","NOT_USED","0","9f31b60ef8310ea1b13072b3e355e4541af69429c8885c7c9ec94139a663a6ae","0","UNKNOWN","UNKNOWN","UNKNOWN","0","0","0","0","S64_PRP_65536","545a5cd984ca9c7c5fbc412a73deb6c5a07c68aea4b7665911c62f9890db3f27","0","11728600","0","430f77e57e47e8dbb5b457e8a24ea0688759ad26c02308e3737d6baca776dfce","primeforge.benchmark.raw.v1","0","2026-08-03T20:12:20Z","11785800","True","0","auto","measure","7","5","215"
"primeforge.cuda.base2-strong-prp-u64.v1","1024","71917beff6cecfd382879bdbba5364d484a2c2b78b49daea459764c5531ed455","64","65536","0","d06baafa3ea11cc6ce41949dd637f82a01cd5eb9","MSVC-195136252","C++23_RELEASE_TARGET","0","UNKNOWN","13.3.73","2911167","9f31b60ef8310ea1b13072b3e355e4541af69429c8885c7c9ec94139a663a6ae","0","UNKNOWN","UNKNOWN","UNKNOWN","2056894","0","1511135","0","S64_PRP_65536","545a5cd984ca9c7c5fbc412a73deb6c5a07c68aea4b7665911c62f9890db3f27","0","0","0","430f77e57e47e8dbb5b457e8a24ea0688759ad26c02308e3737d6baca776dfce","primeforge.benchmark.raw.v1","0","2026-08-03T20:12:21Z","6933000","True","0","cuda","measure","7","6","216"
"primeforge.cuda.base2-strong-prp-u64.v1","2048","71917beff6cecfd382879bdbba5364d484a2c2b78b49daea459764c5531ed455","64","65536","0","d06baafa3ea11cc6ce41949dd637f82a01cd5eb9","MSVC-195136252","C++23_RELEASE_TARGET","0","UNKNOWN","13.3.73","1655296","9f31b60ef8310ea1b13072b3e355e4541af69429c8885c7c9ec94139a663a6ae","0","UNKNOWN","UNKNOWN","UNKNOWN","955648","0","852224","0","S64_PRP_65536","545a5cd984ca9c7c5fbc412a73deb6c5a07c68aea4b7665911c62f9890db3f27","0","0","0","430f77e57e47e8dbb5b457e8a24ea0688759ad26c02308e3737d6baca776dfce","primeforge.benchmark.raw.v1","0","2026-08-03T20:12:22Z","3775600","True","0","cuda","measure","7","7","217"
"primeforge.auto.cpu-cuda.base2-strong-prp-u64.v1[min=512]","128","71917beff6cecfd382879bdbba5364d484a2c2b78b49daea459764c5531ed455","64","65536","0","d06baafa3ea11cc6ce41949dd637f82a01cd5eb9","MSVC-195136252","C++23_RELEASE_TARGET","0","UNKNOWN","NOT_USED","0","9f31b60ef8310ea1b13072b3e355e4541af69429c8885c7c9ec94139a663a6ae","0","UNKNOWN","UNKNOWN","UNKNOWN","0","0","0","0","S64_PRP_65536","545a5cd984ca9c7c5fbc412a73deb6c5a07c68aea4b7665911c62f9890db3f27","0","11815800","0","430f77e57e47e8dbb5b457e8a24ea0688759ad26c02308e3737d6baca776dfce","primeforge.benchmark.raw.v1","0","2026-08-03T20:12:23Z","11831700","True","0","auto","measure","7","8","218"
"primeforge.cpu.base2-strong-prp-u64.v1","1024","71917beff6cecfd382879bdbba5364d484a2c2b78b49daea459764c5531ed455","64","65536","0","d06baafa3ea11cc6ce41949dd637f82a01cd5eb9","MSVC-195136252","C++23_RELEASE_TARGET","0","UNKNOWN","NOT_USED","0","9f31b60ef8310ea1b13072b3e355e4541af69429c8885c7c9ec94139a663a6ae","0","UNKNOWN","UNKNOWN","UNKNOWN","0","0","0","0","S64_PRP_65536","545a5cd984ca9c7c5fbc412a73deb6c5a07c68aea4b7665911c62f9890db3f27","0","15851100","0","430f77e57e47e8dbb5b457e8a24ea0688759ad26c02308e3737d6baca776dfce","primeforge.benchmark.raw.v1","0","2026-08-03T20:12:24Z","15859000","True","0","cpu","measure","7","9","219"
"primeforge.cpu.base2-strong-prp-u64.v1","4096","71917beff6cecfd382879bdbba5364d484a2c2b78b49daea459764c5531ed455","64","65536","0","d06baafa3ea11cc6ce41949dd637f82a01cd5eb9","MSVC-195136252","C++23_RELEASE_TARGET","0","UNKNOWN","NOT_USED","0","9f31b60ef8310ea1b13072b3e355e4541af69429c8885c7c9ec94139a663a6ae","0","UNKNOWN","UNKNOWN","UNKNOWN","0","0","0","0","S64_PRP_65536","545a5cd984ca9c7c5fbc412a73deb6c5a07c68aea4b7665911c62f9890db3f27","0","11408400","0","430f77e57e47e8dbb5b457e8a24ea0688759ad26c02308e3737d6baca776dfce","primeforge.benchmark.raw.v1","0","2026-08-03T20:12:25Z","11411300","True","0","cpu","measure","7","10","220"
"primeforge.cpu.base2-strong-prp-u64.v1","128","71917beff6cecfd382879bdbba5364d484a2c2b78b49daea459764c5531ed455","64","65536","0","d06baafa3ea11cc6ce41949dd637f82a01cd5eb9","MSVC-195136252","C++23_RELEASE_TARGET","0","UNKNOWN","NOT_USED","0","9f31b60ef8310ea1b13072b3e355e4541af69429c8885c7c9ec94139a663a6ae","0","UNKNOWN","UNKNOWN","UNKNOWN","0","0","0","0","S64_PRP_65536","545a5cd984ca9c7c5fbc412a73deb6c5a07c68aea4b7665911c62f9890db3f27","0","11642500","0","430f77e57e47e8dbb5b457e8a24ea0688759ad26c02308e3737d6baca776dfce","primeforge.benchmark.raw.v1","0","2026-08-03T20:12:26Z","11653800","True","0","cpu","measure","7","11","221"
"primeforge.cuda.base2-strong-prp-u64.v1","512","71917beff6cecfd382879bdbba5364d484a2c2b78b49daea459764c5531ed455","64","65536","0","d06baafa3ea11cc6ce41949dd637f82a01cd5eb9","MSVC-195136252","C++23_RELEASE_TARGET","0","UNKNOWN","13.3.73","5864863","9f31b60ef8310ea1b13072b3e355e4541af69429c8885c7c9ec94139a663a6ae","0","UNKNOWN","UNKNOWN","UNKNOWN","4295872","0","3038912","0","S64_PRP_65536","545a5cd984ca9c7c5fbc412a73deb6c5a07c68aea4b7665911c62f9890db3f27","0","0","0","430f77e57e47e8dbb5b457e8a24ea0688759ad26c02308e3737d6baca776dfce","primeforge.benchmark.raw.v1","0","2026-08-03T20:12:27Z","14048100","True","0","cuda","measure","7","12","222"
"primeforge.cuda.base2-strong-prp-u64.v1","32","71917beff6cecfd382879bdbba5364d484a2c2b78b49daea459764c5531ed455","64","65536","0","d06baafa3ea11cc6ce41949dd637f82a01cd5eb9","MSVC-195136252","C++23_RELEASE_TARGET","0","UNKNOWN","13.3.73","99724327","9f31b60ef8310ea1b13072b3e355e4541af69429c8885c7c9ec94139a663a6ae","0","UNKNOWN","UNKNOWN","UNKNOWN","68084382","0","41524885","0","S64_PRP_65536","545a5cd984ca9c7c5fbc412a73deb6c5a07c68aea4b7665911c62f9890db3f27","0","0","0","430f77e57e47e8dbb5b457e8a24ea0688759ad26c02308e3737d6baca776dfce","primeforge.benchmark.raw.v1","0","2026-08-03T20:12:28Z","223224100","True","0","cuda","measure","7","13","223"
"primeforge.auto.cpu-cuda.base2-strong-prp-u64.v1[min=512]","8192","71917beff6cecfd382879bdbba5364d484a2c2b78b49daea459764c5531ed455","64","65536","0","d06baafa3ea11cc6ce41949dd637f82a01cd5eb9","MSVC-195136252","C++23_RELEASE_TARGET","0","UNKNOWN","13.3.73","396288","9f31b60ef8310ea1b13072b3e355e4541af69429c8885c7c9ec94139a663a6ae","0","UNKNOWN","UNKNOWN","UNKNOWN","178688","0","216640","0","S64_PRP_65536","545a5cd984ca9c7c5fbc412a73deb6c5a07c68aea4b7665911c62f9890db3f27","0","0","0","430f77e57e47e8dbb5b457e8a24ea0688759ad26c02308e3737d6baca776dfce","primeforge.benchmark.raw.v1","0","2026-08-03T20:12:29Z","67144100","True","0","auto","measure","7","14","224"
"primeforge.cuda.base2-strong-prp-u64.v1","16384","71917beff6cecfd382879bdbba5364d484a2c2b78b49daea459764c5531ed455","64","65536","0","d06baafa3ea11cc6ce41949dd637f82a01cd5eb9","MSVC-195136252","C++23_RELEASE_TARGET","0","UNKNOWN","13.3.73","204864","9f31b60ef8310ea1b13072b3e355e4541af69429c8885c7c9ec94139a663a6ae","0","UNKNOWN","UNKNOWN","UNKNOWN","102624","0","178400","0","S64_PRP_65536","545a5cd984ca9c7c5fbc412a73deb6c5a07c68aea4b7665911c62f9890db3f27","0","0","0","430f77e57e47e8dbb5b457e8a24ea0688759ad26c02308e3737d6baca776dfce","primeforge.benchmark.raw.v1","0","2026-08-03T20:12:30Z","616400","True","0","cuda","measure","7","15","225"
"primeforge.cuda.base2-strong-prp-u64.v1","4096","71917beff6cecfd382879bdbba5364d484a2c2b78b49daea459764c5531ed455","64","65536","0","d06baafa3ea11cc6ce41949dd637f82a01cd5eb9","MSVC-195136252","C++23_RELEASE_TARGET","0","UNKNOWN","13.3.73","770592","9f31b60ef8310ea1b13072b3e355e4541af69429c8885c7c9ec94139a663a6ae","0","UNKNOWN","UNKNOWN","UNKNOWN","412896","0","526911","0","S64_PRP_65536","545a5cd984ca9c7c5fbc412a73deb6c5a07c68aea4b7665911c62f9890db3f27","0","0","0","430f77e57e47e8dbb5b457e8a24ea0688759ad26c02308e3737d6baca776dfce","primeforge.benchmark.raw.v1","0","2026-08-03T20:12:31Z","1898000","True","0","cuda","measure","7","16","226"
"primeforge.cuda.base2-strong-prp-u64.v1","8192","71917beff6cecfd382879bdbba5364d484a2c2b78b49daea459764c5531ed455","64","65536","0","d06baafa3ea11cc6ce41949dd637f82a01cd5eb9","MSVC-195136252","C++23_RELEASE_TARGET","0","UNKNOWN","13.3.73","363840","9f31b60ef8310ea1b13072b3e355e4541af69429c8885c7c9ec94139a663a6ae","0","UNKNOWN","UNKNOWN","UNKNOWN","377664","0","250239","0","S64_PRP_65536","545a5cd984ca9c7c5fbc412a73deb6c5a07c68aea4b7665911c62f9890db3f27","0","0","0","430f77e57e47e8dbb5b457e8a24ea0688759ad26c02308e3737d6baca776dfce","primeforge.benchmark.raw.v1","0","2026-08-03T20:12:32Z","1093400","True","0","cuda","measure","7","17","227"
"primeforge.auto.cpu-cuda.base2-strong-prp-u64.v1[min=512]","16384","71917beff6cecfd382879bdbba5364d484a2c2b78b49daea459764c5531ed455","64","65536","0","d06baafa3ea11cc6ce41949dd637f82a01cd5eb9","MSVC-195136252","C++23_RELEASE_TARGET","0","UNKNOWN","13.3.73","237248","9f31b60ef8310ea1b13072b3e355e4541af69429c8885c7c9ec94139a663a6ae","0","UNKNOWN","UNKNOWN","UNKNOWN","122400","0","213248","0","S64_PRP_65536","545a5cd984ca9c7c5fbc412a73deb6c5a07c68aea4b7665911c62f9890db3f27","0","0","0","430f77e57e47e8dbb5b457e8a24ea0688759ad26c02308e3737d6baca776dfce","primeforge.benchmark.raw.v1","0","2026-08-03T20:12:33Z","60776500","True","0","auto","measure","7","18","228"
"primeforge.cpu.base2-strong-prp-u64.v1","256","71917beff6cecfd382879bdbba5364d484a2c2b78b49daea459764c5531ed455","64","65536","0","d06baafa3ea11cc6ce41949dd637f82a01cd5eb9","MSVC-195136252","C++23_RELEASE_TARGET","0","UNKNOWN","NOT_USED","0","9f31b60ef8310ea1b13072b3e355e4541af69429c8885c7c9ec94139a663a6ae","0","UNKNOWN","UNKNOWN","UNKNOWN","0","0","0","0","S64_PRP_65536","545a5cd984ca9c7c5fbc412a73deb6c5a07c68aea4b7665911c62f9890db3f27","0","11679600","0","430f77e57e47e8dbb5b457e8a24ea0688759ad26c02308e3737d6baca776dfce","primeforge.benchmark.raw.v1","0","2026-08-03T20:12:34Z","11686500","True","0","cpu","measure","7","19","229"
"primeforge.auto.cpu-cuda.base2-strong-prp-u64.v1[min=512]","256","71917beff6cecfd382879bdbba5364d484a2c2b78b49daea459764c5531ed455","64","65536","0","d06baafa3ea11cc6ce41949dd637f82a01cd5eb9","MSVC-195136252","C++23_RELEASE_TARGET","0","UNKNOWN","NOT_USED","0","9f31b60ef8310ea1b13072b3e355e4541af69429c8885c7c9ec94139a663a6ae","0","UNKNOWN","UNKNOWN","UNKNOWN","0","0","0","0","S64_PRP_65536","545a5cd984ca9c7c5fbc412a73deb6c5a07c68aea4b7665911c62f9890db3f27","0","11599900","0","430f77e57e47e8dbb5b457e8a24ea0688759ad26c02308e3737d6baca776dfce","primeforge.benchmark.raw.v1","0","2026-08-03T20:12:35Z","11608300","True","0","auto","measure","7","20","230"
"primeforge.auto.cpu-cuda.base2-strong-prp-u64.v1[min=512]","512","71917beff6cecfd382879bdbba5364d484a2c2b78b49daea459764c5531ed455","64","65536","0","d06baafa3ea11cc6ce41949dd637f82a01cd5eb9","MSVC-195136252","C++23_RELEASE_TARGET","0","UNKNOWN","13.3.73","6353470","9f31b60ef8310ea1b13072b3e355e4541af69429c8885c7c9ec94139a663a6ae","0","UNKNOWN","UNKNOWN","UNKNOWN","4062142","0","3174974","0","S64_PRP_65536","545a5cd984ca9c7c5fbc412a73deb6c5a07c68aea4b7665911c62f9890db3f27","0","0","0","430f77e57e47e8dbb5b457e8a24ea0688759ad26c02308e3737d6baca776dfce","primeforge.benchmark.raw.v1","0","2026-08-03T20:12:36Z","82339800","True","0","auto","measure","7","21","231"
"primeforge.cpu.base2-strong-prp-u64.v1","512","71917beff6cecfd382879bdbba5364d484a2c2b78b49daea459764c5531ed455","64","65536","0","d06baafa3ea11cc6ce41949dd637f82a01cd5eb9","MSVC-195136252","C++23_RELEASE_TARGET","0","UNKNOWN","NOT_USED","0","9f31b60ef8310ea1b13072b3e355e4541af69429c8885c7c9ec94139a663a6ae","0","UNKNOWN","UNKNOWN","UNKNOWN","0","0","0","0","S64_PRP_65536","545a5cd984ca9c7c5fbc412a73deb6c5a07c68aea4b7665911c62f9890db3f27","0","23337700","0","430f77e57e47e8dbb5b457e8a24ea0688759ad26c02308e3737d6baca776dfce","primeforge.benchmark.raw.v1","0","2026-08-03T20:12:37Z","23353200","True","0","cpu","measure","7","22","232"
"primeforge.cuda.base2-strong-prp-u64.v1","256","71917beff6cecfd382879bdbba5364d484a2c2b78b49daea459764c5531ed455","64","65536","0","d06baafa3ea11cc6ce41949dd637f82a01cd5eb9","MSVC-195136252","C++23_RELEASE_TARGET","0","UNKNOWN","13.3.73","11910110","9f31b60ef8310ea1b13072b3e355e4541af69429c8885c7c9ec94139a663a6ae","0","UNKNOWN","UNKNOWN","UNKNOWN","8357024","0","6007382","0","S64_PRP_65536","545a5cd984ca9c7c5fbc412a73deb6c5a07c68aea4b7665911c62f9890db3f27","0","0","0","430f77e57e47e8dbb5b457e8a24ea0688759ad26c02308e3737d6baca776dfce","primeforge.benchmark.raw.v1","0","2026-08-03T20:12:38Z","27993900","True","0","cuda","measure","7","23","233"
"primeforge.cpu.base2-strong-prp-u64.v1","8192","71917beff6cecfd382879bdbba5364d484a2c2b78b49daea459764c5531ed455","64","65536","0","d06baafa3ea11cc6ce41949dd637f82a01cd5eb9","MSVC-195136252","C++23_RELEASE_TARGET","0","UNKNOWN","NOT_USED","0","9f31b60ef8310ea1b13072b3e355e4541af69429c8885c7c9ec94139a663a6ae","0","UNKNOWN","UNKNOWN","UNKNOWN","0","0","0","0","S64_PRP_65536","545a5cd984ca9c7c5fbc412a73deb6c5a07c68aea4b7665911c62f9890db3f27","0","10535600","0","430f77e57e47e8dbb5b457e8a24ea0688759ad26c02308e3737d6baca776dfce","primeforge.benchmark.raw.v1","0","2026-08-03T20:12:39Z","10537500","True","0","cpu","measure","7","24","234"
"primeforge.auto.cpu-cuda.base2-strong-prp-u64.v1[min=512]","4096","71917beff6cecfd382879bdbba5364d484a2c2b78b49daea459764c5531ed455","64","65536","0","d06baafa3ea11cc6ce41949dd637f82a01cd5eb9","MSVC-195136252","C++23_RELEASE_TARGET","0","UNKNOWN","13.3.73","665087","9f31b60ef8310ea1b13072b3e355e4541af69429c8885c7c9ec94139a663a6ae","0","UNKNOWN","UNKNOWN","UNKNOWN","428032","0","414624","0","S64_PRP_65536","545a5cd984ca9c7c5fbc412a73deb6c5a07c68aea4b7665911c62f9890db3f27","0","0","0","430f77e57e47e8dbb5b457e8a24ea0688759ad26c02308e3737d6baca776dfce","primeforge.benchmark.raw.v1","0","2026-08-03T20:12:40Z","65610200","True","0","auto","measure","7","25","235"
"primeforge.cpu.base2-strong-prp-u64.v1","32","71917beff6cecfd382879bdbba5364d484a2c2b78b49daea459764c5531ed455","64","65536","0","d06baafa3ea11cc6ce41949dd637f82a01cd5eb9","MSVC-195136252","C++23_RELEASE_TARGET","0","UNKNOWN","NOT_USED","0","9f31b60ef8310ea1b13072b3e355e4541af69429c8885c7c9ec94139a663a6ae","0","UNKNOWN","UNKNOWN","UNKNOWN","0","0","0","0","S64_PRP_65536","545a5cd984ca9c7c5fbc412a73deb6c5a07c68aea4b7665911c62f9890db3f27","0","11625800","0","430f77e57e47e8dbb5b457e8a24ea0688759ad26c02308e3737d6baca776dfce","primeforge.benchmark.raw.v1","0","2026-08-03T20:12:41Z","11669500","True","0","cpu","measure","7","26","236"
"primeforge.cpu.base2-strong-prp-u64.v1","2048","71917beff6cecfd382879bdbba5364d484a2c2b78b49daea459764c5531ed455","64","65536","0","d06baafa3ea11cc6ce41949dd637f82a01cd5eb9","MSVC-195136252","C++23_RELEASE_TARGET","0","UNKNOWN","NOT_USED","0","9f31b60ef8310ea1b13072b3e355e4541af69429c8885c7c9ec94139a663a6ae","0","UNKNOWN","UNKNOWN","UNKNOWN","0","0","0","0","S64_PRP_65536","545a5cd984ca9c7c5fbc412a73deb6c5a07c68aea4b7665911c62f9890db3f27","0","13310900","0","430f77e57e47e8dbb5b457e8a24ea0688759ad26c02308e3737d6baca776dfce","primeforge.benchmark.raw.v1","0","2026-08-03T20:12:42Z","13317600","True","0","cpu","measure","7","27","237"
"primeforge.cpu.base2-strong-prp-u64.v1","16384","71917beff6cecfd382879bdbba5364d484a2c2b78b49daea459764c5531ed455","64","65536","0","d06baafa3ea11cc6ce41949dd637f82a01cd5eb9","MSVC-195136252","C++23_RELEASE_TARGET","0","UNKNOWN","NOT_USED","0","9f31b60ef8310ea1b13072b3e355e4541af69429c8885c7c9ec94139a663a6ae","0","UNKNOWN","UNKNOWN","UNKNOWN","0","0","0","0","S64_PRP_65536","545a5cd984ca9c7c5fbc412a73deb6c5a07c68aea4b7665911c62f9890db3f27","0","5740800","0","430f77e57e47e8dbb5b457e8a24ea0688759ad26c02308e3737d6baca776dfce","primeforge.benchmark.raw.v1","0","2026-08-03T20:12:43Z","5742000","True","0","cpu","measure","7","28","238"
"primeforge.cuda.base2-strong-prp-u64.v1","128","71917beff6cecfd382879bdbba5364d484a2c2b78b49daea459764c5531ed455","64","65536","0","d06baafa3ea11cc6ce41949dd637f82a01cd5eb9","MSVC-195136252","C++23_RELEASE_TARGET","0","UNKNOWN","13.3.73","27612919","9f31b60ef8310ea1b13072b3e355e4541af69429c8885c7c9ec94139a663a6ae","0","UNKNOWN","UNKNOWN","UNKNOWN","22292415","0","12516375","0","S64_PRP_65536","545a5cd984ca9c7c5fbc412a73deb6c5a07c68aea4b7665911c62f9890db3f27","0","0","0","430f77e57e47e8dbb5b457e8a24ea0688759ad26c02308e3737d6baca776dfce","primeforge.benchmark.raw.v1","0","2026-08-03T20:12:44Z","66011300","True","0","cuda","measure","7","29","239"
"primeforge.auto.cpu-cuda.base2-strong-prp-u64.v1[min=512]","1024","71917beff6cecfd382879bdbba5364d484a2c2b78b49daea459764c5531ed455","64","65536","0","d06baafa3ea11cc6ce41949dd637f82a01cd5eb9","MSVC-195136252","C++23_RELEASE_TARGET","0","UNKNOWN","13.3.73","3517312","9f31b60ef8310ea1b13072b3e355e4541af69429c8885c7c9ec94139a663a6ae","0","UNKNOWN","UNKNOWN","UNKNOWN","2793216","0","1642112","0","S64_PRP_65536","545a5cd984ca9c7c5fbc412a73deb6c5a07c68aea4b7665911c62f9890db3f27","0","0","0","430f77e57e47e8dbb5b457e8a24ea0688759ad26c02308e3737d6baca776dfce","primeforge.benchmark.raw.v1","0","2026-08-03T20:12:45Z","69868100","True","0","auto","measure","7","30","240"
