Start (ns),End (ns),Duration (ns),DurChild (ns),DurNonChild (ns),Name,PID,TID,Lvl,NumChild,RangeId,ParentId,RangeStack,NameTree
421371373,421503356,131983,0,131983,:candidate_generation,37420,24796,0,0,1,,:1,:candidate_generation
422029188,423204516,1175328,0,1175328,:result_io,37420,24796,0,0,2,,:2,:result_io
423206256,425124609,1918353,0,1918353,:checkpoint,37420,24796,0,0,3,,:3,:checkpoint
425126769,472493468,47366699,0,47366699,:congruence_compile,37420,24796,0,0,4,,:4,:congruence_compile
472523119,558130376,85607257,0,85607257,:sieve,37420,24796,0,0,5,,:5,:sieve
558216438,559967968,1751530,0,1751530,:candidate_pack,37420,24796,0,0,6,,:6,:candidate_pack
559998549,562097047,2098498,0,2098498,:candidate_pack,37420,24796,0,0,7,,:7,:candidate_pack
560107662,816867189,256759527,0,256759527,:prp_batch,37420,18656,0,0,1521,,:1521,:prp_batch
818001075,1219188896,401187821,0,401187821,:verification,37420,18656,0,0,1522,,:1522,:verification
818150553,819319530,1168977,0,1168977,:proof,37420,13848,0,0,1529,,:1529,:proof
1219288088,1219518374,230286,0,230286,:prp_batch,37420,18656,0,0,1523,,:1523,:prp_batch
1219416966,1226433828,7016862,0,7016862,:proof,37420,24796,0,0,8,,:8,:proof
1226881088,1228936225,2055137,0,2055137,:proof,37420,24796,0,0,9,,:9,:proof
1229253043,1231228383,1975340,0,1975340,:proof,37420,24796,0,0,10,,:10,:proof
1231309085,1233370537,2061452,0,2061452,:proof,37420,24796,0,0,11,,:11,:proof
1233609543,1239668171,6058628,0,6058628,:proof,37420,24796,0,0,12,,:12,:proof
1240000179,1241836132,1835953,0,1835953,:proof,37420,24796,0,0,13,,:13,:proof
1242034116,1244266448,2232332,0,2232332,:proof,37420,24796,0,0,14,,:14,:proof
1244447392,1246614791,2167399,0,2167399,:proof,37420,24796,0,0,15,,:15,:proof
1247081992,1249282877,2200885,0,2200885,:proof,37420,24796,0,0,16,,:16,:proof
1249413820,1251383200,1969380,0,1969380,:proof,37420,24796,0,0,17,,:17,:proof
1251767049,1253991941,2224892,0,2224892,:proof,37420,24796,0,0,18,,:18,:proof
1254215056,1260955191,6740135,0,6740135,:proof,37420,24796,0,0,19,,:19,:proof
1261367811,1267731016,6363205,0,6363205,:proof,37420,24796,0,0,20,,:20,:proof
1267941561,1269793234,1851673,0,1851673,:proof,37420,24796,0,0,21,,:21,:proof
1269984328,1272225190,2240862,0,2240862,:proof,37420,24796,0,0,22,,:22,:proof
1272402014,1274331839,1929825,0,1929825,:proof,37420,24796,0,0,23,,:23,:proof
1274449972,1276459718,2009746,0,2009746,:proof,37420,24796,0,0,24,,:24,:proof
1276891158,1278924764,2033606,0,2033606,:proof,37420,24796,0,0,25,,:25,:proof
1279116169,1284787958,5671789,0,5671789,:proof,37420,24796,0,0,26,,:26,:proof
1284871940,1286688433,1816493,0,1816493,:proof,37420,24796,0,0,27,,:27,:proof
1286893777,1289029916,2136139,0,2136139,:proof,37420,24796,0,0,28,,:28,:proof
1289305733,1291358869,2053136,0,2053136,:proof,37420,24796,0,0,29,,:29,:proof
1291482282,1297222524,5740242,0,5740242,:proof,37420,24796,0,0,30,,:30,:proof
1297334687,1299323343,1988656,0,1988656,:proof,37420,24796,0,0,31,,:31,:proof
1299646070,1306132110,6486040,0,6486040,:proof,37420,24796,0,0,32,,:32,:proof
1306430207,1308384191,1953984,0,1953984,:proof,37420,24796,0,0,33,,:33,:proof
1308533345,1314869660,6336315,0,6336315,:proof,37420,24796,0,0,34,,:34,:proof
1315184327,1317126472,1942145,0,1942145,:proof,37420,24796,0,0,35,,:35,:proof
1317352027,1322896505,5544478,0,5544478,:proof,37420,24796,0,0,36,,:36,:proof
1323042158,1324960652,1918494,0,1918494,:proof,37420,24796,0,0,37,,:37,:proof
1325346981,1327093236,1746255,0,1746255,:proof,37420,24796,0,0,38,,:38,:proof
1327263010,1329163529,1900519,0,1900519,:proof,37420,24796,0,0,39,,:39,:proof
1329563718,1335907063,6343345,0,6343345,:proof,37420,24796,0,0,40,,:40,:proof
1336170889,1338208126,2037237,0,2037237,:proof,37420,24796,0,0,41,,:41,:proof
1338322089,1340119640,1797551,0,1797551,:proof,37420,24796,0,0,42,,:42,:proof
1340238803,1342050215,1811412,0,1811412,:proof,37420,24796,0,0,43,,:43,:proof
1342290291,1347910950,5620659,0,5620659,:proof,37420,24796,0,0,44,,:44,:proof
1348128105,1350139441,2011336,0,2011336,:proof,37420,24796,0,0,45,,:45,:proof
1350247084,1351907721,1660637,0,1660637,:proof,37420,24796,0,0,46,,:46,:proof
1352482774,1355549015,3066241,0,3066241,:proof,37420,24796,0,0,47,,:47,:proof
1355722179,1357522926,1800747,0,1800747,:proof,37420,24796,0,0,48,,:48,:proof
1357699410,1363144580,5445170,0,5445170,:proof,37420,24796,0,0,49,,:49,:proof
1363303744,1368802690,5498946,0,5498946,:proof,37420,24796,0,0,50,,:50,:proof
1369040335,1370894678,1854343,0,1854343,:proof,37420,24796,0,0,51,,:51,:proof
1371080922,1373024206,1943284,0,1943284,:proof,37420,24796,0,0,52,,:52,:proof
1373401905,1375078964,1677059,0,1677059,:proof,37420,24796,0,0,53,,:53,:proof
1375366971,1381495471,6128500,0,6128500,:proof,37420,24796,0,0,54,,:54,:proof
1381780338,1383672902,1892564,0,1892564,:proof,37420,24796,0,0,55,,:55,:proof
1383889127,1389924456,6035329,0,6035329,:proof,37420,24796,0,0,56,,:56,:proof
1390443228,1396698471,6255243,0,6255243,:proof,37420,24796,0,0,57,,:57,:proof
1396788713,1398492312,1703599,0,1703599,:proof,37420,24796,0,0,58,,:58,:proof
1398704707,1404170613,5465906,0,5465906,:proof,37420,24796,0,0,59,,:59,:proof
1404467080,1406643749,2176669,0,2176669,:proof,37420,24796,0,0,60,,:60,:proof
1406893315,1412787000,5893685,0,5893685,:proof,37420,24796,0,0,61,,:61,:proof
1412930174,1418391030,5460856,0,5460856,:proof,37420,24796,0,0,62,,:62,:proof
1418815600,1420883497,2067897,0,2067897,:proof,37420,24796,0,0,63,,:63,:proof
1420995670,1422897573,1901903,0,1901903,:proof,37420,24796,0,0,64,,:64,:proof
1423033226,1424928700,1895474,0,1895474,:proof,37420,24796,0,0,65,,:65,:proof
1425107064,1427036679,1929615,0,1929615,:proof,37420,24796,0,0,66,,:66,:proof
1427499940,1429639359,2139419,0,2139419,:proof,37420,24796,0,0,67,,:67,:proof
1429738811,1431616224,1877413,0,1877413,:proof,37420,24796,0,0,68,,:68,:proof
1432057604,1434013749,1956145,0,1956145,:proof,37420,24796,0,0,69,,:69,:proof
1434134942,1436060906,1925964,0,1925964,:proof,37420,24796,0,0,70,,:70,:proof
1436236950,1442497473,6260523,0,6260523,:proof,37420,24796,0,0,71,,:71,:proof
1442605806,1448191465,5585659,0,5585659,:proof,37420,24796,0,0,72,,:72,:proof
1448348959,1450376334,2027375,0,2027375,:proof,37420,24796,0,0,73,,:73,:proof
1450606170,1452362990,1756820,0,1756820,:proof,37420,24796,0,0,74,,:74,:proof
1452592345,1454308546,1716201,0,1716201,:proof,37420,24796,0,0,75,,:75,:proof
1454479280,1460682722,6203442,0,6203442,:proof,37420,24796,0,0,76,,:76,:proof
1461016560,1466491116,5474556,0,5474556,:proof,37420,24796,0,0,77,,:77,:proof
1466777292,1468592544,1815252,0,1815252,:proof,37420,24796,0,0,78,,:78,:proof
1469009003,1470713743,1704740,0,1704740,:proof,37420,24796,0,0,79,,:79,:proof
1471161393,1473022996,1861603,0,1861603,:proof,37420,24796,0,0,80,,:80,:proof
1473133058,1479936575,6803517,0,6803517,:proof,37420,24796,0,0,81,,:81,:proof
1480350314,1482238948,1888634,0,1888634,:proof,37420,24796,0,0,82,,:82,:proof
1482407551,1484248364,1840813,0,1840813,:proof,37420,24796,0,0,83,,:83,:proof
1484328695,1490360484,6031789,0,6031789,:proof,37420,24796,0,0,84,,:84,:proof
1491280985,1493044396,1763411,0,1763411,:proof,37420,24796,0,0,85,,:85,:proof
1493172669,1495311077,2138408,0,2138408,:proof,37420,24796,0,0,86,,:86,:proof
1495648695,1497371445,1722750,0,1722750,:proof,37420,24796,0,0,87,,:87,:proof
1497588320,1499451083,1862763,0,1862763,:proof,37420,24796,0,0,88,,:88,:proof
1499639167,1501480520,1841353,0,1841353,:proof,37420,24796,0,0,89,,:89,:proof
1501597853,1503262201,1664348,0,1664348,:proof,37420,24796,0,0,90,,:90,:proof
1503663660,1510247841,6584181,0,6584181,:proof,37420,24796,0,0,91,,:91,:proof
1511111861,1513214060,2102199,0,2102199,:proof,37420,24796,0,0,92,,:92,:proof
1513480486,1515205875,1725389,0,1725389,:proof,37420,24796,0,0,93,,:93,:proof
1515487352,1517421646,1934294,0,1934294,:proof,37420,24796,0,0,94,,:94,:proof
1517586550,1523834044,6247494,0,6247494,:proof,37420,24796,0,0,95,,:95,:proof
1523959837,1525747467,1787630,0,1787630,:proof,37420,24796,0,0,96,,:96,:proof
1526108205,1528138052,2029847,0,2029847,:proof,37420,24796,0,0,97,,:97,:proof
1528335417,1530149819,1814402,0,1814402,:proof,37420,24796,0,0,98,,:98,:proof
1530520027,1532268497,1748470,0,1748470,:proof,37420,24796,0,0,99,,:99,:proof
1532408020,1538113792,5705772,0,5705772,:proof,37420,24796,0,0,100,,:100,:proof
1538308836,1540358243,2049407,0,2049407,:proof,37420,24796,0,0,101,,:101,:proof
1540468836,1542311948,1843112,0,1843112,:proof,37420,24796,0,0,102,,:102,:proof
1542408530,1544293984,1885454,0,1885454,:proof,37420,24796,0,0,103,,:103,:proof
1544609481,1546343840,1734359,0,1734359,:proof,37420,24796,0,0,104,,:104,:proof
1546763820,1548465869,1702049,0,1702049,:proof,37420,24796,0,0,105,,:105,:proof
1548569891,1554595451,6025560,0,6025560,:proof,37420,24796,0,0,106,,:106,:proof
1554693343,1556616517,1923174,0,1923174,:proof,37420,24796,0,0,107,,:107,:proof
1556746410,1563421874,6675464,0,6675464,:proof,37420,24796,0,0,108,,:108,:proof
1563784482,1565519352,1734870,0,1734870,:proof,37420,24796,0,0,109,,:109,:proof
1566024463,1567781183,1756720,0,1756720,:proof,37420,24796,0,0,110,,:110,:proof
1568075010,1569771834,1696824,0,1696824,:proof,37420,24796,0,0,111,,:111,:proof
1569921128,1575729766,5808638,0,5808638,:proof,37420,24796,0,0,112,,:112,:proof
1575940491,1581372766,5432275,0,5432275,:proof,37420,24796,0,0,113,,:113,:proof
1581838127,1583782151,1944024,0,1944024,:proof,37420,24796,0,0,114,,:114,:proof
1583965925,1585659499,1693574,0,1693574,:proof,37420,24796,0,0,115,,:115,:proof
1585962166,1587639939,1677773,0,1677773,:proof,37420,24796,0,0,116,,:116,:proof
1588217483,1590021445,1803962,0,1803962,:proof,37420,24796,0,0,117,,:117,:proof
1590653159,1592307458,1654299,0,1654299,:proof,37420,24796,0,0,118,,:118,:proof
1592638535,1599237156,6598621,0,6598621,:proof,37420,24796,0,0,119,,:119,:proof
1599361119,1604811165,5450046,0,5450046,:proof,37420,24796,0,0,120,,:120,:proof
1605089741,1606932353,1842612,0,1842612,:proof,37420,24796,0,0,121,,:121,:proof
1607180839,1609640806,2459967,0,2459967,:proof,37420,24796,0,0,122,,:122,:proof
1609727738,1611625391,1897653,0,1897653,:proof,37420,24796,0,0,123,,:123,:proof
1611807745,1617207570,5399825,0,5399825,:proof,37420,24796,0,0,124,,:124,:proof
1617709281,1623259239,5549958,0,5549958,:proof,37420,24796,0,0,125,,:125,:proof
1623408262,1625318656,1910394,0,1910394,:proof,37420,24796,0,0,126,,:126,:proof
1625634013,1627650114,2016101,0,2016101,:proof,37420,24796,0,0,127,,:127,:proof
1628542515,1630370222,1827707,0,1827707,:proof,37420,24796,0,0,128,,:128,:proof
1630650329,1637058556,6408227,0,6408227,:proof,37420,24796,0,0,129,,:129,:proof
1637253901,1639433981,2180080,0,2180080,:proof,37420,24796,0,0,130,,:130,:proof
1639853160,1641559420,1706260,0,1706260,:proof,37420,24796,0,0,131,,:131,:proof
1641664772,1643364381,1699609,0,1699609,:proof,37420,24796,0,0,132,,:132,:proof
1643545195,1649177755,5632560,0,5632560,:proof,37420,24796,0,0,133,,:133,:proof
1649319478,1651023947,1704469,0,1704469,:proof,37420,24796,0,0,134,,:134,:proof
1651590420,1653385651,1795231,0,1795231,:proof,37420,24796,0,0,135,,:135,:proof
1653515774,1660140346,6624572,0,6624572,:proof,37420,24796,0,0,136,,:136,:proof
1661161030,1666915942,5754912,0,5754912,:proof,37420,24796,0,0,137,,:137,:proof
1667213629,1672573152,5359523,0,5359523,:proof,37420,24796,0,0,138,,:138,:proof
1672804947,1674844715,2039768,0,2039768,:proof,37420,24796,0,0,139,,:139,:proof
1675060560,1676978223,1917663,0,1917663,:proof,37420,24796,0,0,140,,:140,:proof
1677359772,1679733216,2373444,0,2373444,:proof,37420,24796,0,0,141,,:141,:proof
1680017443,1681687162,1669719,0,1669719,:proof,37420,24796,0,0,142,,:142,:proof
1681853285,1683901083,2047798,0,2047798,:proof,37420,24796,0,0,143,,:143,:proof
1684070527,1690450763,6380236,0,6380236,:proof,37420,24796,0,0,144,,:144,:proof
1691164210,1692945160,1780950,0,1780950,:proof,37420,24796,0,0,145,,:145,:proof
1693518884,1699498541,5979657,0,5979657,:proof,37420,24796,0,0,146,,:146,:proof
1700540925,1702307356,1766431,0,1766431,:proof,37420,24796,0,0,147,,:147,:proof
1702438789,1707832063,5393274,0,5393274,:proof,37420,24796,0,0,148,,:148,:proof
1708178501,1714235579,6057078,0,6057078,:proof,37420,24796,0,0,149,,:149,:proof
1714490135,1719784428,5294293,0,5294293,:proof,37420,24796,0,0,150,,:150,:proof
1720031293,1722275225,2243932,0,2243932,:proof,37420,24796,0,0,151,,:151,:proof
1722384587,1728574640,6190053,0,6190053,:proof,37420,24796,0,0,152,,:152,:proof
1728715583,1730578746,1863163,0,1863163,:proof,37420,24796,0,0,153,,:153,:proof
1730717429,1732551365,1833936,0,1833936,:proof,37420,24796,0,0,154,,:154,:proof
1733290672,1738674936,5384264,0,5384264,:proof,37420,24796,0,0,155,,:155,:proof
1739119577,1744547007,5427430,0,5427430,:proof,37420,24796,0,0,156,,:156,:proof
1744709360,1746615134,1905774,0,1905774,:proof,37420,24796,0,0,157,,:157,:proof
1746750167,1752900888,6150721,0,6150721,:proof,37420,24796,0,0,158,,:158,:proof
1753692866,1759248044,5555178,0,5555178,:proof,37420,24796,0,0,159,,:159,:proof
1759584472,1762142921,2558449,0,2558449,:proof,37420,24796,0,0,160,,:160,:proof
1762326785,1769037009,6710224,0,6710224,:proof,37420,24796,0,0,161,,:161,:proof
1769203413,1775035708,5832295,0,5832295,:proof,37420,24796,0,0,162,,:162,:proof
1775177351,1781106657,5929306,0,5929306,:proof,37420,24796,0,0,163,,:163,:proof
1781520426,1787508214,5987788,0,5987788,:proof,37420,24796,0,0,164,,:164,:proof
1787811031,1789906699,2095668,0,2095668,:proof,37420,24796,0,0,165,,:165,:proof
1790175856,1792113820,1937964,0,1937964,:proof,37420,24796,0,0,166,,:166,:proof
1792341925,1794104145,1762220,0,1762220,:proof,37420,24796,0,0,167,,:167,:proof
1794336500,1799547471,5210971,0,5210971,:proof,37420,24796,0,0,168,,:168,:proof
1799838718,1806498480,6659762,0,6659762,:proof,37420,24796,0,0,169,,:169,:proof
1806700345,1808921801,2221456,0,2221456,:proof,37420,24796,0,0,170,,:170,:proof
1809351971,1811411304,2059333,0,2059333,:proof,37420,24796,0,0,171,,:171,:proof
1811514046,1813466131,1952085,0,1952085,:proof,37420,24796,0,0,172,,:172,:proof
1813610914,1815691726,2080812,0,2080812,:proof,37420,24796,0,0,173,,:173,:proof
1816013824,1818013415,1999591,0,1999591,:proof,37420,24796,0,0,174,,:174,:proof
1818204710,1824593516,6388806,0,6388806,:proof,37420,24796,0,0,175,,:175,:proof
1825142438,1831332162,6189724,0,6189724,:proof,37420,24796,0,0,176,,:176,:proof
1831619238,1833596143,1976905,0,1976905,:proof,37420,24796,0,0,177,,:177,:proof
1833713266,1840159104,6445838,0,6445838,:proof,37420,24796,0,0,178,,:178,:proof
1840462761,1847187626,6724865,0,6724865,:proof,37420,24796,0,0,179,,:179,:proof
1847525103,1854316739,6791636,0,6791636,:proof,37420,24796,0,0,180,,:180,:proof
1854778860,1857100088,2321228,0,2321228,:proof,37420,24796,0,0,181,,:181,:proof
1857291953,1863208724,5916771,0,5916771,:proof,37420,24796,0,0,182,,:182,:proof
1863338197,1865229411,1891214,0,1891214,:proof,37420,24796,0,0,183,,:183,:proof
1866441489,1868381223,1939734,0,1939734,:proof,37420,24796,0,0,184,,:184,:proof
1868553617,1875160608,6606991,0,6606991,:proof,37420,24796,0,0,185,,:185,:proof
1875506176,1881041323,5535147,0,5535147,:proof,37420,24796,0,0,186,,:186,:proof
1881500104,1888206569,6706465,0,6706465,:proof,37420,24796,0,0,187,,:187,:proof
1888429544,1890361228,1931684,0,1931684,:proof,37420,24796,0,0,188,,:188,:proof
1890675155,1892619790,1944635,0,1944635,:proof,37420,24796,0,0,189,,:189,:proof
1892854185,1898695890,5841705,0,5841705,:proof,37420,24796,0,0,190,,:190,:proof
1898928995,1904922583,5993588,0,5993588,:proof,37420,24796,0,0,191,,:191,:proof
1905589698,1907482732,1893034,0,1893034,:proof,37420,24796,0,0,192,,:192,:proof
1907646536,1909543034,1896498,0,1896498,:proof,37420,24796,0,0,193,,:193,:proof
1909876711,1916736529,6859818,0,6859818,:proof,37420,24796,0,0,194,,:194,:proof
1916900793,1918970485,2069692,0,2069692,:proof,37420,24796,0,0,195,,:195,:proof
1919154679,1924716028,5561349,0,5561349,:proof,37420,24796,0,0,196,,:196,:proof
1924906672,1926847337,1940665,0,1940665,:proof,37420,24796,0,0,197,,:197,:proof
1926993320,1928931719,1938399,0,1938399,:proof,37420,24796,0,0,198,,:198,:proof
1929354289,1931016588,1662299,0,1662299,:proof,37420,24796,0,0,199,,:199,:proof
1931342675,1933412768,2070093,0,2070093,:proof,37420,24796,0,0,200,,:200,:proof
1933538831,1935508465,1969634,0,1969634,:proof,37420,24796,0,0,201,,:201,:proof
1935737461,1941463072,5725611,0,5725611,:proof,37420,24796,0,0,202,,:202,:proof
1941605385,1943461548,1856163,0,1856163,:proof,37420,24796,0,0,203,,:203,:proof
1943850977,1950629524,6778547,0,6778547,:proof,37420,24796,0,0,204,,:204,:proof
1950775067,1956624311,5849244,0,5849244,:proof,37420,24796,0,0,205,,:205,:proof
1956885767,1958615266,1729499,0,1729499,:proof,37420,24796,0,0,206,,:206,:proof
1958902193,1960756346,1854153,0,1854153,:proof,37420,24796,0,0,207,,:207,:proof
1961144975,1967605774,6460799,0,6460799,:proof,37420,24796,0,0,208,,:208,:proof
1967819669,1969627430,1807761,0,1807761,:proof,37420,24796,0,0,209,,:209,:proof
1969883946,1976075208,6191262,0,6191262,:proof,37420,24796,0,0,210,,:210,:proof
1976776725,1982641204,5864479,0,5864479,:proof,37420,24796,0,0,211,,:211,:proof
1983252199,1989734562,6482363,0,6482363,:proof,37420,24796,0,0,212,,:212,:proof
1989912597,1996066148,6153551,0,6153551,:proof,37420,24796,0,0,213,,:213,:proof
1996187321,1997977602,1790281,0,1790281,:proof,37420,24796,0,0,214,,:214,:proof
1998111375,1999974627,1863252,0,1863252,:proof,37420,24796,0,0,215,,:215,:proof
2000211552,2005539536,5327984,0,5327984,:proof,37420,24796,0,0,216,,:216,:proof
2006353424,2008126515,1773091,0,1773091,:proof,37420,24796,0,0,217,,:217,:proof
2008293429,2010121790,1828361,0,1828361,:proof,37420,24796,0,0,218,,:218,:proof
2010329435,2016314873,5985438,0,5985438,:proof,37420,24796,0,0,219,,:219,:proof
2016849496,2018683668,1834172,0,1834172,:proof,37420,24796,0,0,220,,:220,:proof
2018767410,2020472009,1704599,0,1704599,:proof,37420,24796,0,0,221,,:221,:proof
2020954190,2022940905,1986715,0,1986715,:proof,37420,24796,0,0,222,,:222,:proof
2023166770,2028722639,5555869,0,5555869,:proof,37420,24796,0,0,223,,:223,:proof
2028845251,2030566401,1721150,0,1721150,:proof,37420,24796,0,0,224,,:224,:proof
2030891028,2032660739,1769711,0,1769711,:proof,37420,24796,0,0,225,,:225,:proof
2032872324,2034728606,1856282,0,1856282,:proof,37420,24796,0,0,226,,:226,:proof
2034851398,2036512128,1660730,0,1660730,:proof,37420,24796,0,0,227,,:227,:proof
2036629410,2038326889,1697479,0,1697479,:proof,37420,24796,0,0,228,,:228,:proof
2038448282,2040257463,1809181,0,1809181,:proof,37420,24796,0,0,229,,:229,:proof
2040682223,2042572077,1889854,0,1889854,:proof,37420,24796,0,0,230,,:230,:proof
2042858773,2048904081,6045308,0,6045308,:proof,37420,24796,0,0,231,,:231,:proof
2049063195,2055810881,6747686,0,6747686,:proof,37420,24796,0,0,232,,:232,:proof
2056334113,2058178626,1844513,0,1844513,:proof,37420,24796,0,0,233,,:233,:proof
2058627846,2060459997,1832151,0,1832151,:proof,37420,24796,0,0,234,,:234,:proof
2060648102,2062476414,1828312,0,1828312,:proof,37420,24796,0,0,235,,:235,:proof
2062558386,2064313066,1754680,0,1754680,:proof,37420,24796,0,0,236,,:236,:proof
2064571242,2070756435,6185193,0,6185193,:proof,37420,24796,0,0,237,,:237,:proof
2070869837,2073156780,2286943,0,2286943,:proof,37420,24796,0,0,238,,:238,:proof
2073304693,2080325855,7021162,0,7021162,:proof,37420,24796,0,0,239,,:239,:proof
2080550530,2086442975,5892445,0,5892445,:proof,37420,24796,0,0,240,,:240,:proof
2086986308,2089592877,2606569,0,2606569,:proof,37420,24796,0,0,241,,:241,:proof
2089826952,2091614924,1787972,0,1787972,:proof,37420,24796,0,0,242,,:242,:proof
2091851309,2093767844,1916535,0,1916535,:proof,37420,24796,0,0,243,,:243,:proof
2094890669,2101379638,6488969,0,6488969,:proof,37420,24796,0,0,244,,:244,:proof
2102812311,2108553013,5740702,0,5740702,:proof,37420,24796,0,0,245,,:245,:proof
2108816899,2110696543,1879644,0,1879644,:proof,37420,24796,0,0,246,,:246,:proof
2110859706,2112760249,1900543,0,1900543,:proof,37420,24796,0,0,247,,:247,:proof
2112910853,2118526972,5616119,0,5616119,:proof,37420,24796,0,0,248,,:248,:proof
2118827869,2125091724,6263855,0,6263855,:proof,37420,24796,0,0,249,,:249,:proof
2125339259,2131080130,5740871,0,5740871,:proof,37420,24796,0,0,250,,:250,:proof
2131231994,2133266456,2034462,0,2034462,:proof,37420,24796,0,0,251,,:251,:proof
2133453260,2135429080,1975820,0,1975820,:proof,37420,24796,0,0,252,,:252,:proof
2135606324,2142288289,6681965,0,6681965,:proof,37420,24796,0,0,253,,:253,:proof
2142424982,2144668613,2243631,0,2243631,:proof,37420,24796,0,0,254,,:254,:proof
2144871728,2150554189,5682461,0,5682461,:proof,37420,24796,0,0,255,,:255,:proof
2150795804,2157397686,6601882,0,6601882,:proof,37420,24796,0,0,256,,:256,:proof
2157511929,2159584891,2072962,0,2072962,:proof,37420,24796,0,0,257,,:257,:proof
2160250796,2166900654,6649858,0,6649858,:proof,37420,24796,0,0,258,,:258,:proof
2167058047,2168987362,1929315,0,1929315,:proof,37420,24796,0,0,259,,:259,:proof
2169157886,2170915056,1757170,0,1757170,:proof,37420,24796,0,0,260,,:260,:proof
2171092650,2173018880,1926230,0,1926230,:proof,37420,24796,0,0,261,,:261,:proof
2173159003,2175230585,2071582,0,2071582,:proof,37420,24796,0,0,262,,:262,:proof
2175425490,2177318494,1893004,0,1893004,:proof,37420,24796,0,0,263,,:263,:proof
2177780165,2179627107,1846942,0,1846942,:proof,37420,24796,0,0,264,,:264,:proof
2179841542,2181734955,1893413,0,1893413,:proof,37420,24796,0,0,265,,:265,:proof
2181823107,2183785567,1962460,0,1962460,:proof,37420,24796,0,0,266,,:266,:proof
2184159686,2191684274,7524588,0,7524588,:proof,37420,24796,0,0,267,,:267,:proof
2192132065,2194251973,2119908,0,2119908,:proof,37420,24796,0,0,268,,:268,:proof
2194581681,2200247681,5666000,0,5666000,:proof,37420,24796,0,0,269,,:269,:proof
2200611040,2206384422,5773382,0,5773382,:proof,37420,24796,0,0,270,,:270,:proof
2206813272,2212999604,6186332,0,6186332,:proof,37420,24796,0,0,271,,:271,:proof
2213316461,2215200984,1884523,0,1884523,:proof,37420,24796,0,0,272,,:272,:proof
2215736916,2217675941,1939025,0,1939025,:proof,37420,24796,0,0,273,,:273,:proof
2218102201,2223413203,5311002,0,5311002,:proof,37420,24796,0,0,274,,:274,:proof
2223646848,2225442610,1795762,0,1795762,:proof,37420,24796,0,0,275,,:275,:proof
2225737307,2227952306,2214999,0,2214999,:proof,37420,24796,0,0,276,,:276,:proof
2228458328,2230448524,1990196,0,1990196,:proof,37420,24796,0,0,277,,:277,:proof
2230811383,2232684467,1873084,0,1873084,:proof,37420,24796,0,0,278,,:278,:proof
2232827720,2239575883,6748163,0,6748163,:proof,37420,24796,0,0,279,,:279,:proof
2239736227,2241895228,2159001,0,2159001,:proof,37420,24796,0,0,280,,:280,:proof
2242072962,2244040837,1967875,0,1967875,:proof,37420,24796,0,0,281,,:281,:proof
2244164250,2246097184,1932934,0,1932934,:proof,37420,24796,0,0,282,,:282,:proof
2246232627,2248095686,1863059,0,1863059,:proof,37420,24796,0,0,283,,:283,:proof
2248191938,2254762103,6570165,0,6570165,:proof,37420,24796,0,0,284,,:284,:proof
2254979368,2256976585,1997217,0,1997217,:proof,37420,24796,0,0,285,,:285,:proof
2257076617,2263154931,6078314,0,6078314,:proof,37420,24796,0,0,286,,:286,:proof
2263535390,2265373718,1838328,0,1838328,:proof,37420,24796,0,0,287,,:287,:proof
2265548682,2272148713,6600031,0,6600031,:proof,37420,24796,0,0,288,,:288,:proof
2272492011,2278676024,6184013,0,6184013,:proof,37420,24796,0,0,289,,:289,:proof
2278888638,2280932666,2044028,0,2044028,:proof,37420,24796,0,0,290,,:290,:proof
2281019878,2287407134,6387256,0,6387256,:proof,37420,24796,0,0,291,,:291,:proof
2287724122,2290038295,2314173,0,2314173,:proof,37420,24796,0,0,292,,:292,:proof
2290350072,2296025933,5675861,0,5675861,:proof,37420,24796,0,0,293,,:293,:proof
2296335290,2302602704,6267414,0,6267414,:proof,37420,24796,0,0,294,,:294,:proof
2303083915,2304934097,1850182,0,1850182,:proof,37420,24796,0,0,295,,:295,:proof
2305179172,2311197930,6018758,0,6018758,:proof,37420,24796,0,0,296,,:296,:proof
2311386115,2313243108,1856993,0,1856993,:proof,37420,24796,0,0,297,,:297,:proof
2313543805,2315446239,1902434,0,1902434,:proof,37420,24796,0,0,298,,:298,:proof
2315567552,2322050971,6483419,0,6483419,:proof,37420,24796,0,0,299,,:299,:proof
2322165283,2324005925,1840642,0,1840642,:proof,37420,24796,0,0,300,,:300,:proof
2324169139,2326003022,1833883,0,1833883,:proof,37420,24796,0,0,301,,:301,:proof
2326151925,2331873296,5721371,0,5721371,:proof,37420,24796,0,0,302,,:302,:proof
2332198603,2337833834,5635231,0,5635231,:proof,37420,24796,0,0,303,,:303,:proof
2338157131,2344384024,6226893,0,6226893,:proof,37420,24796,0,0,304,,:304,:proof
2345024509,2346793489,1768980,0,1768980,:proof,37420,24796,0,0,305,,:305,:proof
2347108046,2348787305,1679259,0,1679259,:proof,37420,24796,0,0,306,,:306,:proof
2348862437,2354450255,5587818,0,5587818,:proof,37420,24796,0,0,307,,:307,:proof
2354637389,2356630705,1993316,0,1993316,:proof,37420,24796,0,0,308,,:308,:proof
2356826339,2358581049,1754710,0,1754710,:proof,37420,24796,0,0,309,,:309,:proof
2358729743,2364135677,5405934,0,5405934,:proof,37420,24796,0,0,310,,:310,:proof
2364377003,2366108313,1731310,0,1731310,:proof,37420,24796,0,0,311,,:311,:proof
2366554624,2373095254,6540630,0,6540630,:proof,37420,24796,0,0,312,,:312,:proof
2373292159,2375171261,1879102,0,1879102,:proof,37420,24796,0,0,313,,:313,:proof
2375394746,2377032974,1638228,0,1638228,:proof,37420,24796,0,0,314,,:314,:proof
2377466734,2382820057,5353323,0,5353323,:proof,37420,24796,0,0,315,,:315,:proof
2382985551,2389106882,6121331,0,6121331,:proof,37420,24796,0,0,316,,:316,:proof
2389217585,2391144229,1926644,0,1926644,:proof,37420,24796,0,0,317,,:317,:proof
2391722932,2397011594,5288662,0,5288662,:proof,37420,24796,0,0,318,,:318,:proof
2397209068,2399125612,1916544,0,1916544,:proof,37420,24796,0,0,319,,:319,:proof
2399673955,2401955707,2281752,0,2281752,:proof,37420,24796,0,0,320,,:320,:proof
2402382006,2404081046,1699040,0,1699040,:proof,37420,24796,0,0,321,,:321,:proof
2404318652,2406358028,2039376,0,2039376,:proof,37420,24796,0,0,322,,:322,:proof
2406596263,2408338774,1742511,0,1742511,:proof,37420,24796,0,0,323,,:323,:proof
2408544509,2413861891,5317382,0,5317382,:proof,37420,24796,0,0,324,,:324,:proof
2414136377,2415921418,1785041,0,1785041,:proof,37420,24796,0,0,325,,:325,:proof
2416038830,2417859872,1821042,0,1821042,:proof,37420,24796,0,0,326,,:326,:proof
2418472256,2424279550,5807294,0,5807294,:proof,37420,24796,0,0,327,,:327,:proof
2424432334,2426209005,1776671,0,1776671,:proof,37420,24796,0,0,328,,:328,:proof
2426715906,2428719562,2003656,0,2003656,:proof,37420,24796,0,0,329,,:329,:proof
2429259284,2435958439,6699155,0,6699155,:proof,37420,24796,0,0,330,,:330,:proof
2436259296,2438074788,1815492,0,1815492,:proof,37420,24796,0,0,331,,:331,:proof
2438224121,2443602275,5378154,0,5378154,:proof,37420,24796,0,0,332,,:332,:proof
2443932022,2445880847,1948825,0,1948825,:proof,37420,24796,0,0,333,,:333,:proof
2446237215,2448419255,2182040,0,2182040,:proof,37420,24796,0,0,334,,:334,:proof
2448955337,2455424196,6468859,0,6468859,:proof,37420,24796,0,0,335,,:335,:proof
2455596090,2457549855,1953765,0,1953765,:proof,37420,24796,0,0,336,,:336,:proof
2457803231,2463075262,5272031,0,5272031,:proof,37420,24796,0,0,337,,:337,:proof
2463376319,2465189471,1813152,0,1813152,:proof,37420,24796,0,0,338,,:338,:proof
2465274423,2467311039,2036616,0,2036616,:proof,37420,24796,0,0,339,,:339,:proof
2467858612,2469562801,1704189,0,1704189,:proof,37420,24796,0,0,340,,:340,:proof
2469884109,2471651269,1767160,0,1767160,:proof,37420,24796,0,0,341,,:341,:proof
2472015868,2473821749,1805881,0,1805881,:proof,37420,24796,0,0,342,,:342,:proof
2473991383,2475793314,1801931,0,1801931,:proof,37420,24796,0,0,343,,:343,:proof
2475976498,2482560530,6584032,0,6584032,:proof,37420,24796,0,0,344,,:344,:proof
2482850047,2489118351,6268304,0,6268304,:proof,37420,24796,0,0,345,,:345,:proof
2489296335,2491214468,1918133,0,1918133,:proof,37420,24796,0,0,346,,:346,:proof
2491583237,2497096433,5513196,0,5513196,:proof,37420,24796,0,0,347,,:347,:proof
2497184925,2498932755,1747830,0,1747830,:proof,37420,24796,0,0,348,,:348,:proof
2499077379,2501281310,2203931,0,2203931,:proof,37420,24796,0,0,349,,:349,:proof
2501495565,2503310406,1814841,0,1814841,:proof,37420,24796,0,0,350,,:350,:proof
2503682945,2505353624,1670679,0,1670679,:proof,37420,24796,0,0,351,,:351,:proof
2505486387,2507508573,2022186,0,2022186,:proof,37420,24796,0,0,352,,:352,:proof
2508017535,2509754234,1736699,0,1736699,:proof,37420,24796,0,0,353,,:353,:proof
2510180394,2512061137,1880743,0,1880743,:proof,37420,24796,0,0,354,,:354,:proof
2512414485,2514225767,1811282,0,1811282,:proof,37420,24796,0,0,355,,:355,:proof
2514564465,2516243584,1679119,0,1679119,:proof,37420,24796,0,0,356,,:356,:proof
2516423238,2522365874,5942636,0,5942636,:proof,37420,24796,0,0,357,,:357,:proof
2522527228,2529163461,6636233,0,6636233,:proof,37420,24796,0,0,358,,:358,:proof
2529309065,2531183907,1874842,0,1874842,:proof,37420,24796,0,0,359,,:359,:proof
2531369762,2533137203,1767441,0,1767441,:proof,37420,24796,0,0,360,,:360,:proof
2533357198,2539044298,5687100,0,5687100,:proof,37420,24796,0,0,361,,:361,:proof
2539585841,2541400003,1814162,0,1814162,:proof,37420,24796,0,0,362,,:362,:proof
2541853653,2548033384,6179731,0,6179731,:proof,37420,24796,0,0,363,,:363,:proof
2548242269,2554005762,5763493,0,5763493,:proof,37420,24796,0,0,364,,:364,:proof
2554298569,2556378011,2079442,0,2079442,:proof,37420,24796,0,0,365,,:365,:proof
2556626537,2558748051,2121514,0,2121514,:proof,37420,24796,0,0,366,,:366,:proof
2559114039,2565420784,6306745,0,6306745,:proof,37420,24796,0,0,367,,:367,:proof
2565563057,2571476533,5913476,0,5913476,:proof,37420,24796,0,0,368,,:368,:proof
2571573795,2576941579,5367784,0,5367784,:proof,37420,24796,0,0,369,,:369,:proof
2577090103,2583251234,6161131,0,6161131,:proof,37420,24796,0,0,370,,:370,:proof
2583591152,2585548837,1957685,0,1957685,:proof,37420,24796,0,0,371,,:371,:proof
2585894745,2587671425,1776680,0,1776680,:proof,37420,24796,0,0,372,,:372,:proof
2587779498,2589885802,2106304,0,2106304,:proof,37420,24796,0,0,373,,:373,:proof
2590586058,2592385624,1799566,0,1799566,:proof,37420,24796,0,0,374,,:374,:proof
2592579579,2594445542,1865963,0,1865963,:proof,37420,24796,0,0,375,,:375,:proof
2595073456,2597064631,1991175,0,1991175,:proof,37420,24796,0,0,376,,:376,:proof
2597538722,2599515508,1976786,0,1976786,:proof,37420,24796,0,0,377,,:377,:proof
2600188794,2611947863,11759069,0,11759069,:proof,37420,24796,0,0,378,,:378,:proof
2612296491,2614723248,2426757,0,2426757,:proof,37420,24796,0,0,379,,:379,:proof
2614831710,2616721964,1890254,0,1890254,:proof,37420,24796,0,0,380,,:380,:proof
2617699576,2619680542,1980966,0,1980966,:proof,37420,24796,0,0,381,,:381,:proof
2619872826,2621695498,1822672,0,1822672,:proof,37420,24796,0,0,382,,:382,:proof
2621987515,2623914209,1926694,0,1926694,:proof,37420,24796,0,0,383,,:383,:proof
2624082423,2631760289,7677866,0,7677866,:proof,37420,24796,0,0,384,,:384,:proof
2631981765,2639110168,7128403,0,7128403,:proof,37420,24796,0,0,385,,:385,:proof
2639269892,2641309779,2039887,0,2039887,:proof,37420,24796,0,0,386,,:386,:proof
2641482623,2647297756,5815133,0,5815133,:proof,37420,24796,0,0,387,,:387,:proof
2647715246,2649748502,2033256,0,2033256,:proof,37420,24796,0,0,388,,:388,:proof
2649877795,2651938943,2061148,0,2061148,:proof,37420,24796,0,0,389,,:389,:proof
2652251260,2654203764,1952504,0,1952504,:candidate_pack,37420,24796,0,0,390,,:390,:candidate_pack
2655298725,3052523671,397224946,0,397224946,:verification,37420,18656,0,0,1524,,:1524,:verification
2655305390,2656513797,1208407,0,1208407,:proof,37420,13848,0,0,1530,,:1530,:proof
3052618788,3052843123,224335,0,224335,:prp_batch,37420,18656,0,0,1525,,:1525,:prp_batch
3053006822,3060362200,7355378,0,7355378,:proof,37420,24796,0,0,391,,:391,:proof
3061075867,3063322889,2247022,0,2247022,:proof,37420,24796,0,0,392,,:392,:proof
3063501973,3065523869,2021896,0,2021896,:proof,37420,24796,0,0,393,,:393,:proof
3065876617,3068019116,2142499,0,2142499,:proof,37420,24796,0,0,394,,:394,:proof
3068130919,3069841519,1710600,0,1710600,:proof,37420,24796,0,0,395,,:395,:proof
3069997992,3076483911,6485919,0,6485919,:proof,37420,24796,0,0,396,,:396,:proof
3076665265,3082285305,5620040,0,5620040,:proof,37420,24796,0,0,397,,:397,:proof
3082410778,3084513760,2102982,0,2102982,:proof,37420,24796,0,0,398,,:398,:proof
3084896909,3086800808,1903899,0,1903899,:proof,37420,24796,0,0,399,,:399,:proof
3087401512,3093173314,5771802,0,5771802,:proof,37420,24796,0,0,400,,:400,:proof
3093257246,3094997057,1739811,0,1739811,:proof,37420,24796,0,0,401,,:401,:proof
3095287573,3097127796,1840223,0,1840223,:proof,37420,24796,0,0,402,,:402,:proof
3097453603,3099272915,1819312,0,1819312,:proof,37420,24796,0,0,403,,:403,:proof
3099926150,3101983437,2057287,0,2057287,:proof,37420,24796,0,0,404,,:404,:proof
3102120300,3103866621,1746321,0,1746321,:proof,37420,24796,0,0,405,,:405,:proof
3103979183,3105681702,1702519,0,1702519,:proof,37420,24796,0,0,406,,:406,:proof
3105770694,3107695108,1924414,0,1924414,:proof,37420,24796,0,0,407,,:407,:proof
3108145879,3114880464,6734585,0,6734585,:proof,37420,24796,0,0,408,,:408,:proof
3115421696,3117302369,1880673,0,1880673,:proof,37420,24796,0,0,409,,:409,:proof
3117654588,3119772696,2118108,0,2118108,:proof,37420,24796,0,0,410,,:410,:proof
3120010192,3126281806,6271614,0,6271614,:proof,37420,24796,0,0,411,,:411,:proof
3126693426,3132177092,5483666,0,5483666,:proof,37420,24796,0,0,412,,:412,:proof
3132751185,3134835733,2084548,0,2084548,:proof,37420,24796,0,0,413,,:413,:proof
3134920555,3140942403,6021848,0,6021848,:proof,37420,24796,0,0,414,,:414,:proof
3141221349,3146495711,5274362,0,5274362,:proof,37420,24796,0,0,415,,:415,:proof
3146784817,3151795723,5010906,0,5010906,:proof,37420,24796,0,0,416,,:416,:proof
3152096269,3154124595,2028326,0,2028326,:proof,37420,24796,0,0,417,,:417,:proof
3154395732,3161051015,6655283,0,6655283,:proof,37420,24796,0,0,418,,:418,:proof
3161482254,3170578454,9096200,0,9096200,:proof,37420,24796,0,0,419,,:419,:proof
3170753658,3178000124,7246466,0,7246466,:proof,37420,24796,0,0,420,,:420,:proof
3178124077,3181072665,2948588,0,2948588,:proof,37420,24796,0,0,421,,:421,:proof
3181386682,3188374643,6987961,0,6987961,:proof,37420,24796,0,0,422,,:422,:proof
3188467115,3196547611,8080496,0,8080496,:proof,37420,24796,0,0,423,,:423,:proof
3197181536,3199978665,2797129,0,2797129,:proof,37420,24796,0,0,424,,:424,:proof
3200373664,3207382310,7008646,0,7008646,:proof,37420,24796,0,0,425,,:425,:proof
3207838960,3210362488,2523528,0,2523528,:proof,37420,24796,0,0,426,,:426,:proof
3210692706,3213485330,2792624,0,2792624,:proof,37420,24796,0,0,427,,:427,:proof
3214164175,3220877130,6712955,0,6712955,:proof,37420,24796,0,0,428,,:428,:proof
3221032343,3223394837,2362494,0,2362494,:proof,37420,24796,0,0,429,,:429,:proof
3223551070,3225592779,2041709,0,2041709,:proof,37420,24796,0,0,430,,:430,:proof
3225956657,3227920052,1963395,0,1963395,:proof,37420,24796,0,0,431,,:431,:proof
3228033935,3229971428,1937493,0,1937493,:proof,37420,24796,0,0,432,,:432,:proof
3230162433,3232158979,1996546,0,1996546,:proof,37420,24796,0,0,433,,:433,:proof
3232566228,3234561845,1995617,0,1995617,:proof,37420,24796,0,0,434,,:434,:proof
3234712048,3236593592,1881544,0,1881544,:proof,37420,24796,0,0,435,,:435,:proof
3236672793,3243119342,6446549,0,6446549,:proof,37420,24796,0,0,436,,:436,:proof
3243425509,3249740434,6314925,0,6314925,:proof,37420,24796,0,0,437,,:437,:proof
3250084992,3252253122,2168130,0,2168130,:proof,37420,24796,0,0,438,,:438,:proof
3252432996,3254405070,1972074,0,1972074,:proof,37420,24796,0,0,439,,:439,:proof
3254528863,3260943711,6414848,0,6414848,:proof,37420,24796,0,0,440,,:440,:proof
3261470863,3263581941,2111078,0,2111078,:proof,37420,24796,0,0,441,,:441,:proof
3263791996,3266291219,2499223,0,2499223,:proof,37420,24796,0,0,442,,:442,:proof
3266469113,3268685509,2216396,0,2216396,:proof,37420,24796,0,0,443,,:443,:proof
3268989336,3270785207,1795871,0,1795871,:proof,37420,24796,0,0,444,,:444,:proof
3270877429,3272854485,1977056,0,1977056,:proof,37420,24796,0,0,445,,:445,:proof
3273173022,3275058666,1885644,0,1885644,:proof,37420,24796,0,0,446,,:446,:proof
3275401494,3277323028,1921534,0,1921534,:proof,37420,24796,0,0,447,,:447,:proof
3277449611,3279520198,2070587,0,2070587,:proof,37420,24796,0,0,448,,:448,:proof
3279658261,3281645707,1987446,0,1987446,:proof,37420,24796,0,0,449,,:449,:proof
3281807171,3287644544,5837373,0,5837373,:proof,37420,24796,0,0,450,,:450,:proof
3287759637,3289919896,2160259,0,2160259,:proof,37420,24796,0,0,451,,:451,:proof
3290226033,3292211309,1985276,0,1985276,:proof,37420,24796,0,0,452,,:452,:proof
3292405734,3294309898,1904164,0,1904164,:proof,37420,24796,0,0,453,,:453,:proof
3294457901,3296588690,2130789,0,2130789,:proof,37420,24796,0,0,454,,:454,:proof
3297243735,3299107808,1864073,0,1864073,:proof,37420,24796,0,0,455,,:455,:proof
3299223700,3301349130,2125430,0,2125430,:proof,37420,24796,0,0,456,,:456,:proof
3301469493,3303386997,1917504,0,1917504,:proof,37420,24796,0,0,457,,:457,:proof
3303562801,3310347857,6785056,0,6785056,:proof,37420,24796,0,0,458,,:458,:proof
3310432759,3312640690,2207931,0,2207931,:proof,37420,24796,0,0,459,,:459,:proof
3312761382,3318611356,5849974,0,5849974,:proof,37420,24796,0,0,460,,:460,:proof
3318710018,3320599012,1888994,0,1888994,:proof,37420,24796,0,0,461,,:461,:proof
3320769396,3326915807,6146411,0,6146411,:proof,37420,24796,0,0,462,,:462,:proof
3327081631,3329338702,2257071,0,2257071,:proof,37420,24796,0,0,463,,:463,:proof
3329664380,3335264940,5600560,0,5600560,:proof,37420,24796,0,0,464,,:464,:proof
3335455894,3337365918,1910024,0,1910024,:proof,37420,24796,0,0,465,,:465,:proof
3337631084,3339522507,1891423,0,1891423,:proof,37420,24796,0,0,466,,:466,:proof
3339706922,3346171710,6464788,0,6464788,:proof,37420,24796,0,0,467,,:467,:proof
3346377015,3348312029,1935014,0,1935014,:proof,37420,24796,0,0,468,,:468,:proof
3348700618,3354527171,5826553,0,5826553,:proof,37420,24796,0,0,469,,:469,:proof
3354967892,3361282647,6314755,0,6314755,:proof,37420,24796,0,0,470,,:470,:proof
3361570793,3363725464,2154671,0,2154671,:proof,37420,24796,0,0,471,,:471,:proof
3363959109,3365871102,1911993,0,1911993,:proof,37420,24796,0,0,472,,:472,:proof
3366119628,3368272228,2152600,0,2152600,:proof,37420,24796,0,0,473,,:473,:proof
3368354010,3370322585,1968575,0,1968575,:proof,37420,24796,0,0,474,,:474,:proof
3370558461,3377149582,6591121,0,6591121,:proof,37420,24796,0,0,475,,:475,:proof
3377323546,3379644759,2321213,0,2321213,:proof,37420,24796,0,0,476,,:476,:proof
3379738032,3385722299,5984267,0,5984267,:proof,37420,24796,0,0,477,,:477,:proof
3386117338,3388035233,1917895,0,1917895,:proof,37420,24796,0,0,478,,:478,:proof
3388253888,3395965959,7712071,0,7712071,:proof,37420,24796,0,0,479,,:479,:proof
3396263186,3402870363,6607177,0,6607177,:proof,37420,24796,0,0,480,,:480,:proof
3403178901,3405265414,2086513,0,2086513,:proof,37420,24796,0,0,481,,:481,:proof
3405429938,3407964436,2534498,0,2534498,:proof,37420,24796,0,0,482,,:482,:proof
3408355345,3410176207,1820862,0,1820862,:proof,37420,24796,0,0,483,,:483,:proof
3410358411,3417130527,6772116,0,6772116,:proof,37420,24796,0,0,484,,:484,:proof
3417350482,3420115695,2765213,0,2765213,:proof,37420,24796,0,0,485,,:485,:proof
3420326860,3426488912,6162052,0,6162052,:proof,37420,24796,0,0,486,,:486,:proof
3426574944,3428467107,1892163,0,1892163,:proof,37420,24796,0,0,487,,:487,:proof
3428854946,3431127988,2273042,0,2273042,:proof,37420,24796,0,0,488,,:488,:proof
3431413615,3433143435,1729820,0,1729820,:proof,37420,24796,0,0,489,,:489,:proof
3433325919,3435834427,2508508,0,2508508,:proof,37420,24796,0,0,490,,:490,:proof
3436020931,3438168130,2147199,0,2147199,:proof,37420,24796,0,0,491,,:491,:proof
3438304333,3440981329,2676996,0,2676996,:proof,37420,24796,0,0,492,,:492,:proof
3441296746,3443187956,1891210,0,1891210,:proof,37420,24796,0,0,493,,:493,:proof
3443269967,3444990007,1720040,0,1720040,:proof,37420,24796,0,0,494,,:494,:proof
3445395146,3452553201,7158055,0,7158055,:proof,37420,24796,0,0,495,,:495,:proof
3452927689,3459099201,6171512,0,6171512,:proof,37420,24796,0,0,496,,:496,:proof
3459463360,3465295824,5832464,0,5832464,:proof,37420,24796,0,0,497,,:497,:proof
3465887177,3468039411,2152234,0,2152234,:proof,37420,24796,0,0,498,,:498,:proof
3468334538,3474963941,6629403,0,6629403,:proof,37420,24796,0,0,499,,:499,:proof
3475081884,3477475414,2393530,0,2393530,:proof,37420,24796,0,0,500,,:500,:proof
3477674138,3479798222,2124084,0,2124084,:proof,37420,24796,0,0,501,,:501,:proof
3479909594,3486776137,6866543,0,6866543,:proof,37420,24796,0,0,502,,:502,:proof
3486999303,3492725634,5726331,0,5726331,:proof,37420,24796,0,0,503,,:503,:proof
3492859277,3499771819,6912542,0,6912542,:proof,37420,24796,0,0,504,,:504,:proof
3500255410,3503015260,2759850,0,2759850,:proof,37420,24796,0,0,505,,:505,:proof
3503224775,3505388524,2163749,0,2163749,:proof,37420,24796,0,0,506,,:506,:proof
3505717742,3507985904,2268162,0,2268162,:proof,37420,24796,0,0,507,,:507,:proof
3508169868,3510084678,1914810,0,1914810,:proof,37420,24796,0,0,508,,:508,:proof
3510407336,3512900962,2493626,0,2493626,:proof,37420,24796,0,0,509,,:509,:proof
3513098167,3519602042,6503875,0,6503875,:proof,37420,24796,0,0,510,,:510,:proof
3520083583,3526540736,6457153,0,6457153,:proof,37420,24796,0,0,511,,:511,:proof
3526748331,3534343415,7595084,0,7595084,:proof,37420,24796,0,0,512,,:512,:proof
3534503739,3537257352,2753613,0,2753613,:proof,37420,24796,0,0,513,,:513,:proof
3537492738,3543525156,6032418,0,6032418,:proof,37420,24796,0,0,514,,:514,:proof
3543815043,3551192293,7377250,0,7377250,:proof,37420,24796,0,0,515,,:515,:proof
3551380147,3557984699,6604552,0,6604552,:proof,37420,24796,0,0,516,,:516,:proof
3558667805,3564900538,6232733,0,6232733,:proof,37420,24796,0,0,517,,:517,:proof
3565739028,3569111600,3372572,0,3372572,:proof,37420,24796,0,0,518,,:518,:proof
3569252353,3575899301,6646948,0,6646948,:proof,37420,24796,0,0,519,,:519,:proof
3576348891,3583301216,6952325,0,6952325,:proof,37420,24796,0,0,520,,:520,:proof
3583680315,3590540208,6859893,0,6859893,:proof,37420,24796,0,0,521,,:521,:proof
3590832394,3602686206,11853812,0,11853812,:proof,37420,24796,0,0,522,,:522,:proof
3602867620,3610635654,7768034,0,7768034,:proof,37420,24796,0,0,523,,:523,:proof
3610944611,3617483036,6538425,0,6538425,:proof,37420,24796,0,0,524,,:524,:proof
3617740722,3620391118,2650396,0,2650396,:proof,37420,24796,0,0,525,,:525,:proof
3620597713,3622620240,2022527,0,2022527,:proof,37420,24796,0,0,526,,:526,:proof
3623746695,3631824561,8077866,0,8077866,:proof,37420,24796,0,0,527,,:527,:proof
3632010845,3634295148,2284303,0,2284303,:proof,37420,24796,0,0,528,,:528,:proof
3634499813,3636931639,2431826,0,2431826,:proof,37420,24796,0,0,529,,:529,:proof
3637265006,3644033796,6768790,0,6768790,:proof,37420,24796,0,0,530,,:530,:proof
3644626020,3652357658,7731638,0,7731638,:proof,37420,24796,0,0,531,,:531,:proof
3652718586,3655235914,2517328,0,2517328,:proof,37420,24796,0,0,532,,:532,:proof
3655620013,3658282799,2662786,0,2662786,:proof,37420,24796,0,0,533,,:533,:proof
3658823561,3660836743,2013182,0,2013182,:proof,37420,24796,0,0,534,,:534,:proof
3661089839,3663708644,2618805,0,2618805,:proof,37420,24796,0,0,535,,:535,:proof
3663997081,3666146705,2149624,0,2149624,:proof,37420,24796,0,0,536,,:536,:proof
3666966394,3670092416,3126022,0,3126022,:proof,37420,24796,0,0,537,,:537,:proof
3670460994,3672894475,2433481,0,2433481,:proof,37420,24796,0,0,538,,:538,:proof
3673410157,3675849693,2439536,0,2439536,:proof,37420,24796,0,0,539,,:539,:proof
3676357145,3683345285,6988140,0,6988140,:proof,37420,24796,0,0,540,,:540,:proof
3684223056,3686945558,2722502,0,2722502,:proof,37420,24796,0,0,541,,:541,:proof
3687230135,3694404369,7174234,0,7174234,:proof,37420,24796,0,0,542,,:542,:proof
3694543383,3701353874,6810491,0,6810491,:proof,37420,24796,0,0,543,,:543,:proof
3701495587,3704532098,3036511,0,3036511,:proof,37420,24796,0,0,544,,:544,:proof
3704980108,3707617849,2637741,0,2637741,:proof,37420,24796,0,0,545,,:545,:proof
3708004147,3710306455,2302308,0,2302308,:proof,37420,24796,0,0,546,,:546,:proof
3710802436,3713226147,2423711,0,2423711,:proof,37420,24796,0,0,547,,:547,:proof
3713889832,3720787296,6897464,0,6897464,:proof,37420,24796,0,0,548,,:548,:proof
3721079472,3728652317,7572845,0,7572845,:proof,37420,24796,0,0,549,,:549,:proof
3729332832,3731988443,2655611,0,2655611,:proof,37420,24796,0,0,550,,:550,:proof
3732295810,3734526681,2230871,0,2230871,:proof,37420,24796,0,0,551,,:551,:proof
3736830744,3743821790,6991046,0,6991046,:proof,37420,24796,0,0,552,,:552,:proof
3744140427,3746477301,2336874,0,2336874,:proof,37420,24796,0,0,553,,:553,:proof
3746786088,3748948443,2162355,0,2162355,:proof,37420,24796,0,0,554,,:554,:proof
3749222970,3757733300,8510330,0,8510330,:proof,37420,24796,0,0,555,,:555,:proof
3758378195,3765069638,6691443,0,6691443,:proof,37420,24796,0,0,556,,:556,:proof
3765252503,3767565576,2313073,0,2313073,:proof,37420,24796,0,0,557,,:557,:proof
3767856903,3775654027,7797124,0,7797124,:proof,37420,24796,0,0,558,,:558,:proof
3775932593,3777921929,1989336,0,1989336,:proof,37420,24796,0,0,559,,:559,:proof
3778315958,3780846786,2530828,0,2530828,:proof,37420,24796,0,0,560,,:560,:proof
3781077012,3783303488,2226476,0,2226476,:proof,37420,24796,0,0,561,,:561,:proof
3784039744,3786694616,2654872,0,2654872,:proof,37420,24796,0,0,562,,:562,:proof
3786894190,3788929476,2035286,0,2035286,:proof,37420,24796,0,0,563,,:563,:proof
3789431898,3791897715,2465817,0,2465817,:proof,37420,24796,0,0,564,,:564,:proof
3792177762,3794803917,2626155,0,2626155,:proof,37420,24796,0,0,565,,:565,:proof
3794999342,3797448198,2448856,0,2448856,:proof,37420,24796,0,0,566,,:566,:proof
3797605201,3799889264,2284063,0,2284063,:proof,37420,24796,0,0,567,,:567,:proof
3800160460,3807038903,6878443,0,6878443,:proof,37420,24796,0,0,568,,:568,:proof
3807731889,3809960566,2228677,0,2228677,:proof,37420,24796,0,0,569,,:569,:proof
3810234652,3817240408,7005756,0,7005756,:proof,37420,24796,0,0,570,,:570,:proof
3817367601,3824446589,7078988,0,7078988,:proof,37420,24796,0,0,571,,:571,:proof
3824918419,3827068309,2149890,0,2149890,:proof,37420,24796,0,0,572,,:572,:proof
3827207092,3835911027,8703935,0,8703935,:proof,37420,24796,0,0,573,,:573,:proof
3836141523,3843481351,7339828,0,7339828,:proof,37420,24796,0,0,574,,:574,:proof
3843748037,3850960138,7212101,0,7212101,:proof,37420,24796,0,0,575,,:575,:proof
3851424449,3859726414,8301965,0,8301965,:proof,37420,24796,0,0,576,,:576,:proof
3859959019,3862572690,2613671,0,2613671,:proof,37420,24796,0,0,577,,:577,:proof
3863006330,3865478582,2472252,0,2472252,:proof,37420,24796,0,0,578,,:578,:proof
3865664296,3872699288,7034992,0,7034992,:proof,37420,24796,0,0,579,,:579,:proof
3872810580,3875481622,2671042,0,2671042,:proof,37420,24796,0,0,580,,:580,:proof
3875623385,3881974481,6351096,0,6351096,:proof,37420,24796,0,0,581,,:581,:proof
3882229487,3884258373,2028886,0,2028886,:proof,37420,24796,0,0,582,,:582,:proof
3884821236,3891844572,7023336,0,7023336,:proof,37420,24796,0,0,583,,:583,:proof
3892100868,3899213557,7112689,0,7112689,:proof,37420,24796,0,0,584,,:584,:proof
3899513304,3902231306,2718002,0,2718002,:proof,37420,24796,0,0,585,,:585,:proof
3902431621,3904580145,2148524,0,2148524,:proof,37420,24796,0,0,586,,:586,:proof
3905019375,3911089190,6069815,0,6069815,:proof,37420,24796,0,0,587,,:587,:proof
3911765796,3918737421,6971625,0,6971625,:proof,37420,24796,0,0,588,,:588,:proof
3918924275,3926181622,7257347,0,7257347,:proof,37420,24796,0,0,589,,:589,:proof
3926506640,3932541873,6035233,0,6035233,:proof,37420,24796,0,0,590,,:590,:proof
3933419283,3940772482,7353199,0,7353199,:proof,37420,24796,0,0,591,,:591,:proof
3941239483,3943587587,2348104,0,2348104,:proof,37420,24796,0,0,592,,:592,:proof
3944242522,3946604211,2361689,0,2361689,:proof,37420,24796,0,0,593,,:593,:proof
3946980380,3949179496,2199116,0,2199116,:proof,37420,24796,0,0,594,,:594,:proof
3949386830,3951760149,2373319,0,2373319,:proof,37420,24796,0,0,595,,:595,:proof
3952073866,3959817880,7744014,0,7744014,:proof,37420,24796,0,0,596,,:596,:proof
3959965854,3962428005,2462151,0,2462151,:proof,37420,24796,0,0,597,,:597,:proof
3962734602,3965094071,2359469,0,2359469,:proof,37420,24796,0,0,598,,:598,:proof
3965324777,3967212055,1887278,0,1887278,:proof,37420,24796,0,0,599,,:599,:proof
3967794908,3970309837,2514929,0,2514929,:proof,37420,24796,0,0,600,,:600,:proof
3970423119,3972484081,2060962,0,2060962,:proof,37420,24796,0,0,601,,:601,:proof
3972567113,3974906457,2339344,0,2339344,:proof,37420,24796,0,0,602,,:602,:proof
3975383218,3977290892,1907674,0,1907674,:proof,37420,24796,0,0,603,,:603,:proof
3977455746,3983953375,6497629,0,6497629,:proof,37420,24796,0,0,604,,:604,:proof
3984115169,3986550225,2435056,0,2435056,:proof,37420,24796,0,0,605,,:605,:proof
3986885802,3994377754,7491952,0,7491952,:proof,37420,24796,0,0,606,,:606,:proof
3994597120,3997112152,2515032,0,2515032,:proof,37420,24796,0,0,607,,:607,:proof
3997443870,4004575499,7131629,0,7131629,:proof,37420,24796,0,0,608,,:608,:proof
4004952628,4007345133,2392505,0,2392505,:proof,37420,24796,0,0,609,,:609,:proof
4007605659,4009858040,2252381,0,2252381,:proof,37420,24796,0,0,610,,:610,:proof
4010791261,4017801592,7010331,0,7010331,:proof,37420,24796,0,0,611,,:611,:proof
4017945866,4020569182,2623316,0,2623316,:proof,37420,24796,0,0,612,,:612,:proof
4020859008,4028623892,7764884,0,7764884,:proof,37420,24796,0,0,613,,:613,:proof
4029012991,4031677802,2664811,0,2664811,:proof,37420,24796,0,0,614,,:614,:proof
4031792244,4034223885,2431641,0,2431641,:proof,37420,24796,0,0,615,,:615,:proof
4034617214,4037390868,2773654,0,2773654,:proof,37420,24796,0,0,616,,:616,:proof
4037549082,4039502767,1953685,0,1953685,:proof,37420,24796,0,0,617,,:617,:proof
4039867375,4042305451,2438076,0,2438076,:proof,37420,24796,0,0,618,,:618,:proof
4042632188,4049364583,6732395,0,6732395,:proof,37420,24796,0,0,619,,:619,:proof
4049551917,4056268717,6716800,0,6716800,:proof,37420,24796,0,0,620,,:620,:proof
4056576774,4065164582,8587808,0,8587808,:proof,37420,24796,0,0,621,,:621,:proof
4065282164,4071448156,6165992,0,6165992,:proof,37420,24796,0,0,622,,:622,:proof
4072103831,4074602708,2498877,0,2498877,:proof,37420,24796,0,0,623,,:623,:proof
4075115330,4081368244,6252914,0,6252914,:proof,37420,24796,0,0,624,,:624,:proof
4081624570,4088508293,6883723,0,6883723,:proof,37420,24796,0,0,625,,:625,:proof
4088783989,4091346939,2562950,0,2562950,:proof,37420,24796,0,0,626,,:626,:proof
4091572864,4093596155,2023291,0,2023291,:proof,37420,24796,0,0,627,,:627,:proof
4093773369,4096069887,2296518,0,2296518,:proof,37420,24796,0,0,628,,:628,:proof
4097020938,4099546567,2525629,0,2525629,:proof,37420,24796,0,0,629,,:629,:proof
4099919966,4102401837,2481871,0,2481871,:proof,37420,24796,0,0,630,,:630,:proof
4102531270,4104627473,2096203,0,2096203,:proof,37420,24796,0,0,631,,:631,:proof
4104762366,4111546968,6784602,0,6784602,:proof,37420,24796,0,0,632,,:632,:proof
4111895656,4118943982,7048326,0,7048326,:proof,37420,24796,0,0,633,,:633,:proof
4119208528,4121262791,2054263,0,2054263,:proof,37420,24796,0,0,634,,:634,:proof
4121845414,4124333056,2487642,0,2487642,:proof,37420,24796,0,0,635,,:635,:proof
4124813787,4126969822,2156035,0,2156035,:proof,37420,24796,0,0,636,,:636,:proof
4127243198,4129463024,2219826,0,2219826,:proof,37420,24796,0,0,637,,:637,:proof
4129913044,4132065694,2152650,0,2152650,:proof,37420,24796,0,0,638,,:638,:proof
4132315720,4134226639,1910919,0,1910919,:proof,37420,24796,0,0,639,,:639,:proof
4134464724,4137391137,2926413,0,2926413,:proof,37420,24796,0,0,640,,:640,:proof
4137762046,4139671209,1909163,0,1909163,:proof,37420,24796,0,0,641,,:641,:proof
4139766791,4142465633,2698842,0,2698842,:proof,37420,24796,0,0,642,,:642,:proof
4142606486,4144451079,1844593,0,1844593,:proof,37420,24796,0,0,643,,:643,:proof
4144565451,4146795213,2229762,0,2229762,:proof,37420,24796,0,0,644,,:644,:proof
4147310720,4149331316,2020596,0,2020596,:proof,37420,24796,0,0,645,,:645,:proof
4149620533,4151604868,1984335,0,1984335,:proof,37420,24796,0,0,646,,:646,:proof
4152447777,4154656343,2208566,0,2208566,:proof,37420,24796,0,0,647,,:647,:proof
4154838058,4157579081,2741023,0,2741023,:proof,37420,24796,0,0,648,,:648,:proof
4157723594,4159833212,2109618,0,2109618,:proof,37420,24796,0,0,649,,:649,:proof
4160461697,4162477608,2015911,0,2015911,:proof,37420,24796,0,0,650,,:650,:proof
4163187765,4165811104,2623339,0,2623339,:proof,37420,24796,0,0,651,,:651,:proof
4165979128,4168663930,2684802,0,2684802,:proof,37420,24796,0,0,652,,:652,:proof
4169941749,4172309440,2367691,0,2367691,:proof,37420,24796,0,0,653,,:653,:proof
4172983435,4180902312,7918877,0,7918877,:proof,37420,24796,0,0,654,,:654,:proof
4181095026,4187224777,6129751,0,6129751,:proof,37420,24796,0,0,655,,:655,:proof
4187355210,4193957687,6602477,0,6602477,:proof,37420,24796,0,0,656,,:656,:proof
4194351526,4196814682,2463156,0,2463156,:proof,37420,24796,0,0,657,,:657,:proof
4197033057,4203655935,6622878,0,6622878,:proof,37420,24796,0,0,658,,:658,:proof
4204474964,4210987273,6512309,0,6512309,:proof,37420,24796,0,0,659,,:659,:proof
4211199118,4214044318,2845200,0,2845200,:proof,37420,24796,0,0,660,,:660,:proof
4214887348,4217078218,2190870,0,2190870,:proof,37420,24796,0,0,661,,:661,:proof
4217329854,4224917573,7587719,0,7587719,:proof,37420,24796,0,0,662,,:662,:proof
4225327622,4231907634,6580012,0,6580012,:proof,37420,24796,0,0,663,,:663,:proof
4233059621,4235557053,2497432,0,2497432,:proof,37420,24796,0,0,664,,:664,:proof
4236249059,4243510501,7261442,0,7261442,:proof,37420,24796,0,0,665,,:665,:proof
4244153246,4250317587,6164341,0,6164341,:proof,37420,24796,0,0,666,,:666,:proof
4250496831,4253085656,2588825,0,2588825,:proof,37420,24796,0,0,667,,:667,:proof
4253300581,4260422310,7121729,0,7121729,:proof,37420,24796,0,0,668,,:668,:proof
4260814439,4267833680,7019241,0,7019241,:proof,37420,24796,0,0,669,,:669,:proof
4268484015,4274764339,6280324,0,6280324,:proof,37420,24796,0,0,670,,:670,:proof
4274976144,4277329318,2353174,0,2353174,:proof,37420,24796,0,0,671,,:671,:proof
4277552693,4279647256,2094563,0,2094563,:proof,37420,24796,0,0,672,,:672,:proof
4280444004,4282642805,2198801,0,2198801,:proof,37420,24796,0,0,673,,:673,:proof
4282823369,4284695772,1872403,0,1872403,:proof,37420,24796,0,0,674,,:674,:proof
4285233524,4291856197,6622673,0,6622673,:proof,37420,24796,0,0,675,,:675,:proof
4292034281,4299273813,7239532,0,7239532,:proof,37420,24796,0,0,676,,:676,:proof
4299577260,4302013840,2436580,0,2436580,:proof,37420,24796,0,0,677,,:677,:proof
4302162954,4304859816,2696862,0,2696862,:proof,37420,24796,0,0,678,,:678,:proof
4305419428,4312325793,6906365,0,6906365,:proof,37420,24796,0,0,679,,:679,:proof
4312579648,4315084441,2504793,0,2504793,:proof,37420,24796,0,0,680,,:680,:proof
4315677134,4317746062,2068928,0,2068928,:proof,37420,24796,0,0,681,,:681,:proof
4318018278,4326009512,7991234,0,7991234,:proof,37420,24796,0,0,682,,:682,:proof
4326238068,4332646435,6408367,0,6408367,:proof,37420,24796,0,0,683,,:683,:proof
4332890201,4339671771,6781570,0,6781570,:proof,37420,24796,0,0,684,,:684,:proof
4339819404,4342569358,2749954,0,2749954,:proof,37420,24796,0,0,685,,:685,:proof
4342952617,4345002784,2050167,0,2050167,:proof,37420,24796,0,0,686,,:686,:proof
4345218279,4352086896,6868617,0,6868617,:proof,37420,24796,0,0,687,,:687,:proof
4352371772,4359784753,7412981,0,7412981,:proof,37420,24796,0,0,688,,:688,:proof
4360645633,4362659794,2014161,0,2014161,:proof,37420,24796,0,0,689,,:689,:proof
4362987752,4370397152,7409400,0,7409400,:proof,37420,24796,0,0,690,,:690,:proof
4370877093,4373415567,2538474,0,2538474,:proof,37420,24796,0,0,691,,:691,:proof
4373558030,4376002236,2444206,0,2444206,:proof,37420,24796,0,0,692,,:692,:proof
4376159140,4383461428,7302288,0,7302288,:proof,37420,24796,0,0,693,,:693,:proof
4383849517,4386774334,2924817,0,2924817,:proof,37420,24796,0,0,694,,:694,:proof
4387189423,4394077206,6887783,0,6887783,:proof,37420,24796,0,0,695,,:695,:proof
4394379503,4396696566,2317063,0,2317063,:proof,37420,24796,0,0,696,,:696,:proof
4396888241,4399079956,2191715,0,2191715,:proof,37420,24796,0,0,697,,:697,:proof
4399555157,4402071321,2516164,0,2516164,:proof,37420,24796,0,0,698,,:698,:proof
4403837845,4405999245,2161400,0,2161400,:proof,37420,24796,0,0,699,,:699,:proof
4406260451,4415399321,9138870,0,9138870,:proof,37420,24796,0,0,700,,:700,:proof
4416233210,4418804025,2570815,0,2570815,:proof,37420,24796,0,0,701,,:701,:proof
4419431350,4421865940,2434590,0,2434590,:proof,37420,24796,0,0,702,,:702,:proof
4422136876,4429602893,7466017,0,7466017,:proof,37420,24796,0,0,703,,:703,:proof
4430079014,4432973175,2894161,0,2894161,:proof,37420,24796,0,0,704,,:704,:proof
4434084881,4436655210,2570329,0,2570329,:proof,37420,24796,0,0,705,,:705,:proof
4436871695,4439189348,2317653,0,2317653,:proof,37420,24796,0,0,706,,:706,:proof
4439349582,4441993363,2643781,0,2643781,:proof,37420,24796,0,0,707,,:707,:proof
4442305310,4450083804,7778494,0,7778494,:proof,37420,24796,0,0,708,,:708,:proof
4450261068,4452801361,2540293,0,2540293,:proof,37420,24796,0,0,709,,:709,:proof
4452986496,4455234637,2248141,0,2248141,:proof,37420,24796,0,0,710,,:710,:proof
4455682738,4458611100,2928362,0,2928362,:proof,37420,24796,0,0,711,,:711,:proof
4459010899,4461237251,2226352,0,2226352,:proof,37420,24796,0,0,712,,:712,:proof
4461595909,4469897089,8301180,0,8301180,:proof,37420,24796,0,0,713,,:713,:proof
4470171396,4477032863,6861467,0,6861467,:proof,37420,24796,0,0,714,,:714,:proof
4477410542,4479719605,2309063,0,2309063,:proof,37420,24796,0,0,715,,:715,:proof
4479980881,4486591773,6610892,0,6610892,:proof,37420,24796,0,0,716,,:716,:proof
4486781317,4488871525,2090208,0,2090208,:proof,37420,24796,0,0,717,,:717,:proof
4489152302,4491608109,2455807,0,2455807,:proof,37420,24796,0,0,718,,:718,:proof
4491944256,4499772176,7827920,0,7827920,:proof,37420,24796,0,0,719,,:719,:proof
4499943030,4506592683,6649653,0,6649653,:proof,37420,24796,0,0,720,,:720,:proof
4507141325,4514103600,6962275,0,6962275,:proof,37420,24796,0,0,721,,:721,:proof
4514346056,4521961876,7615820,0,7615820,:proof,37420,24796,0,0,722,,:722,:proof
4522158600,4528922091,6763491,0,6763491,:proof,37420,24796,0,0,723,,:723,:proof
4530119909,4532906473,2786564,0,2786564,:proof,37420,24796,0,0,724,,:724,:proof
4533196179,4541011584,7815405,0,7815405,:proof,37420,24796,0,0,725,,:725,:proof
4541274060,4543846999,2572939,0,2572939,:proof,37420,24796,0,0,726,,:726,:proof
4544150376,4546135477,1985101,0,1985101,:proof,37420,24796,0,0,727,,:727,:proof
4546771101,4554406922,7635821,0,7635821,:proof,37420,24796,0,0,728,,:728,:proof
4554594216,4556895604,2301388,0,2301388,:proof,37420,24796,0,0,729,,:729,:proof
4557734713,4560231406,2496693,0,2496693,:proof,37420,24796,0,0,730,,:730,:proof
4560453711,4562389525,1935814,0,1935814,:proof,37420,24796,0,0,731,,:731,:proof
4562601300,4569597581,6996281,0,6996281,:proof,37420,24796,0,0,732,,:732,:proof
4569955449,4576911889,6956440,0,6956440,:proof,37420,24796,0,0,733,,:733,:proof
4577190515,4579138190,1947675,0,1947675,:proof,37420,24796,0,0,734,,:734,:proof
4579291564,4581845762,2554198,0,2554198,:proof,37420,24796,0,0,735,,:735,:proof
4582521958,4588937480,6415522,0,6415522,:proof,37420,24796,0,0,736,,:736,:proof
4589350160,4595792058,6441898,0,6441898,:proof,37420,24796,0,0,737,,:737,:proof
4596043754,4598743161,2699407,0,2699407,:proof,37420,24796,0,0,738,,:738,:proof
4598957155,4606139286,7182131,0,7182131,:proof,37420,24796,0,0,739,,:739,:proof
4607146109,4609777994,2631885,0,2631885,:proof,37420,24796,0,0,740,,:740,:proof
4609904367,4611853172,1948805,0,1948805,:proof,37420,24796,0,0,741,,:741,:proof
4612140618,4618528401,6387783,0,6387783,:proof,37420,24796,0,0,742,,:742,:proof
4619784560,4621866297,2081737,0,2081737,:proof,37420,24796,0,0,743,,:743,:proof
4622222326,4624152015,1929689,0,1929689,:proof,37420,24796,0,0,744,,:744,:proof
4625518566,4631645712,6127146,0,6127146,:proof,37420,24796,0,0,745,,:745,:proof
4631873737,4633805512,1931775,0,1931775,:proof,37420,24796,0,0,746,,:746,:proof
4633930175,4636321539,2391364,0,2391364,:proof,37420,24796,0,0,747,,:747,:proof
4636474883,4644338824,7863941,0,7863941,:proof,37420,24796,0,0,748,,:748,:proof
4644493707,4646444067,1950360,0,1950360,:proof,37420,24796,0,0,749,,:749,:proof
4646657002,4654156140,7499138,0,7499138,:proof,37420,24796,0,0,750,,:750,:proof
4655016079,4657185059,2168980,0,2168980,:proof,37420,24796,0,0,751,,:751,:proof
4657478566,4664340474,6861908,0,6861908,:proof,37420,24796,0,0,752,,:752,:proof
4664674771,4671806715,7131944,0,7131944,:proof,37420,24796,0,0,753,,:753,:proof
4671981399,4674760648,2779249,0,2779249,:proof,37420,24796,0,0,754,,:754,:proof
4674926902,4677290326,2363424,0,2363424,:proof,37420,24796,0,0,755,,:755,:proof
4677616443,4684133149,6516706,0,6516706,:proof,37420,24796,0,0,756,,:756,:proof
4684823104,4687318477,2495373,0,2495373,:proof,37420,24796,0,0,757,,:757,:proof
4687489771,4689557993,2068222,0,2068222,:proof,37420,24796,0,0,758,,:758,:proof
4689930732,4692456230,2525498,0,2525498,:proof,37420,24796,0,0,759,,:759,:proof
4692850709,4700467574,7616865,0,7616865,:proof,37420,24796,0,0,760,,:760,:proof
4700608837,4703064674,2455837,0,2455837,:proof,37420,24796,0,0,761,,:761,:proof
4703704598,4706017532,2312934,0,2312934,:proof,37420,24796,0,0,762,,:762,:proof
4706243637,4708776270,2532633,0,2532633,:proof,37420,24796,0,0,763,,:763,:proof
4708936104,4711179160,2243056,0,2243056,:proof,37420,24796,0,0,764,,:764,:proof
4711614820,4713811754,2196934,0,2196934,:proof,37420,24796,0,0,765,,:765,:proof
4714054640,4721222486,7167846,0,7167846,:proof,37420,24796,0,0,766,,:766,:proof
4722141028,4725168586,3027558,0,3027558,:proof,37420,24796,0,0,767,,:767,:proof
4726055287,4728090439,2035152,0,2035152,:proof,37420,24796,0,0,768,,:768,:proof
4729020190,4736525318,7505128,0,7505128,:proof,37420,24796,0,0,769,,:769,:proof
4736683321,4739228625,2545304,0,2545304,:proof,37420,24796,0,0,770,,:770,:proof
4739916001,4742277580,2361579,0,2361579,:proof,37420,24796,0,0,771,,:771,:proof
4742492445,4744580398,2087953,0,2087953,:proof,37420,24796,0,0,772,,:772,:proof
4744790933,4747072571,2281638,0,2281638,:proof,37420,24796,0,0,773,,:773,:proof
4748018622,4749998923,1980301,0,1980301,:proof,37420,24796,0,0,774,,:774,:proof
4750190887,4752285425,2094538,0,2094538,:proof,37420,24796,0,0,775,,:775,:proof
4752466869,4760409446,7942577,0,7942577,:proof,37420,24796,0,0,776,,:776,:proof
4760769045,4767107506,6338461,0,6338461,:proof,37420,24796,0,0,777,,:777,:proof
4767336511,4769370557,2034046,0,2034046,:proof,37420,24796,0,0,778,,:778,:proof
4769694455,4776686661,6992206,0,6992206,:proof,37420,24796,0,0,779,,:779,:proof
4777401137,4779411729,2010592,0,2010592,:proof,37420,24796,0,0,780,,:780,:proof
4779609563,4785872217,6262654,0,6262654,:proof,37420,24796,0,0,781,,:781,:proof
4786216545,4793142874,6926329,0,6926329,:proof,37420,24796,0,0,782,,:782,:proof
4793275567,4798966563,5690996,0,5690996,:proof,37420,24796,0,0,783,,:783,:proof
4799084755,4801096627,2011872,0,2011872,:proof,37420,24796,0,0,784,,:784,:proof
4801325562,4805048332,3722770,0,3722770,:result_io,37420,24796,0,0,785,,:785,:result_io
4805051883,4857464117,52412234,0,52412234,:checkpoint,37420,24796,0,0,786,,:786,:checkpoint
4857645692,4859871403,2225711,0,2225711,:candidate_pack,37420,24796,0,0,787,,:787,:candidate_pack
4861488380,5352612123,491123743,0,491123743,:verification,37420,18656,0,0,1526,,:1526,:verification
4861491700,4863065356,1573656,0,1573656,:proof,37420,13848,0,0,1531,,:1531,:proof
5352725441,5352968426,242985,0,242985,:prp_batch,37420,18656,0,0,1527,,:1527,:prp_batch
5353305229,5355692658,2387429,0,2387429,:proof,37420,24796,0,0,788,,:788,:proof
5355973775,5357996882,2023107,0,2023107,:proof,37420,24796,0,0,789,,:789,:proof
5359760982,5361848161,2087179,0,2087179,:proof,37420,24796,0,0,790,,:790,:proof
5361952933,5364120401,2167468,0,2167468,:proof,37420,24796,0,0,791,,:791,:proof
5364441489,5366551439,2109950,0,2109950,:proof,37420,24796,0,0,792,,:792,:proof
5366886737,5368846322,1959585,0,1959585,:proof,37420,24796,0,0,793,,:793,:proof
5369365854,5371433691,2067837,0,2067837,:proof,37420,24796,0,0,794,,:794,:proof
5371860511,5373892968,2032457,0,2032457,:proof,37420,24796,0,0,795,,:795,:proof
5374203575,5376409665,2206090,0,2206090,:proof,37420,24796,0,0,796,,:796,:proof
5376659761,5384430239,7770478,0,7770478,:proof,37420,24796,0,0,797,,:797,:proof
5384773467,5391667746,6894279,0,6894279,:proof,37420,24796,0,0,798,,:798,:proof
5392822673,5395370541,2547868,0,2547868,:proof,37420,24796,0,0,799,,:799,:proof
5395625747,5397824087,2198340,0,2198340,:proof,37420,24796,0,0,800,,:800,:proof
5398101343,5401383549,3282206,0,3282206,:proof,37420,24796,0,0,801,,:801,:proof
5401601864,5404115502,2513638,0,2513638,:proof,37420,24796,0,0,802,,:802,:proof
5404214574,5406209060,1994486,0,1994486,:proof,37420,24796,0,0,803,,:803,:proof
5406665281,5414275355,7610074,0,7610074,:proof,37420,24796,0,0,804,,:804,:proof
5414418638,5416742812,2324174,0,2324174,:proof,37420,24796,0,0,805,,:805,:proof
5417323486,5424849369,7525883,0,7525883,:proof,37420,24796,0,0,806,,:806,:proof
5425014943,5427151242,2136299,0,2136299,:proof,37420,24796,0,0,807,,:807,:proof
5427312015,5429276301,1964286,0,1964286,:proof,37420,24796,0,0,808,,:808,:proof
5429464165,5436365173,6901008,0,6901008,:proof,37420,24796,0,0,809,,:809,:proof
5436779522,5438874801,2095279,0,2095279,:proof,37420,24796,0,0,810,,:810,:proof
5438970763,5441075372,2104609,0,2104609,:proof,37420,24796,0,0,811,,:811,:proof
5441186194,5443477567,2291373,0,2291373,:proof,37420,24796,0,0,812,,:812,:proof
5443832775,5445792840,1960065,0,1960065,:proof,37420,24796,0,0,813,,:813,:proof
5446172819,5453868586,7695767,0,7695767,:proof,37420,24796,0,0,814,,:814,:proof
5454177893,5456500366,2322473,0,2322473,:proof,37420,24796,0,0,815,,:815,:proof
5456994428,5459514206,2519778,0,2519778,:proof,37420,24796,0,0,816,,:816,:proof
5459858534,5462080734,2222200,0,2222200,:proof,37420,24796,0,0,817,,:817,:proof
5462181386,5464577321,2395935,0,2395935,:proof,37420,24796,0,0,818,,:818,:proof
5464970960,5466896705,1925745,0,1925745,:proof,37420,24796,0,0,819,,:819,:proof
5467110010,5469042494,1932484,0,1932484,:proof,37420,24796,0,0,820,,:820,:proof
5469464864,5471607763,2142899,0,2142899,:proof,37420,24796,0,0,821,,:821,:proof
5471755277,5478588444,6833167,0,6833167,:proof,37420,24796,0,0,822,,:822,:proof
5478690926,5481185273,2494347,0,2494347,:proof,37420,24796,0,0,823,,:823,:proof
5481488970,5483640140,2151170,0,2151170,:proof,37420,24796,0,0,824,,:824,:proof
5483816894,5491399358,7582464,0,7582464,:proof,37420,24796,0,0,825,,:825,:proof
5491555421,5493871540,2316119,0,2316119,:proof,37420,24796,0,0,826,,:826,:proof
5493993083,5500682752,6689669,0,6689669,:proof,37420,24796,0,0,827,,:827,:proof
5501169543,5503737432,2567889,0,2567889,:proof,37420,24796,0,0,828,,:828,:proof
5504077490,5506139367,2061877,0,2061877,:proof,37420,24796,0,0,829,,:829,:proof
5507880726,5510037576,2156850,0,2156850,:proof,37420,24796,0,0,830,,:830,:proof
5510451516,5512640207,2188691,0,2188691,:proof,37420,24796,0,0,831,,:831,:proof
5513002195,5515459751,2457556,0,2457556,:proof,37420,24796,0,0,832,,:832,:proof
5515765308,5517866206,2100898,0,2100898,:proof,37420,24796,0,0,833,,:833,:proof
5518550652,5526168127,7617475,0,7617475,:proof,37420,24796,0,0,834,,:834,:proof
5526588396,5528686735,2098339,0,2098339,:proof,37420,24796,0,0,835,,:835,:proof
5528893450,5536626887,7733437,0,7733437,:proof,37420,24796,0,0,836,,:836,:proof
5536887633,5538873750,1986117,0,1986117,:proof,37420,24796,0,0,837,,:837,:proof
5539820802,5542021332,2200530,0,2200530,:proof,37420,24796,0,0,838,,:838,:proof
5542315589,5544389537,2073948,0,2073948,:proof,37420,24796,0,0,839,,:839,:proof
5544705364,5551418938,6713574,0,6713574,:proof,37420,24796,0,0,840,,:840,:proof
5551897879,5554291513,2393634,0,2393634,:proof,37420,24796,0,0,841,,:841,:proof
5554454707,5556745400,2290693,0,2290693,:proof,37420,24796,0,0,842,,:842,:proof
5556951124,5559314789,2363665,0,2363665,:proof,37420,24796,0,0,843,,:843,:proof
5559524514,5561312556,1788042,0,1788042,:proof,37420,24796,0,0,844,,:844,:proof
5561471689,5563169867,1698178,0,1698178,:proof,37420,24796,0,0,845,,:845,:proof
5563324781,5565340817,2016036,0,2016036,:proof,37420,24796,0,0,846,,:846,:proof
5565802928,5571932579,6129651,0,6129651,:proof,37420,24796,0,0,847,,:847,:proof
5572180484,5574010797,1830313,0,1830313,:proof,37420,24796,0,0,848,,:848,:proof
5574182041,5576284789,2102748,0,2102748,:proof,37420,24796,0,0,849,,:849,:proof
5576404332,5583136117,6731785,0,6731785,:proof,37420,24796,0,0,850,,:850,:proof
5583282851,5585177324,1894473,0,1894473,:proof,37420,24796,0,0,851,,:851,:proof
5585428620,5592832789,7404169,0,7404169,:proof,37420,24796,0,0,852,,:852,:proof
5592986943,5598748265,5761322,0,5761322,:proof,37420,24796,0,0,853,,:853,:proof
5599081493,5600939846,1858353,0,1858353,:proof,37420,24796,0,0,854,,:854,:proof
5601053019,5603112511,2059492,0,2059492,:proof,37420,24796,0,0,855,,:855,:proof
5603233063,5605118312,1885249,0,1885249,:proof,37420,24796,0,0,856,,:856,:proof
5605515372,5607411194,1895822,0,1895822,:proof,37420,24796,0,0,857,,:857,:proof
5607590048,5609573965,1983917,0,1983917,:proof,37420,24796,0,0,858,,:858,:proof
5609696588,5615469629,5773041,0,5773041,:proof,37420,24796,0,0,859,,:859,:proof
5615574762,5621757285,6182523,0,6182523,:proof,37420,24796,0,0,860,,:860,:proof
5622353919,5624206381,1852462,0,1852462,:proof,37420,24796,0,0,861,,:861,:proof
5624293563,5626361491,2067928,0,2067928,:proof,37420,24796,0,0,862,,:862,:proof
5626444093,5628263883,1819790,0,1819790,:proof,37420,24796,0,0,863,,:863,:proof
5628373356,5634071828,5698472,0,5698472,:proof,37420,24796,0,0,864,,:864,:proof
5634362485,5636320339,1957854,0,1957854,:proof,37420,24796,0,0,865,,:865,:proof
5636647086,5643366211,6719125,0,6719125,:proof,37420,24796,0,0,866,,:866,:proof
5643902513,5649680276,5777763,0,5777763,:proof,37420,24796,0,0,867,,:867,:proof
5649806489,5655530011,5723522,0,5723522,:proof,37420,24796,0,0,868,,:868,:proof
5655810248,5657728211,1917963,0,1917963,:proof,37420,24796,0,0,869,,:869,:proof
5657955256,5660062905,2107649,0,2107649,:proof,37420,24796,0,0,870,,:870,:proof
5660764911,5662492480,1727569,0,1727569,:proof,37420,24796,0,0,871,,:871,:proof
5662889170,5665027109,2137939,0,2137939,:proof,37420,24796,0,0,872,,:872,:proof
5665174813,5667215839,2041026,0,2041026,:proof,37420,24796,0,0,873,,:873,:proof
5667756501,5669566794,1810293,0,1810293,:proof,37420,24796,0,0,874,,:874,:proof
5670083356,5676840171,6756815,0,6756815,:proof,37420,24796,0,0,875,,:875,:proof
5677483796,5683623967,6140171,0,6140171,:proof,37420,24796,0,0,876,,:876,:proof
5683819921,5685571561,1751640,0,1751640,:proof,37420,24796,0,0,877,,:877,:proof
5686395050,5692452290,6057240,0,6057240,:proof,37420,24796,0,0,878,,:878,:proof
5692914670,5694853035,1938365,0,1938365,:proof,37420,24796,0,0,879,,:879,:proof
5695082460,5701919196,6836736,0,6836736,:proof,37420,24796,0,0,880,,:880,:proof
5702078360,5704063777,1985417,0,1985417,:proof,37420,24796,0,0,881,,:881,:proof
5704436425,5706163915,1727490,0,1727490,:proof,37420,24796,0,0,882,,:882,:proof
5706307878,5707974956,1667078,0,1667078,:proof,37420,24796,0,0,883,,:883,:proof
5708188501,5710079684,1891183,0,1891183,:proof,37420,24796,0,0,884,,:884,:proof
5710416922,5712146632,1729710,0,1729710,:proof,37420,24796,0,0,885,,:885,:proof
5712694405,5714815284,2120879,0,2120879,:proof,37420,24796,0,0,886,,:886,:proof
5715045509,5716837450,1791941,0,1791941,:proof,37420,24796,0,0,887,,:887,:proof
5716931422,5722473600,5542178,0,5542178,:proof,37420,24796,0,0,888,,:888,:proof
5722577742,5724514957,1937215,0,1937215,:proof,37420,24796,0,0,889,,:889,:proof
5724641980,5726403570,1761590,0,1761590,:proof,37420,24796,0,0,890,,:890,:proof
5726769208,5728727393,1958185,0,1958185,:proof,37420,24796,0,0,891,,:891,:proof
5729407479,5731618329,2210850,0,2210850,:proof,37420,24796,0,0,892,,:892,:proof
5731713232,5738252483,6539251,0,6539251,:proof,37420,24796,0,0,893,,:893,:proof
5738365685,5743917122,5551437,0,5551437,:proof,37420,24796,0,0,894,,:894,:proof
5744201868,5745927619,1725751,0,1725751,:proof,37420,24796,0,0,895,,:895,:proof
5746220676,5751772073,5551397,0,5551397,:proof,37420,24796,0,0,896,,:896,:proof
5752134491,5758681977,6547486,0,6547486,:proof,37420,24796,0,0,897,,:897,:proof
5759258240,5765375985,6117745,0,6117745,:proof,37420,24796,0,0,898,,:898,:proof
5765540219,5770882722,5342503,0,5342503,:proof,37420,24796,0,0,899,,:899,:proof
5771050145,5772853978,1803833,0,1803833,:proof,37420,24796,0,0,900,,:900,:proof
5773264317,5775437547,2173230,0,2173230,:proof,37420,24796,0,0,901,,:901,:proof
5775541489,5781678735,6137246,0,6137246,:proof,37420,24796,0,0,902,,:902,:proof
5782605566,5784684509,2078943,0,2078943,:proof,37420,24796,0,0,903,,:903,:proof
5784921905,5790398150,5476245,0,5476245,:proof,37420,24796,0,0,904,,:904,:proof
5790670996,5792835406,2164410,0,2164410,:proof,37420,24796,0,0,905,,:905,:proof
5793062821,5794865223,1802402,0,1802402,:proof,37420,24796,0,0,906,,:906,:proof
5795082468,5796925101,1842633,0,1842633,:proof,37420,24796,0,0,907,,:907,:proof
5797371381,5803853029,6481648,0,6481648,:proof,37420,24796,0,0,908,,:908,:proof
5804250759,5810796600,6545841,0,6545841,:proof,37420,24796,0,0,909,,:909,:proof
5811001975,5812890707,1888732,0,1888732,:proof,37420,24796,0,0,910,,:910,:proof
5813077612,5815108039,2030427,0,2030427,:proof,37420,24796,0,0,911,,:911,:proof
5815367605,5817165756,1798151,0,1798151,:proof,37420,24796,0,0,912,,:912,:proof
5817321730,5819406738,2085008,0,2085008,:proof,37420,24796,0,0,913,,:913,:proof
5819652614,5821871924,2219310,0,2219310,:proof,37420,24796,0,0,914,,:914,:proof
5822048308,5823785928,1737620,0,1737620,:proof,37420,24796,0,0,915,,:915,:proof
5823896260,5829836648,5940388,0,5940388,:proof,37420,24796,0,0,916,,:916,:proof
5830050953,5836695704,6644751,0,6644751,:proof,37420,24796,0,0,917,,:917,:proof
5836860398,5843141873,6281475,0,6281475,:proof,37420,24796,0,0,918,,:918,:proof
5843569813,5849000537,5430724,0,5430724,:proof,37420,24796,0,0,919,,:919,:proof
5849283524,5851146437,1862913,0,1862913,:proof,37420,24796,0,0,920,,:920,:proof
5851310801,5853121032,1810231,0,1810231,:proof,37420,24796,0,0,921,,:921,:proof
5853335447,5859089680,5754233,0,5754233,:proof,37420,24796,0,0,922,,:922,:proof
5859344106,5861285450,1941344,0,1941344,:proof,37420,24796,0,0,923,,:923,:proof
5861604958,5863429640,1824682,0,1824682,:proof,37420,24796,0,0,924,,:924,:proof
5863691946,5865570738,1878792,0,1878792,:proof,37420,24796,0,0,925,,:925,:proof
5865685331,5867348750,1663419,0,1663419,:proof,37420,24796,0,0,926,,:926,:proof
5867994794,5874828872,6834078,0,6834078,:proof,37420,24796,0,0,927,,:927,:proof
5875109178,5877159225,2050047,0,2050047,:proof,37420,24796,0,0,928,,:928,:proof
5877397130,5883044561,5647431,0,5647431,:proof,37420,24796,0,0,929,,:929,:proof
5883132373,5884987115,1854742,0,1854742,:proof,37420,24796,0,0,930,,:930,:proof
5885095628,5887187340,2091712,0,2091712,:proof,37420,24796,0,0,931,,:931,:proof
5887307293,5894117735,6810442,0,6810442,:proof,37420,24796,0,0,932,,:932,:proof
5894211047,5900396439,6185392,0,6185392,:proof,37420,24796,0,0,933,,:933,:proof
5900558043,5902926737,2368694,0,2368694,:proof,37420,24796,0,0,934,,:934,:proof
5903429519,5905510867,2081348,0,2081348,:proof,37420,24796,0,0,935,,:935,:proof
5905635310,5911836112,6200802,0,6200802,:proof,37420,24796,0,0,936,,:936,:proof
5912263131,5919315533,7052402,0,7052402,:proof,37420,24796,0,0,937,,:937,:proof
5919514678,5921408992,1894314,0,1894314,:proof,37420,24796,0,0,938,,:938,:proof
5921600907,5923503500,1902593,0,1902593,:proof,37420,24796,0,0,939,,:939,:proof
5923593722,5930000360,6406638,0,6406638,:proof,37420,24796,0,0,940,,:940,:proof
5930403379,5932573939,2170560,0,2170560,:proof,37420,24796,0,0,941,,:941,:proof
5933071720,5938845068,5773348,0,5773348,:proof,37420,24796,0,0,942,,:942,:proof
5939090104,5945363852,6273748,0,6273748,:proof,37420,24796,0,0,943,,:943,:proof
5946225082,5952319232,6094150,0,6094150,:proof,37420,24796,0,0,944,,:944,:proof
5952588768,5954512653,1923885,0,1923885,:proof,37420,24796,0,0,945,,:945,:proof
5954680907,5956572601,1891694,0,1891694,:proof,37420,24796,0,0,946,,:946,:proof
5957044221,5959090208,2045987,0,2045987,:proof,37420,24796,0,0,947,,:947,:proof
5959198581,5961008672,1810091,0,1810091,:proof,37420,24796,0,0,948,,:948,:proof
5961160396,5962912006,1751610,0,1751610,:proof,37420,24796,0,0,949,,:949,:proof
5963063920,5968947475,5883555,0,5883555,:proof,37420,24796,0,0,950,,:950,:proof
5969269422,5976210331,6940909,0,6940909,:proof,37420,24796,0,0,951,,:951,:proof
5976365745,5981750559,5384814,0,5384814,:proof,37420,24796,0,0,952,,:952,:proof
5982104227,5984138054,2033827,0,2033827,:proof,37420,24796,0,0,953,,:953,:proof
5984321478,5990515450,6193972,0,6193972,:proof,37420,24796,0,0,954,,:954,:proof
5990794956,5996611610,5816654,0,5816654,:proof,37420,24796,0,0,955,,:955,:proof
5996867726,5998973945,2106219,0,2106219,:proof,37420,24796,0,0,956,,:956,:proof
5999168149,6000963600,1795451,0,1795451,:proof,37420,24796,0,0,957,,:957,:proof
6001118384,6002794913,1676529,0,1676529,:proof,37420,24796,0,0,958,,:958,:proof
6003379256,6005167777,1788521,0,1788521,:proof,37420,24796,0,0,959,,:959,:proof
6005301090,6011242856,5941766,0,5941766,:proof,37420,24796,0,0,960,,:960,:proof
6011370679,6013148071,1777392,0,1777392,:proof,37420,24796,0,0,961,,:961,:proof
6013490559,6019551887,6061328,0,6061328,:proof,37420,24796,0,0,962,,:962,:proof
6020129821,6027351117,7221296,0,7221296,:proof,37420,24796,0,0,963,,:963,:proof
6027446109,6029342053,1895944,0,1895944,:proof,37420,24796,0,0,964,,:964,:proof
6029669201,6031965883,2296682,0,2296682,:proof,37420,24796,0,0,965,,:965,:proof
6032073765,6037750156,5676391,0,5676391,:proof,37420,24796,0,0,966,,:966,:proof
6038167275,6040004958,1837683,0,1837683,:proof,37420,24796,0,0,967,,:967,:proof
6040121760,6042151418,2029658,0,2029658,:proof,37420,24796,0,0,968,,:968,:proof
6042327832,6049226610,6898778,0,6898778,:proof,37420,24796,0,0,969,,:969,:proof
6049490336,6055582361,6092025,0,6092025,:proof,37420,24796,0,0,970,,:970,:proof
6055673623,6057716074,2042451,0,2042451,:proof,37420,24796,0,0,971,,:971,:proof
6058036311,6065387502,7351191,0,7351191,:proof,37420,24796,0,0,972,,:972,:proof
6065795711,6067806127,2010416,0,2010416,:proof,37420,24796,0,0,973,,:973,:proof
6067897519,6073754274,5856755,0,5856755,:proof,37420,24796,0,0,974,,:974,:proof
6074001400,6080512619,6511219,0,6511219,:proof,37420,24796,0,0,975,,:975,:proof
6081135414,6083198200,2062786,0,2062786,:proof,37420,24796,0,0,976,,:976,:proof
6083290573,6085100635,1810062,0,1810062,:proof,37420,24796,0,0,977,,:977,:proof
6085288069,6091192915,5904846,0,5904846,:proof,37420,24796,0,0,978,,:978,:proof
6091657056,6093909957,2252901,0,2252901,:proof,37420,24796,0,0,979,,:979,:proof
6094025129,6096014476,1989347,0,1989347,:proof,37420,24796,0,0,980,,:980,:proof
6096170789,6102602747,6431958,0,6431958,:proof,37420,24796,0,0,981,,:981,:proof
6102886844,6104987367,2100523,0,2100523,:proof,37420,24796,0,0,982,,:982,:proof
6105204242,6111044531,5840289,0,5840289,:proof,37420,24796,0,0,983,,:983,:proof
6111132033,6116943447,5811414,0,5811414,:proof,37420,24796,0,0,984,,:984,:proof
6117203353,6118930672,1727319,0,1727319,:proof,37420,24796,0,0,985,,:985,:proof
6119157277,6126019755,6862478,0,6862478,:proof,37420,24796,0,0,986,,:986,:proof
6126224960,6128117484,1892524,0,1892524,:proof,37420,24796,0,0,987,,:987,:proof
6128302438,6130077868,1775430,0,1775430,:proof,37420,24796,0,0,988,,:988,:proof
6130497898,6132476274,1978376,0,1978376,:proof,37420,24796,0,0,989,,:989,:proof
6133040157,6134942410,1902253,0,1902253,:proof,37420,24796,0,0,990,,:990,:proof
6135235407,6141634129,6398722,0,6398722,:proof,37420,24796,0,0,991,,:991,:proof
6142104880,6144265005,2160125,0,2160125,:proof,37420,24796,0,0,992,,:992,:proof
6144652154,6146478915,1826761,0,1826761,:proof,37420,24796,0,0,993,,:993,:proof
6146792273,6153683140,6890867,0,6890867,:proof,37420,24796,0,0,994,,:994,:proof
6154038488,6159749571,5711083,0,5711083,:proof,37420,24796,0,0,995,,:995,:proof
6160071498,6161875430,1803932,0,1803932,:proof,37420,24796,0,0,996,,:996,:proof
6161995192,6168672725,6677533,0,6677533,:proof,37420,24796,0,0,997,,:997,:proof
6168876340,6174824706,5948366,0,5948366,:proof,37420,24796,0,0,998,,:998,:proof
6175063122,6181033075,5969953,0,5969953,:proof,37420,24796,0,0,999,,:999,:proof
6181747991,6188916581,7168590,0,7168590,:proof,37420,24796,0,0,1000,,:1000,:proof
6189152126,6191051370,1899244,0,1899244,:proof,37420,24796,0,0,1001,,:1001,:proof
6191202523,6193195259,1992736,0,1992736,:proof,37420,24796,0,0,1002,,:1002,:proof
6193622049,6195380459,1758410,0,1758410,:proof,37420,24796,0,0,1003,,:1003,:proof
6196236049,6203022235,6786186,0,6786186,:proof,37420,24796,0,0,1004,,:1004,:proof
6203625469,6210434486,6809017,0,6809017,:proof,37420,24796,0,0,1005,,:1005,:proof
6210807834,6212845221,2037387,0,2037387,:proof,37420,24796,0,0,1006,,:1006,:proof
6213024075,6215114703,2090628,0,2090628,:proof,37420,24796,0,0,1007,,:1007,:proof
6215248366,6217094548,1846182,0,1846182,:proof,37420,24796,0,0,1008,,:1008,:proof
6217475427,6219372000,1896573,0,1896573,:proof,37420,24796,0,0,1009,,:1009,:proof
6219521704,6225595674,6073970,0,6073970,:proof,37420,24796,0,0,1010,,:1010,:proof
6226275030,6228367328,2092298,0,2092298,:proof,37420,24796,0,0,1011,,:1011,:proof
6228513731,6230244650,1730919,0,1730919,:proof,37420,24796,0,0,1012,,:1012,:proof
6230649630,6232679767,2030137,0,2030137,:proof,37420,24796,0,0,1013,,:1013,:proof
6233175978,6235156043,1980065,0,1980065,:proof,37420,24796,0,0,1014,,:1014,:proof
6235326967,6241859657,6532690,0,6532690,:proof,37420,24796,0,0,1015,,:1015,:proof
6242116563,6248664274,6547711,0,6547711,:proof,37420,24796,0,0,1016,,:1016,:proof
6248847318,6254585980,5738662,0,5738662,:proof,37420,24796,0,0,1017,,:1017,:proof
6254690433,6260862080,6171647,0,6171647,:proof,37420,24796,0,0,1018,,:1018,:proof
6261945815,6263963206,2017391,0,2017391,:proof,37420,24796,0,0,1019,,:1019,:proof
6264138220,6266173886,2035666,0,2035666,:proof,37420,24796,0,0,1020,,:1020,:proof
6266458193,6268320275,1862082,0,1862082,:proof,37420,24796,0,0,1021,,:1021,:proof
6268531070,6270689151,2158081,0,2158081,:proof,37420,24796,0,0,1022,,:1022,:proof
6270835054,6277189210,6354156,0,6354156,:proof,37420,24796,0,0,1023,,:1023,:proof
6277348034,6283238229,5890195,0,5890195,:proof,37420,24796,0,0,1024,,:1024,:proof
6283332921,6290781382,7448461,0,7448461,:proof,37420,24796,0,0,1025,,:1025,:proof
6291220522,6293914309,2693787,0,2693787,:proof,37420,24796,0,0,1026,,:1026,:proof
6294312148,6296392791,2080643,0,2080643,:proof,37420,24796,0,0,1027,,:1027,:proof
6297423724,6299690026,2266302,0,2266302,:proof,37420,24796,0,0,1028,,:1028,:proof
6299794649,6305823158,6028509,0,6028509,:proof,37420,24796,0,0,1029,,:1029,:proof
6306067764,6312962202,6894438,0,6894438,:proof,37420,24796,0,0,1030,,:1030,:proof
6313137716,6315390707,2252991,0,2252991,:proof,37420,24796,0,0,1031,,:1031,:proof
6315665453,6321724074,6058621,0,6058621,:proof,37420,24796,0,0,1032,,:1032,:proof
6321871607,6323934054,2062447,0,2062447,:proof,37420,24796,0,0,1033,,:1033,:proof
6324217810,6330006853,5789043,0,5789043,:proof,37420,24796,0,0,1034,,:1034,:proof
6330685899,6332744406,2058507,0,2058507,:proof,37420,24796,0,0,1035,,:1035,:proof
6332830258,6339464801,6634543,0,6634543,:proof,37420,24796,0,0,1036,,:1036,:proof
6339698297,6341467817,1769520,0,1769520,:proof,37420,24796,0,0,1037,,:1037,:proof
6342211975,6344051827,1839852,0,1839852,:proof,37420,24796,0,0,1038,,:1038,:proof
6344383545,6346187616,1804071,0,1804071,:proof,37420,24796,0,0,1039,,:1039,:proof
6347083987,6349184965,2100978,0,2100978,:proof,37420,24796,0,0,1040,,:1040,:proof
6349320798,6351076018,1755220,0,1755220,:proof,37420,24796,0,0,1041,,:1041,:proof
6351259362,6353590947,2331585,0,2331585,:proof,37420,24796,0,0,1042,,:1042,:proof
6353821742,6360256964,6435222,0,6435222,:proof,37420,24796,0,0,1043,,:1043,:proof
6360389717,6362478855,2089138,0,2089138,:proof,37420,24796,0,0,1044,,:1044,:proof
6362637899,6364709061,2071162,0,2071162,:proof,37420,24796,0,0,1045,,:1045,:proof
6364976847,6371428521,6451674,0,6451674,:proof,37420,24796,0,0,1046,,:1046,:proof
6372054555,6374211690,2157135,0,2157135,:proof,37420,24796,0,0,1047,,:1047,:proof
6374510447,6381223381,6712934,0,6712934,:proof,37420,24796,0,0,1048,,:1048,:proof
6381790504,6383795530,2005026,0,2005026,:proof,37420,24796,0,0,1049,,:1049,:proof
6384013665,6385953199,1939534,0,1939534,:proof,37420,24796,0,0,1050,,:1050,:proof
6386371459,6388390460,2019001,0,2019001,:proof,37420,24796,0,0,1051,,:1051,:proof
6388769679,6390930839,2161160,0,2161160,:proof,37420,24796,0,0,1052,,:1052,:proof
6391229806,6393411481,2181675,0,2181675,:proof,37420,24796,0,0,1053,,:1053,:proof
6393605776,6401004886,7399110,0,7399110,:proof,37420,24796,0,0,1054,,:1054,:proof
6401357364,6403413061,2055697,0,2055697,:proof,37420,24796,0,0,1055,,:1055,:proof
6403732618,6405913678,2181060,0,2181060,:proof,37420,24796,0,0,1056,,:1056,:proof
6406037571,6412183743,6146172,0,6146172,:proof,37420,24796,0,0,1057,,:1057,:proof
6412366347,6418140080,5773733,0,5773733,:proof,37420,24796,0,0,1058,,:1058,:proof
6418505968,6420506844,2000876,0,2000876,:proof,37420,24796,0,0,1059,,:1059,:proof
6420926434,6423101863,2175429,0,2175429,:proof,37420,24796,0,0,1060,,:1060,:proof
6423443741,6429480820,6037079,0,6037079,:proof,37420,24796,0,0,1061,,:1061,:proof
6429734165,6435653432,5919267,0,5919267,:proof,37420,24796,0,0,1062,,:1062,:proof
6435987829,6442849748,6861919,0,6861919,:proof,37420,24796,0,0,1063,,:1063,:proof
6442954770,6444855144,1900374,0,1900374,:proof,37420,24796,0,0,1064,,:1064,:proof
6445433507,6451180579,5747072,0,5747072,:proof,37420,24796,0,0,1065,,:1065,:proof
6451465085,6453374829,1909744,0,1909744,:proof,37420,24796,0,0,1066,,:1066,:proof
6453685926,6459899450,6213524,0,6213524,:proof,37420,24796,0,0,1067,,:1067,:proof
6460047463,6461902745,1855282,0,1855282,:proof,37420,24796,0,0,1068,,:1068,:proof
6462078379,6467538514,5460135,0,5460135,:proof,37420,24796,0,0,1069,,:1069,:proof
6468081967,6469826457,1744490,0,1744490,:proof,37420,24796,0,0,1070,,:1070,:proof
6470172125,6476783807,6611682,0,6611682,:proof,37420,24796,0,0,1071,,:1071,:proof
6477006912,6478943407,1936495,0,1936495,:proof,37420,24796,0,0,1072,,:1072,:proof
6479815257,6481992947,2177690,0,2177690,:proof,37420,24796,0,0,1073,,:1073,:proof
6482271274,6484031184,1759910,0,1759910,:proof,37420,24796,0,0,1074,,:1074,:proof
6484537775,6486241124,1703349,0,1703349,:proof,37420,24796,0,0,1075,,:1075,:proof
6486563032,6488430395,1867363,0,1867363,:proof,37420,24796,0,0,1076,,:1076,:proof
6488582358,6494607987,6025629,0,6025629,:proof,37420,24796,0,0,1077,,:1077,:proof
6495527968,6501562836,6034868,0,6034868,:proof,37420,24796,0,0,1078,,:1078,:proof
6501711530,6508050015,6338485,0,6338485,:proof,37420,24796,0,0,1079,,:1079,:proof
6508306801,6513704265,5397464,0,5397464,:proof,37420,24796,0,0,1080,,:1080,:proof
6514065535,6516046620,1981085,0,1981085,:proof,37420,24796,0,0,1081,,:1081,:proof
6516320426,6522532168,6211742,0,6211742,:proof,37420,24796,0,0,1082,,:1082,:proof
6522629181,6524689669,2060488,0,2060488,:proof,37420,24796,0,0,1083,,:1083,:proof
6524997006,6530723337,5726331,0,5726331,:proof,37420,24796,0,0,1084,,:1084,:proof
6531079555,6533326837,2247282,0,2247282,:proof,37420,24796,0,0,1085,,:1085,:proof
6533662324,6539063709,5401385,0,5401385,:proof,37420,24796,0,0,1086,,:1086,:proof
6539171562,6541236659,2065097,0,2065097,:proof,37420,24796,0,0,1087,,:1087,:proof
6541529526,6543581582,2052056,0,2052056,:proof,37420,24796,0,0,1088,,:1088,:proof
6543946461,6545760803,1814342,0,1814342,:proof,37420,24796,0,0,1089,,:1089,:proof
6545983628,6547762129,1778501,0,1778501,:proof,37420,24796,0,0,1090,,:1090,:proof
6548183059,6549948969,1765910,0,1765910,:proof,37420,24796,0,0,1091,,:1091,:proof
6550254546,6556689274,6434728,0,6434728,:proof,37420,24796,0,0,1092,,:1092,:proof
6556872038,6558648499,1776461,0,1776461,:proof,37420,24796,0,0,1093,,:1093,:proof
6558870064,6560994243,2124179,0,2124179,:proof,37420,24796,0,0,1094,,:1094,:proof
6561093386,6566987100,5893714,0,5893714,:proof,37420,24796,0,0,1095,,:1095,:proof
6567168414,6572890106,5721692,0,5721692,:proof,37420,24796,0,0,1096,,:1096,:proof
6572999078,6575036020,2036942,0,2036942,:proof,37420,24796,0,0,1097,,:1097,:proof
6575261086,6581909959,6648873,0,6648873,:proof,37420,24796,0,0,1098,,:1098,:proof
6582098553,6584003122,1904569,0,1904569,:proof,37420,24796,0,0,1099,,:1099,:proof
6584227877,6589835176,5607299,0,5607299,:proof,37420,24796,0,0,1100,,:1100,:proof
6590191734,6592075838,1884104,0,1884104,:proof,37420,24796,0,0,1101,,:1101,:proof
6592326423,6598847723,6521300,0,6521300,:proof,37420,24796,0,0,1102,,:1102,:proof
6599124830,6600927150,1802320,0,1802320,:proof,37420,24796,0,0,1103,,:1103,:proof
6601119285,6606455167,5335882,0,5335882,:proof,37420,24796,0,0,1104,,:1104,:proof
6606671932,6608408832,1736900,0,1736900,:proof,37420,24796,0,0,1105,,:1105,:proof
6608635697,6614700717,6065020,0,6065020,:proof,37420,24796,0,0,1106,,:1106,:proof
6615363732,6617222466,1858734,0,1858734,:proof,37420,24796,0,0,1107,,:1107,:proof
6617501412,6619616530,2115118,0,2115118,:proof,37420,24796,0,0,1108,,:1108,:proof
6619810405,6621700948,1890543,0,1890543,:proof,37420,24796,0,0,1109,,:1109,:proof
6621981454,6627370929,5389475,0,5389475,:proof,37420,24796,0,0,1110,,:1110,:proof
6627509312,6633534650,6025338,0,6025338,:proof,37420,24796,0,0,1111,,:1111,:proof
6633665063,6639507438,5842375,0,5842375,:proof,37420,24796,0,0,1112,,:1112,:proof
6639706763,6641556705,1849942,0,1849942,:proof,37420,24796,0,0,1113,,:1113,:proof
6642077557,6644206015,2128458,0,2128458,:proof,37420,24796,0,0,1114,,:1114,:proof
6644415450,6649963437,5547987,0,5547987,:proof,37420,24796,0,0,1115,,:1115,:proof
6650361677,6652061076,1699399,0,1699399,:proof,37420,24796,0,0,1116,,:1116,:proof
6652514116,6654570333,2056217,0,2056217,:proof,37420,24796,0,0,1117,,:1117,:proof
6654657635,6656421296,1763661,0,1763661,:proof,37420,24796,0,0,1118,,:1118,:proof
6656496038,6658228988,1732950,0,1732950,:proof,37420,24796,0,0,1119,,:1119,:proof
6658540765,6660494700,1953935,0,1953935,:proof,37420,24796,0,0,1120,,:1120,:proof
6660603373,6666508108,5904735,0,5904735,:proof,37420,24796,0,0,1121,,:1121,:proof
6666663821,6668434963,1771142,0,1771142,:proof,37420,24796,0,0,1122,,:1122,:proof
6668617057,6670333967,1716910,0,1716910,:proof,37420,24796,0,0,1123,,:1123,:proof
6671487143,6673262859,1775716,0,1775716,:proof,37420,24796,0,0,1124,,:1124,:proof
6673401672,6680157331,6755659,0,6755659,:proof,37420,24796,0,0,1125,,:1125,:proof
6680449488,6682431979,1982491,0,1982491,:proof,37420,24796,0,0,1126,,:1126,:proof
6682609013,6684478471,1869458,0,1869458,:proof,37420,24796,0,0,1127,,:1127,:proof
6684599214,6686374895,1775681,0,1775681,:proof,37420,24796,0,0,1128,,:1128,:proof
6686610460,6688723614,2113154,0,2113154,:proof,37420,24796,0,0,1129,,:1129,:proof
6689044231,6690697264,1653033,0,1653033,:proof,37420,24796,0,0,1130,,:1130,:proof
6690906599,6692776991,1870392,0,1870392,:proof,37420,24796,0,0,1131,,:1131,:proof
6692913265,6698924993,6011728,0,6011728,:proof,37420,24796,0,0,1132,,:1132,:proof
6699147159,6704611194,5464035,0,5464035,:proof,37420,24796,0,0,1133,,:1133,:proof
6704796978,6706667001,1870023,0,1870023,:proof,37420,24796,0,0,1134,,:1134,:proof
6706947928,6708672477,1724549,0,1724549,:proof,37420,24796,0,0,1135,,:1135,:proof
6708764900,6715518874,6753974,0,6753974,:proof,37420,24796,0,0,1136,,:1136,:proof
6715879392,6717660154,1780762,0,1780762,:proof,37420,24796,0,0,1137,,:1137,:proof
6717930390,6719668840,1738450,0,1738450,:proof,37420,24796,0,0,1138,,:1138,:proof
6719819744,6721738342,1918598,0,1918598,:proof,37420,24796,0,0,1139,,:1139,:proof
6722016229,6724024210,2007981,0,2007981,:proof,37420,24796,0,0,1140,,:1140,:proof
6724176664,6725918504,1741840,0,1741840,:proof,37420,24796,0,0,1141,,:1141,:proof
6726854255,6728639486,1785231,0,1785231,:proof,37420,24796,0,0,1142,,:1142,:proof
6729029195,6735107725,6078530,0,6078530,:proof,37420,24796,0,0,1143,,:1143,:proof
6735205528,6740578991,5373463,0,5373463,:proof,37420,24796,0,0,1144,,:1144,:proof
6740830847,6742612798,1781951,0,1781951,:proof,37420,24796,0,0,1145,,:1145,:proof
6742790382,6749696571,6906189,0,6906189,:proof,37420,24796,0,0,1146,,:1146,:proof
6749927326,6755180297,5252971,0,5252971,:proof,37420,24796,0,0,1147,,:1147,:proof
6755328380,6761925592,6597212,0,6597212,:proof,37420,24796,0,0,1148,,:1148,:proof
6762458044,6764265085,1807041,0,1807041,:proof,37420,24796,0,0,1149,,:1149,:proof
6764350967,6766495567,2144600,0,2144600,:proof,37420,24796,0,0,1150,,:1150,:proof
6766676331,6768410580,1734249,0,1734249,:proof,37420,24796,0,0,1151,,:1151,:proof
6768584264,6770264233,1679969,0,1679969,:proof,37420,24796,0,0,1152,,:1152,:proof
6770889718,6776693341,5803623,0,5803623,:proof,37420,24796,0,0,1153,,:1153,:proof
6776992848,6778738468,1745620,0,1745620,:proof,37420,24796,0,0,1154,,:1154,:proof
6779081215,6780841776,1760561,0,1760561,:proof,37420,24796,0,0,1155,,:1155,:proof
6781046691,6787603027,6556336,0,6556336,:proof,37420,24796,0,0,1156,,:1156,:proof
6787963485,6789811982,1848497,0,1848497,:proof,37420,24796,0,0,1157,,:1157,:proof
6789914574,6791870068,1955494,0,1955494,:proof,37420,24796,0,0,1158,,:1158,:proof
6792225787,6798304062,6078275,0,6078275,:proof,37420,24796,0,0,1159,,:1159,:proof
6800297424,7187063028,386765604,0,386765604,:verification,37420,18656,0,0,1528,,:1528,:verification
6800304814,6801332908,1028094,0,1028094,:proof,37420,13848,0,0,1532,,:1532,:proof
7187457153,7193324142,5866989,0,5866989,:proof,37420,24796,0,0,1160,,:1160,:proof
7193698061,7197445147,3747086,0,3747086,:proof,37420,24796,0,0,1161,,:1161,:proof
7197651461,7204919874,7268413,0,7268413,:proof,37420,24796,0,0,1162,,:1162,:proof
7205015746,7212110679,7094933,0,7094933,:proof,37420,24796,0,0,1163,,:1163,:proof
7212354955,7215056736,2701781,0,2701781,:proof,37420,24796,0,0,1164,,:1164,:proof
7215519957,7218085076,2565119,0,2565119,:proof,37420,24796,0,0,1165,,:1165,:proof
7218257210,7220871701,2614491,0,2614491,:proof,37420,24796,0,0,1166,,:1166,:proof
7221589357,7224173281,2583924,0,2583924,:proof,37420,24796,0,0,1167,,:1167,:proof
7224730874,7227458081,2727207,0,2727207,:proof,37420,24796,0,0,1168,,:1168,:proof
7227802499,7229700963,1898464,0,1898464,:proof,37420,24796,0,0,1169,,:1169,:proof
7229841056,7231699129,1858073,0,1858073,:proof,37420,24796,0,0,1170,,:1170,:proof
7231823692,7233928220,2104528,0,2104528,:proof,37420,24796,0,0,1171,,:1171,:proof
7234008532,7236432317,2423785,0,2423785,:proof,37420,24796,0,0,1172,,:1172,:proof
7236850697,7238986537,2135840,0,2135840,:proof,37420,24796,0,0,1173,,:1173,:proof
7239218732,7241155196,1936464,0,1936464,:proof,37420,24796,0,0,1174,,:1174,:proof
7241451613,7247490702,6039089,0,6039089,:proof,37420,24796,0,0,1175,,:1175,:proof
7248173428,7250598894,2425466,0,2425466,:proof,37420,24796,0,0,1176,,:1176,:proof
7250704826,7252626111,1921285,0,1921285,:proof,37420,24796,0,0,1177,,:1177,:proof
7252844176,7255012145,2167969,0,2167969,:proof,37420,24796,0,0,1178,,:1178,:proof
7255492446,7257403549,1911103,0,1911103,:proof,37420,24796,0,0,1179,,:1179,:proof
7257589624,7259397145,1807521,0,1807521,:proof,37420,24796,0,0,1180,,:1180,:proof
7259720313,7265921676,6201363,0,6201363,:proof,37420,24796,0,0,1181,,:1181,:proof
7266751605,7268894965,2143360,0,2143360,:proof,37420,24796,0,0,1182,,:1182,:proof
7268988177,7270955306,1967129,0,1967129,:proof,37420,24796,0,0,1183,,:1183,:proof
7271757135,7278137257,6380122,0,6380122,:proof,37420,24796,0,0,1184,,:1184,:proof
7278740431,7284653906,5913475,0,5913475,:proof,37420,24796,0,0,1185,,:1185,:proof
7284788739,7287083092,2294353,0,2294353,:proof,37420,24796,0,0,1186,,:1186,:proof
7287658335,7294480932,6822597,0,6822597,:proof,37420,24796,0,0,1187,,:1187,:proof
7294618845,7296686653,2067808,0,2067808,:proof,37420,24796,0,0,1188,,:1188,:proof
7296940918,7303128110,6187192,0,6187192,:proof,37420,24796,0,0,1189,,:1189,:proof
7303312235,7309995598,6683363,0,6683363,:proof,37420,24796,0,0,1190,,:1190,:proof
7310418738,7312504707,2085969,0,2085969,:proof,37420,24796,0,0,1191,,:1191,:proof
7312985108,7318325221,5340113,0,5340113,:proof,37420,24796,0,0,1192,,:1192,:proof
7318530115,7320547532,2017417,0,2017417,:proof,37420,24796,0,0,1193,,:1193,:proof
7320930710,7327353788,6423078,0,6423078,:proof,37420,24796,0,0,1194,,:1194,:proof
7327895361,7330062040,2166679,0,2166679,:proof,37420,24796,0,0,1195,,:1195,:proof
7330316746,7332509756,2193010,0,2193010,:proof,37420,24796,0,0,1196,,:1196,:proof
7332636209,7334559064,1922855,0,1922855,:proof,37420,24796,0,0,1197,,:1197,:proof
7334672056,7340405987,5733931,0,5733931,:proof,37420,24796,0,0,1198,,:1198,:proof
7340568541,7347203303,6634762,0,6634762,:proof,37420,24796,0,0,1199,,:1199,:proof
7347361357,7349432215,2070858,0,2070858,:proof,37420,24796,0,0,1200,,:1200,:proof
7349695761,7351645177,1949416,0,1949416,:proof,37420,24796,0,0,1201,,:1201,:proof
7352360193,7358538244,6178051,0,6178051,:proof,37420,24796,0,0,1202,,:1202,:proof
7358665447,7364317218,5651771,0,5651771,:proof,37420,24796,0,0,1203,,:1203,:proof
7364677396,7366780094,2102698,0,2102698,:proof,37420,24796,0,0,1204,,:1204,:proof
7366994309,7368850731,1856422,0,1856422,:proof,37420,24796,0,0,1205,,:1205,:proof
7369270841,7371302633,2031792,0,2031792,:proof,37420,24796,0,0,1206,,:1206,:proof
7371999649,7373841826,1842177,0,1842177,:proof,37420,24796,0,0,1207,,:1207,:proof
7374505991,7376301933,1795942,0,1795942,:proof,37420,24796,0,0,1208,,:1208,:proof
7376661651,7378579356,1917705,0,1917705,:proof,37420,24796,0,0,1209,,:1209,:proof
7379431585,7381301208,1869623,0,1869623,:proof,37420,24796,0,0,1210,,:1210,:proof
7381401120,7388556855,7155735,0,7155735,:proof,37420,24796,0,0,1211,,:1211,:proof
7388649947,7390560471,1910524,0,1910524,:proof,37420,24796,0,0,1212,,:1212,:proof
7390908649,7392762341,1853692,0,1853692,:proof,37420,24796,0,0,1213,,:1213,:proof
7393141489,7395014963,1873474,0,1873474,:proof,37420,24796,0,0,1214,,:1214,:proof
7395169866,7397085991,1916125,0,1916125,:proof,37420,24796,0,0,1215,,:1215,:proof
7397403658,7403257553,5853895,0,5853895,:proof,37420,24796,0,0,1216,,:1216,:proof
7403813796,7405961635,2147839,0,2147839,:proof,37420,24796,0,0,1217,,:1217,:proof
7406047157,7407869599,1822442,0,1822442,:proof,37420,24796,0,0,1218,,:1218,:proof
7407987481,7413522859,5535378,0,5535378,:proof,37420,24796,0,0,1219,,:1219,:proof
7413830046,7417087090,3257044,0,3257044,:proof,37420,24796,0,0,1220,,:1220,:proof
7417365757,7419194789,1829032,0,1829032,:proof,37420,24796,0,0,1221,,:1221,:proof
7419548707,7421623055,2074348,0,2074348,:proof,37420,24796,0,0,1222,,:1222,:proof
7421956902,7424009809,2052907,0,2052907,:proof,37420,24796,0,0,1223,,:1223,:proof
7424469139,7426285102,1815963,0,1815963,:proof,37420,24796,0,0,1224,,:1224,:proof
7426468586,7428388920,1920334,0,1920334,:proof,37420,24796,0,0,1225,,:1225,:proof
7428767878,7430603850,1835972,0,1835972,:proof,37420,24796,0,0,1226,,:1226,:proof
7431169173,7436998128,5828955,0,5828955,:proof,37420,24796,0,0,1227,,:1227,:proof
7437275115,7443527508,6252393,0,6252393,:proof,37420,24796,0,0,1228,,:1228,:proof
7443808045,7450597910,6789865,0,6789865,:proof,37420,24796,0,0,1229,,:1229,:proof
7450857866,7453208741,2350875,0,2350875,:proof,37420,24796,0,0,1230,,:1230,:proof
7453493677,7455621966,2128289,0,2128289,:proof,37420,24796,0,0,1231,,:1231,:proof
7455885112,7457797626,1912514,0,1912514,:proof,37420,24796,0,0,1232,,:1232,:proof
7457909969,7464207763,6297794,0,6297794,:proof,37420,24796,0,0,1233,,:1233,:proof
7464367067,7466629999,2262932,0,2262932,:proof,37420,24796,0,0,1234,,:1234,:proof
7466868734,7468752248,1883514,0,1883514,:proof,37420,24796,0,0,1235,,:1235,:proof
7468867140,7470641532,1774392,0,1774392,:proof,37420,24796,0,0,1236,,:1236,:proof
7471225285,7473316873,2091588,0,2091588,:proof,37420,24796,0,0,1237,,:1237,:proof
7473577799,7475402961,1825162,0,1825162,:proof,37420,24796,0,0,1238,,:1238,:proof
7475884382,7478049242,2164860,0,2164860,:proof,37420,24796,0,0,1239,,:1239,:proof
7478137614,7484878299,6740685,0,6740685,:proof,37420,24796,0,0,1240,,:1240,:proof
7485107964,7491139212,6031248,0,6031248,:proof,37420,24796,0,0,1241,,:1241,:proof
7491515121,7497490079,5974958,0,5974958,:proof,37420,24796,0,0,1242,,:1242,:proof
7497700303,7500215361,2515058,0,2515058,:proof,37420,24796,0,0,1243,,:1243,:proof
7500319074,7502117584,1798510,0,1798510,:proof,37420,24796,0,0,1244,,:1244,:proof
7502256618,7508849910,6593292,0,6593292,:proof,37420,24796,0,0,1245,,:1245,:proof
7509139447,7511131151,1991704,0,1991704,:proof,37420,24796,0,0,1246,,:1246,:proof
7511264794,7513068277,1803483,0,1803483,:proof,37420,24796,0,0,1247,,:1247,:proof
7513183089,7518997992,5814903,0,5814903,:proof,37420,24796,0,0,1248,,:1248,:proof
7519937944,7521995481,2057537,0,2057537,:proof,37420,24796,0,0,1249,,:1249,:proof
7522387270,7524318645,1931375,0,1931375,:proof,37420,24796,0,0,1250,,:1250,:proof
7524447748,7526195678,1747930,0,1747930,:proof,37420,24796,0,0,1251,,:1251,:proof
7526297921,7528361048,2063127,0,2063127,:proof,37420,24796,0,0,1252,,:1252,:proof
7528447190,7533940077,5492887,0,5492887,:proof,37420,24796,0,0,1253,,:1253,:proof
7534170122,7535973913,1803791,0,1803791,:proof,37420,24796,0,0,1254,,:1254,:proof
7536322191,7542822780,6500589,0,6500589,:proof,37420,24796,0,0,1255,,:1255,:proof
7543593008,7549192302,5599294,0,5599294,:proof,37420,24796,0,0,1256,,:1256,:proof
7549793745,7555163573,5369828,0,5369828,:proof,37420,24796,0,0,1257,,:1257,:proof
7555420869,7561782306,6361437,0,6361437,:proof,37420,24796,0,0,1258,,:1258,:proof
7562016691,7563768222,1751531,0,1751531,:proof,37420,24796,0,0,1259,,:1259,:proof
7563946856,7565825159,1878303,0,1878303,:proof,37420,24796,0,0,1260,,:1260,:proof
7566302650,7568093982,1791332,0,1791332,:proof,37420,24796,0,0,1261,,:1261,:proof
7568348757,7573874214,5525457,0,5525457,:proof,37420,24796,0,0,1262,,:1262,:proof
7573963976,7575770577,1806601,0,1806601,:proof,37420,24796,0,0,1263,,:1263,:proof
7575881500,7582083362,6201862,0,6201862,:proof,37420,24796,0,0,1264,,:1264,:proof
7582166274,7588305147,6138873,0,6138873,:proof,37420,24796,0,0,1265,,:1265,:proof
7588918351,7594716264,5797913,0,5797913,:proof,37420,24796,0,0,1266,,:1266,:proof
7595116543,7597161560,2045017,0,2045017,:proof,37420,24796,0,0,1267,,:1267,:proof
7597342034,7599524503,2182469,0,2182469,:proof,37420,24796,0,0,1268,,:1268,:proof
7599709458,7601588321,1878863,0,1878863,:proof,37420,24796,0,0,1269,,:1269,:proof
7601708884,7603534366,1825482,0,1825482,:proof,37420,24796,0,0,1270,,:1270,:proof
7603840713,7605928871,2088158,0,2088158,:proof,37420,24796,0,0,1271,,:1271,:proof
7606241548,7608118546,1876998,0,1876998,:proof,37420,24796,0,0,1272,,:1272,:proof
7608552866,7610709840,2156974,0,2156974,:proof,37420,24796,0,0,1273,,:1273,:proof
7610967976,7612799759,1831783,0,1831783,:proof,37420,24796,0,0,1274,,:1274,:proof
7612970403,7619717337,6746934,0,6746934,:proof,37420,24796,0,0,1275,,:1275,:proof
7620190127,7622737507,2547380,0,2547380,:proof,37420,24796,0,0,1276,,:1276,:proof
7623300300,7629435991,6135691,0,6135691,:proof,37420,24796,0,0,1277,,:1277,:proof
7629763529,7632315022,2551493,0,2551493,:proof,37420,24796,0,0,1278,,:1278,:proof
7632532327,7638509205,5976878,0,5976878,:proof,37420,24796,0,0,1279,,:1279,:proof
7638636467,7640554916,1918449,0,1918449,:proof,37420,24796,0,0,1280,,:1280,:proof
7640814732,7647783313,6968581,0,6968581,:proof,37420,24796,0,0,1281,,:1281,:proof
7648000938,7650249730,2248792,0,2248792,:proof,37420,24796,0,0,1282,,:1282,:proof
7650487505,7652358048,1870543,0,1870543,:proof,37420,24796,0,0,1283,,:1283,:proof
7652615354,7658674844,6059490,0,6059490,:proof,37420,24796,0,0,1284,,:1284,:proof
7658965880,7665733756,6767876,0,6767876,:proof,37420,24796,0,0,1285,,:1285,:proof
7665943361,7668253573,2310212,0,2310212,:proof,37420,24796,0,0,1286,,:1286,:proof
7668485968,7670365572,1879604,0,1879604,:proof,37420,24796,0,0,1287,,:1287,:proof
7670513155,7677079867,6566712,0,6566712,:proof,37420,24796,0,0,1288,,:1288,:proof
7677311392,7683199672,5888280,0,5888280,:proof,37420,24796,0,0,1289,,:1289,:proof
7683357666,7689719346,6361680,0,6361680,:proof,37420,24796,0,0,1290,,:1290,:proof
7689917481,7695697734,5780253,0,5780253,:proof,37420,24796,0,0,1291,,:1291,:proof
7695927420,7697736581,1809161,0,1809161,:proof,37420,24796,0,0,1292,,:1292,:proof
7698217442,7700231078,2013636,0,2013636,:proof,37420,24796,0,0,1293,,:1293,:proof
7700480684,7702268305,1787621,0,1787621,:proof,37420,24796,0,0,1294,,:1294,:proof
7702489130,7704226360,1737230,0,1737230,:proof,37420,24796,0,0,1295,,:1295,:proof
7704488086,7706567364,2079278,0,2079278,:proof,37420,24796,0,0,1296,,:1296,:proof
7706798670,7712952571,6153901,0,6153901,:proof,37420,24796,0,0,1297,,:1297,:proof
7713059714,7719883040,6823326,0,6823326,:proof,37420,24796,0,0,1298,,:1298,:proof
7720165616,7726098652,5933036,0,5933036,:proof,37420,24796,0,0,1299,,:1299,:proof
7726259486,7732081370,5821884,0,5821884,:proof,37420,24796,0,0,1300,,:1300,:proof
7732262094,7734099297,1837203,0,1837203,:proof,37420,24796,0,0,1301,,:1301,:proof
7734396784,7736184135,1787351,0,1787351,:proof,37420,24796,0,0,1302,,:1302,:proof
7736408210,7738488783,2080573,0,2080573,:proof,37420,24796,0,0,1303,,:1303,:proof
7739030155,7741024426,1994271,0,1994271,:proof,37420,24796,0,0,1304,,:1304,:proof
7741274682,7743112554,1837872,0,1837872,:proof,37420,24796,0,0,1305,,:1305,:proof
7743628206,7750227597,6599391,0,6599391,:proof,37420,24796,0,0,1306,,:1306,:proof
7750363580,7756905791,6542211,0,6542211,:proof,37420,24796,0,0,1307,,:1307,:proof
7757170037,7759006139,1836102,0,1836102,:proof,37420,24796,0,0,1308,,:1308,:proof
7759427939,7765212302,5784363,0,5784363,:proof,37420,24796,0,0,1309,,:1309,:proof
7765683653,7767547246,1863593,0,1863593,:proof,37420,24796,0,0,1310,,:1310,:proof
7767713060,7774097327,6384267,0,6384267,:proof,37420,24796,0,0,1311,,:1311,:proof
7774394153,7776290297,1896144,0,1896144,:proof,37420,24796,0,0,1312,,:1312,:proof
7776733537,7778842465,2108928,0,2108928,:proof,37420,24796,0,0,1313,,:1313,:proof
7779065911,7784486535,5420624,0,5420624,:proof,37420,24796,0,0,1314,,:1314,:proof
7784571607,7790087693,5516086,0,5516086,:proof,37420,24796,0,0,1315,,:1315,:proof
7790351210,7796778458,6427248,0,6427248,:proof,37420,24796,0,0,1316,,:1316,:proof
7796975942,7803724057,6748115,0,6748115,:proof,37420,24796,0,0,1317,,:1317,:proof
7803964382,7806430900,2466518,0,2466518,:proof,37420,24796,0,0,1318,,:1318,:proof
7806886470,7808792494,1906024,0,1906024,:proof,37420,24796,0,0,1319,,:1319,:proof
7809222254,7815708223,6485969,0,6485969,:proof,37420,24796,0,0,1320,,:1320,:proof
7816521622,7818600270,2078648,0,2078648,:proof,37420,24796,0,0,1321,,:1321,:proof
7818911097,7820680737,1769640,0,1769640,:proof,37420,24796,0,0,1322,,:1322,:proof
7820786929,7826627894,5840965,0,5840965,:proof,37420,24796,0,0,1323,,:1323,:proof
7826993162,7828897796,1904634,0,1904634,:proof,37420,24796,0,0,1324,,:1324,:proof
7829062920,7830819390,1756470,0,1756470,:proof,37420,24796,0,0,1325,,:1325,:proof
7831070005,7837547495,6477490,0,6477490,:proof,37420,24796,0,0,1326,,:1326,:proof
7838023566,7840262957,2239391,0,2239391,:proof,37420,24796,0,0,1327,,:1327,:proof
7840454781,7846587032,6132251,0,6132251,:proof,37420,24796,0,0,1328,,:1328,:proof
7847365250,7849465349,2100099,0,2100099,:proof,37420,24796,0,0,1329,,:1329,:proof
7849786316,7851651609,1865293,0,1865293,:proof,37420,24796,0,0,1330,,:1330,:proof
7851877724,7853873820,1996096,0,1996096,:proof,37420,24796,0,0,1331,,:1331,:proof
7854518984,7861380883,6861899,0,6861899,:proof,37420,24796,0,0,1332,,:1332,:proof
7861497795,7863575463,2077668,0,2077668,:proof,37420,24796,0,0,1333,,:1333,:proof
7864002173,7866517050,2514877,0,2514877,:proof,37420,24796,0,0,1334,,:1334,:proof
7866638363,7872669482,6031119,0,6031119,:proof,37420,24796,0,0,1335,,:1335,:proof
7873168114,7879782376,6614262,0,6614262,:proof,37420,24796,0,0,1336,,:1336,:proof
7879994431,7886219264,6224833,0,6224833,:proof,37420,24796,0,0,1337,,:1337,:proof
7886408498,7888383073,1974575,0,1974575,:proof,37420,24796,0,0,1338,,:1338,:proof
7889088299,7895746503,6658204,0,6658204,:proof,37420,24796,0,0,1339,,:1339,:proof
7896312486,7898180998,1868512,0,1868512,:proof,37420,24796,0,0,1340,,:1340,:proof
7898586887,7904370691,5783804,0,5783804,:proof,37420,24796,0,0,1341,,:1341,:proof
7904576826,7911121356,6544530,0,6544530,:proof,37420,24796,0,0,1342,,:1342,:proof
7911256219,7917763339,6507120,0,6507120,:proof,37420,24796,0,0,1343,,:1343,:proof
7918400063,7920357108,1957045,0,1957045,:proof,37420,24796,0,0,1344,,:1344,:proof
7920470221,7922766294,2296073,0,2296073,:proof,37420,24796,0,0,1345,,:1345,:proof
7923252545,7925312642,2060097,0,2060097,:proof,37420,24796,0,0,1346,,:1346,:proof
7925424534,7927594505,2169971,0,2169971,:proof,37420,24796,0,0,1347,,:1347,:proof
7927766589,7929751264,1984675,0,1984675,:proof,37420,24796,0,0,1348,,:1348,:proof
7930177194,7936886378,6709184,0,6709184,:proof,37420,24796,0,0,1349,,:1349,:proof
7937079393,7944228578,7149185,0,7149185,:proof,37420,24796,0,0,1350,,:1350,:proof
7944508394,7950358793,5850399,0,5850399,:proof,37420,24796,0,0,1351,,:1351,:proof
7950469095,7952508167,2039072,0,2039072,:proof,37420,24796,0,0,1352,,:1352,:proof
7952628780,7958786006,6157226,0,6157226,:proof,37420,24796,0,0,1353,,:1353,:proof
7958934020,7961056214,2122194,0,2122194,:proof,37420,24796,0,0,1354,,:1354,:proof
7961340941,7968115061,6774120,0,6774120,:proof,37420,24796,0,0,1355,,:1355,:proof
7968298705,7970555572,2256867,0,2256867,:proof,37420,24796,0,0,1356,,:1356,:proof
7971278689,7977396329,6117640,0,6117640,:proof,37420,24796,0,0,1357,,:1357,:proof
7978117056,7980052100,1935044,0,1935044,:proof,37420,24796,0,0,1358,,:1358,:proof
7980219114,7982053406,1834292,0,1834292,:proof,37420,24796,0,0,1359,,:1359,:proof
7982158598,7988671248,6512650,0,6512650,:proof,37420,24796,0,0,1360,,:1360,:proof
7988982486,7990892429,1909943,0,1909943,:proof,37420,24796,0,0,1361,,:1361,:proof
7991017062,7992696131,1679069,0,1679069,:proof,37420,24796,0,0,1362,,:1362,:proof
7992955117,7994886501,1931384,0,1931384,:proof,37420,24796,0,0,1363,,:1363,:proof
7995255210,8001480833,6225623,0,6225623,:proof,37420,24796,0,0,1364,,:1364,:proof
8001743279,8003595241,1851962,0,1851962,:proof,37420,24796,0,0,1365,,:1365,:proof
8004001501,8006301523,2300022,0,2300022,:proof,37420,24796,0,0,1366,,:1366,:proof
8006406846,8008319730,1912884,0,1912884,:proof,37420,24796,0,0,1367,,:1367,:proof
8008524775,8010281175,1756400,0,1756400,:proof,37420,24796,0,0,1368,,:1368,:proof
8010358806,8012320632,1961826,0,1961826,:proof,37420,24796,0,0,1369,,:1369,:proof
8012415984,8014378709,1962725,0,1962725,:proof,37420,24796,0,0,1370,,:1370,:proof
8014795408,8020840888,6045480,0,6045480,:proof,37420,24796,0,0,1371,,:1371,:proof
8021636436,8028190846,6554410,0,6554410,:proof,37420,24796,0,0,1372,,:1372,:proof
8028404971,8030226254,1821283,0,1821283,:proof,37420,24796,0,0,1373,,:1373,:proof
8030303745,8036138504,5834759,0,5834759,:proof,37420,24796,0,0,1374,,:1374,:proof
8036299758,8038299469,1999711,0,1999711,:proof,37420,24796,0,0,1375,,:1375,:proof
8038907513,8040884989,1977476,0,1977476,:proof,37420,24796,0,0,1376,,:1376,:proof
8041343589,8043164341,1820752,0,1820752,:proof,37420,24796,0,0,1377,,:1377,:proof
8043716234,8049594538,5878304,0,5878304,:proof,37420,24796,0,0,1378,,:1378,:proof
8049810133,8051703597,1893464,0,1893464,:proof,37420,24796,0,0,1379,,:1379,:proof
8051939483,8053708853,1769370,0,1769370,:proof,37420,24796,0,0,1380,,:1380,:proof
8054096702,8056047767,1951065,0,1951065,:proof,37420,24796,0,0,1381,,:1381,:proof
8056623920,8058420792,1796872,0,1796872,:proof,37420,24796,0,0,1382,,:1382,:proof
8058803180,8061029772,2226592,0,2226592,:proof,37420,24796,0,0,1383,,:1383,:proof
8061599815,8063429416,1829601,0,1829601,:proof,37420,24796,0,0,1384,,:1384,:proof
8063572780,8065337025,1764245,0,1764245,:proof,37420,24796,0,0,1385,,:1385,:proof
8065569651,8072475775,6906124,0,6906124,:proof,37420,24796,0,0,1386,,:1386,:proof
8072935095,8074898651,1963556,0,1963556,:proof,37420,24796,0,0,1387,,:1387,:proof
8075435533,8077246039,1810506,0,1810506,:proof,37420,24796,0,0,1388,,:1388,:proof
8077926655,8079875590,1948935,0,1948935,:proof,37420,24796,0,0,1389,,:1389,:proof
8080039224,8085579046,5539822,0,5539822,:proof,37420,24796,0,0,1390,,:1390,:proof
8085743410,8087657084,1913674,0,1913674,:proof,37420,24796,0,0,1391,,:1391,:proof
8087786897,8095240123,7453226,0,7453226,:proof,37420,24796,0,0,1392,,:1392,:proof
8095428937,8097274194,1845257,0,1845257,:proof,37420,24796,0,0,1393,,:1393,:proof
8097409537,8099286280,1876743,0,1876743,:proof,37420,24796,0,0,1394,,:1394,:proof
8099572077,8101488911,1916834,0,1916834,:proof,37420,24796,0,0,1395,,:1395,:proof
8102045914,8107682504,5636590,0,5636590,:proof,37420,24796,0,0,1396,,:1396,:proof
8108136154,8110168591,2032437,0,2032437,:proof,37420,24796,0,0,1397,,:1397,:proof
8110334614,8112357282,2022668,0,2022668,:proof,37420,24796,0,0,1398,,:1398,:proof
8112675969,8118456042,5780073,0,5780073,:proof,37420,24796,0,0,1399,,:1399,:proof
8118689217,8120497649,1808432,0,1808432,:proof,37420,24796,0,0,1400,,:1400,:proof
8120671823,8127413372,6741549,0,6741549,:proof,37420,24796,0,0,1401,,:1401,:proof
8127649717,8130077209,2427492,0,2427492,:proof,37420,24796,0,0,1402,,:1402,:proof
8130269013,8135678777,5409764,0,5409764,:proof,37420,24796,0,0,1403,,:1403,:proof
8135940863,8138087573,2146710,0,2146710,:proof,37420,24796,0,0,1404,,:1404,:proof
8138486572,8143712992,5226420,0,5226420,:proof,37420,24796,0,0,1405,,:1405,:proof
8144097201,8150460297,6363096,0,6363096,:proof,37420,24796,0,0,1406,,:1406,:proof
8150738634,8152555446,1816812,0,1816812,:proof,37420,24796,0,0,1407,,:1407,:proof
8152739970,8154594382,1854412,0,1854412,:proof,37420,24796,0,0,1408,,:1408,:proof
8154830688,8160378874,5548186,0,5548186,:proof,37420,24796,0,0,1409,,:1409,:proof
8160514658,8167145201,6630543,0,6630543,:proof,37420,24796,0,0,1410,,:1410,:proof
8167362506,8173432255,6069749,0,6069749,:proof,37420,24796,0,0,1411,,:1411,:proof
8173580288,8175645886,2065598,0,2065598,:proof,37420,24796,0,0,1412,,:1412,:proof
8175927653,8177808986,1881333,0,1881333,:proof,37420,24796,0,0,1413,,:1413,:proof
8177995490,8184057630,6062140,0,6062140,:proof,37420,24796,0,0,1414,,:1414,:proof
8184201013,8190288453,6087440,0,6087440,:proof,37420,24796,0,0,1415,,:1415,:proof
8190686072,8196497985,5811913,0,5811913,:proof,37420,24796,0,0,1416,,:1416,:proof
8196785441,8204171742,7386301,0,7386301,:proof,37420,24796,0,0,1417,,:1417,:proof
8204330185,8206327981,1997796,0,1997796,:proof,37420,24796,0,0,1418,,:1418,:proof
8206732030,8208549602,1817572,0,1817572,:proof,37420,24796,0,0,1419,,:1419,:proof
8209225287,8211481020,2255733,0,2255733,:proof,37420,24796,0,0,1420,,:1420,:proof
8211595032,8213337802,1742770,0,1742770,:proof,37420,24796,0,0,1421,,:1421,:proof
8213479065,8220645950,7166885,0,7166885,:proof,37420,24796,0,0,1422,,:1422,:proof
8220777163,8223084717,2307554,0,2307554,:proof,37420,24796,0,0,1423,,:1423,:proof
8223727482,8225604629,1877147,0,1877147,:proof,37420,24796,0,0,1424,,:1424,:proof
8226421998,8228350367,1928369,0,1928369,:proof,37420,24796,0,0,1425,,:1425,:proof
8228541791,8230306603,1764812,0,1764812,:proof,37420,24796,0,0,1426,,:1426,:proof
8230514457,8232358729,1844272,0,1844272,:proof,37420,24796,0,0,1427,,:1427,:proof
8232465611,8238623763,6158152,0,6158152,:proof,37420,24796,0,0,1428,,:1428,:proof
8238926530,8240828214,1901684,0,1901684,:proof,37420,24796,0,0,1429,,:1429,:proof
8241382807,8243227664,1844857,0,1844857,:proof,37420,24796,0,0,1430,,:1430,:proof
8243634694,8250196900,6562206,0,6562206,:proof,37420,24796,0,0,1431,,:1431,:proof
8250691691,8252697187,2005496,0,2005496,:proof,37420,24796,0,0,1432,,:1432,:proof
8252787449,8254615111,1827662,0,1827662,:proof,37420,24796,0,0,1433,,:1433,:proof
8254772145,8257046977,2274832,0,2274832,:proof,37420,24796,0,0,1434,,:1434,:proof
8257713343,8263728461,6015118,0,6015118,:proof,37420,24796,0,0,1435,,:1435,:proof
8264192422,8270366973,6174551,0,6174551,:proof,37420,24796,0,0,1436,,:1436,:proof
8270453235,8272508122,2054887,0,2054887,:proof,37420,24796,0,0,1437,,:1437,:proof
8272881161,8279317054,6435893,0,6435893,:proof,37420,24796,0,0,1438,,:1438,:proof
8279432646,8284926417,5493771,0,5493771,:proof,37420,24796,0,0,1439,,:1439,:proof
8285514821,8287222181,1707360,0,1707360,:proof,37420,24796,0,0,1440,,:1440,:proof
8287395465,8289697428,2301963,0,2301963,:proof,37420,24796,0,0,1441,,:1441,:proof
8289905232,8291765755,1860523,0,1860523,:proof,37420,24796,0,0,1442,,:1442,:proof
8291876017,8293542476,1666459,0,1666459,:proof,37420,24796,0,0,1443,,:1443,:proof
8293919195,8296169727,2250532,0,2250532,:proof,37420,24796,0,0,1444,,:1444,:proof
8296702169,8298761926,2059757,0,2059757,:proof,37420,24796,0,0,1445,,:1445,:proof
8299025072,8305889430,6864358,0,6864358,:proof,37420,24796,0,0,1446,,:1446,:proof
8306084664,8307887286,1802622,0,1802622,:proof,37420,24796,0,0,1447,,:1447,:proof
8307981938,8309766779,1784841,0,1784841,:proof,37420,24796,0,0,1448,,:1448,:proof
8309968753,8312064891,2096138,0,2096138,:proof,37420,24796,0,0,1449,,:1449,:proof
8312136803,8313985506,1848703,0,1848703,:proof,37420,24796,0,0,1450,,:1450,:proof
8314187430,8316041083,1853653,0,1853653,:proof,37420,24796,0,0,1451,,:1451,:proof
8316271829,8322578134,6306305,0,6306305,:proof,37420,24796,0,0,1452,,:1452,:proof
8323086565,8329334979,6248414,0,6248414,:proof,37420,24796,0,0,1453,,:1453,:proof
8329439231,8331190281,1751050,0,1751050,:proof,37420,24796,0,0,1454,,:1454,:proof
8331301344,8333609977,2308633,0,2308633,:proof,37420,24796,0,0,1455,,:1455,:proof
8333788921,8335504881,1715960,0,1715960,:proof,37420,24796,0,0,1456,,:1456,:proof
8335604283,8341005427,5401144,0,5401144,:proof,37420,24796,0,0,1457,,:1457,:proof
8341217662,8343025323,1807661,0,1807661,:proof,37420,24796,0,0,1458,,:1458,:proof
8343563685,8349630555,6066870,0,6066870,:proof,37420,24796,0,0,1459,,:1459,:proof
8349917842,8355819278,5901436,0,5901436,:proof,37420,24796,0,0,1460,,:1460,:proof
8355959611,8357916111,1956500,0,1956500,:proof,37420,24796,0,0,1461,,:1461,:proof
8358345811,8360148747,1802936,0,1802936,:proof,37420,24796,0,0,1462,,:1462,:proof
8360346302,8366694398,6348096,0,6348096,:proof,37420,24796,0,0,1463,,:1463,:proof
8366967964,8368848047,1880083,0,1880083,:proof,37420,24796,0,0,1464,,:1464,:proof
8369027671,8374732941,5705270,0,5705270,:proof,37420,24796,0,0,1465,,:1465,:proof
8374856944,8381485922,6628978,0,6628978,:proof,37420,24796,0,0,1466,,:1466,:proof
8382013984,8384040526,2026542,0,2026542,:proof,37420,24796,0,0,1467,,:1467,:proof
8384436435,8386232077,1795642,0,1795642,:proof,37420,24796,0,0,1468,,:1468,:proof
8386372720,8391863756,5491036,0,5491036,:proof,37420,24796,0,0,1469,,:1469,:proof
8392184533,8394269841,2085308,0,2085308,:proof,37420,24796,0,0,1470,,:1470,:proof
8394895206,8396790394,1895188,0,1895188,:proof,37420,24796,0,0,1471,,:1471,:proof
8396988989,8398705652,1716663,0,1716663,:proof,37420,24796,0,0,1472,,:1472,:proof
8398863476,8401045857,2182381,0,2182381,:proof,37420,24796,0,0,1473,,:1473,:proof
8401239681,8403120645,1880964,0,1880964,:proof,37420,24796,0,0,1474,,:1474,:proof
8403223537,8405145600,1922063,0,1922063,:proof,37420,24796,0,0,1475,,:1475,:proof
8405231152,8407429674,2198522,0,2198522,:proof,37420,24796,0,0,1476,,:1476,:proof
8407802362,8414013585,6211223,0,6211223,:proof,37420,24796,0,0,1477,,:1477,:proof
8414486756,8416608324,2121568,0,2121568,:proof,37420,24796,0,0,1478,,:1478,:proof
8416785858,8424332862,7547004,0,7547004,:proof,37420,24796,0,0,1479,,:1479,:proof
8424807573,8431390274,6582701,0,6582701,:proof,37420,24796,0,0,1480,,:1480,:proof
8431918026,8434361013,2442987,0,2442987,:proof,37420,24796,0,0,1481,,:1481,:proof
8434567528,8440475143,5907615,0,5907615,:proof,37420,24796,0,0,1482,,:1482,:proof
8440787521,8448380274,7592753,0,7592753,:proof,37420,24796,0,0,1483,,:1483,:proof
8448933627,8451453315,2519688,0,2519688,:proof,37420,24796,0,0,1484,,:1484,:proof
8452152501,8458388495,6235994,0,6235994,:proof,37420,24796,0,0,1485,,:1485,:proof
8458946968,8461273960,2326992,0,2326992,:proof,37420,24796,0,0,1486,,:1486,:proof
8461624748,8463738807,2114059,0,2114059,:proof,37420,24796,0,0,1487,,:1487,:proof
8463882021,8465951989,2069968,0,2069968,:proof,37420,24796,0,0,1488,,:1488,:proof
8466391889,8472667663,6275774,0,6275774,:proof,37420,24796,0,0,1489,,:1489,:proof
8472902339,8480624226,7721887,0,7721887,:proof,37420,24796,0,0,1490,,:1490,:proof
8481210170,8483616239,2406069,0,2406069,:proof,37420,24796,0,0,1491,,:1491,:proof
8483755813,8490076498,6320685,0,6320685,:proof,37420,24796,0,0,1492,,:1492,:proof
8490247332,8492539085,2291753,0,2291753,:proof,37420,24796,0,0,1493,,:1493,:proof
8492860842,8498953308,6092466,0,6092466,:proof,37420,24796,0,0,1494,,:1494,:proof
8499351867,8501530207,2178340,0,2178340,:proof,37420,24796,0,0,1495,,:1495,:proof
8501994237,8504295490,2301253,0,2301253,:proof,37420,24796,0,0,1496,,:1496,:proof
8504436313,8506745856,2309543,0,2309543,:proof,37420,24796,0,0,1497,,:1497,:proof
8506850159,8513928752,7078593,0,7078593,:proof,37420,24796,0,0,1498,,:1498,:proof
8514534116,8516869859,2335743,0,2335743,:proof,37420,24796,0,0,1499,,:1499,:proof
8517124275,8519459488,2335213,0,2335213,:proof,37420,24796,0,0,1500,,:1500,:proof
8519531450,8525991498,6460048,0,6460048,:proof,37420,24796,0,0,1501,,:1501,:proof
8526302225,8528618158,2315933,0,2315933,:proof,37420,24796,0,0,1502,,:1502,:proof
8528852824,8530937992,2085168,0,2085168,:proof,37420,24796,0,0,1503,,:1503,:proof
8531238779,8537855961,6617182,0,6617182,:proof,37420,24796,0,0,1504,,:1504,:proof
8538004405,8544887393,6882988,0,6882988,:proof,37420,24796,0,0,1505,,:1505,:proof
8545199650,8551132206,5932556,0,5932556,:proof,37420,24796,0,0,1506,,:1506,:proof
8551846012,8553896680,2050668,0,2050668,:proof,37420,24796,0,0,1507,,:1507,:proof
8554072164,8556234824,2162660,0,2162660,:proof,37420,24796,0,0,1508,,:1508,:proof
8556593912,8558615969,2022057,0,2022057,:proof,37420,24796,0,0,1509,,:1509,:proof
8558927546,8560816614,1889068,0,1889068,:proof,37420,24796,0,0,1510,,:1510,:proof
8561013299,8563227655,2214356,0,2214356,:proof,37420,24796,0,0,1511,,:1511,:proof
8563469370,8565910456,2441086,0,2441086,:proof,37420,24796,0,0,1512,,:1512,:proof
8566828157,8568888089,2059932,0,2059932,:proof,37420,24796,0,0,1513,,:1513,:proof
8569069694,8571160817,2091123,0,2091123,:proof,37420,24796,0,0,1514,,:1514,:proof
8571343691,8578851794,7508103,0,7508103,:proof,37420,24796,0,0,1515,,:1515,:proof
8579049849,8581353961,2304112,0,2304112,:proof,37420,24796,0,0,1516,,:1516,:proof
8581598837,8583826877,2228040,0,2228040,:proof,37420,24796,0,0,1517,,:1517,:proof
8584220656,8587670926,3450270,0,3450270,:result_io,37420,24796,0,0,1518,,:1518,:result_io
8587677926,8671326839,83648913,0,83648913,:checkpoint,37420,24796,0,0,1519,,:1519,:checkpoint
8671464902,9043980314,372515412,0,372515412,:result_io,37420,24796,0,0,1520,,:1520,:result_io
