"backend","batch_size","binary_sha256","bits","candidate_count","checkpoint_ns","commit_sha","compiler","compiler_flags","congruence_ns","cuda_driver","cuda_runtime","d2h_ns","dataset_sha256","generation_ns","gpu_power_mean","gpu_temperature_max","gpu_utilization_mean","h2d_ns","io_ns","kernel_ns","packing_ns","profile_id","profile_sha256","proof_ns","prp_cpu_ns","repetition","result_sha256","schema","sieve_ns","timestamp_utc","total_ns","valid_measurement","verification_ns","requested_backend","schedule_phase","schedule_round","schedule_order","schedule_sequence"
"primeforge.cuda.base2-strong-prp-u64.v1","2048","c88e42426844d46fda8b2ee6e57a82030a6cad0914cc39649ba621ce5562ebf4","64","65536","0","0d51552cc9ec488f52ca898ab7347cff93352005","MSVC-195136252","C++23_RELEASE_TARGET","0","UNKNOWN","13.3.73","1676832","9f31b60ef8310ea1b13072b3e355e4541af69429c8885c7c9ec94139a663a6ae","0","UNKNOWN","UNKNOWN","UNKNOWN","1083424","0","751296","0","S64_PRP_65536","545a5cd984ca9c7c5fbc412a73deb6c5a07c68aea4b7665911c62f9890db3f27","0","0","0","430f77e57e47e8dbb5b457e8a24ea0688759ad26c02308e3737d6baca776dfce","primeforge.benchmark.raw.v1","0","2026-08-03T20:16:38Z","3760700","True","0","cuda","measure","1","1","31"
"primeforge.auto.cpu-cuda.base2-strong-prp-u64.v1[min=512]","64","c88e42426844d46fda8b2ee6e57a82030a6cad0914cc39649ba621ce5562ebf4","64","65536","0","0d51552cc9ec488f52ca898ab7347cff93352005","MSVC-195136252","C++23_RELEASE_TARGET","0","UNKNOWN","NOT_USED","0","9f31b60ef8310ea1b13072b3e355e4541af69429c8885c7c9ec94139a663a6ae","0","UNKNOWN","UNKNOWN","UNKNOWN","0","0","0","0","S64_PRP_65536","545a5cd984ca9c7c5fbc412a73deb6c5a07c68aea4b7665911c62f9890db3f27","0","11629300","0","430f77e57e47e8dbb5b457e8a24ea0688759ad26c02308e3737d6baca776dfce","primeforge.benchmark.raw.v1","0","2026-08-03T20:16:39Z","11657000","True","0","auto","measure","1","2","32"
"primeforge.cpu.base2-strong-prp-u64.v1","4096","c88e42426844d46fda8b2ee6e57a82030a6cad0914cc39649ba621ce5562ebf4","64","65536","0","0d51552cc9ec488f52ca898ab7347cff93352005","MSVC-195136252","C++23_RELEASE_TARGET","0","UNKNOWN","NOT_USED","0","9f31b60ef8310ea1b13072b3e355e4541af69429c8885c7c9ec94139a663a6ae","0","UNKNOWN","UNKNOWN","UNKNOWN","0","0","0","0","S64_PRP_65536","545a5cd984ca9c7c5fbc412a73deb6c5a07c68aea4b7665911c62f9890db3f27","0","11531400","0","430f77e57e47e8dbb5b457e8a24ea0688759ad26c02308e3737d6baca776dfce","primeforge.benchmark.raw.v1","0","2026-08-03T20:16:40Z","11534100","True","0","cpu","measure","1","3","33"
"primeforge.auto.cpu-cuda.base2-strong-prp-u64.v1[min=512]","128","c88e42426844d46fda8b2ee6e57a82030a6cad0914cc39649ba621ce5562ebf4","64","65536","0","0d51552cc9ec488f52ca898ab7347cff93352005","MSVC-195136252","C++23_RELEASE_TARGET","0","UNKNOWN","NOT_USED","0","9f31b60ef8310ea1b13072b3e355e4541af69429c8885c7c9ec94139a663a6ae","0","UNKNOWN","UNKNOWN","UNKNOWN","0","0","0","0","S64_PRP_65536","545a5cd984ca9c7c5fbc412a73deb6c5a07c68aea4b7665911c62f9890db3f27","0","11550200","0","430f77e57e47e8dbb5b457e8a24ea0688759ad26c02308e3737d6baca776dfce","primeforge.benchmark.raw.v1","0","2026-08-03T20:16:41Z","11565100","True","0","auto","measure","1","4","34"
"primeforge.cpu.base2-strong-prp-u64.v1","512","c88e42426844d46fda8b2ee6e57a82030a6cad0914cc39649ba621ce5562ebf4","64","65536","0","0d51552cc9ec488f52ca898ab7347cff93352005","MSVC-195136252","C++23_RELEASE_TARGET","0","UNKNOWN","NOT_USED","0","9f31b60ef8310ea1b13072b3e355e4541af69429c8885c7c9ec94139a663a6ae","0","UNKNOWN","UNKNOWN","UNKNOWN","0","0","0","0","S64_PRP_65536","545a5cd984ca9c7c5fbc412a73deb6c5a07c68aea4b7665911c62f9890db3f27","0","22211700","0","430f77e57e47e8dbb5b457e8a24ea0688759ad26c02308e3737d6baca776dfce","primeforge.benchmark.raw.v1","0","2026-08-03T20:16:42Z","22226600","True","0","cpu","measure","1","5","35"
"primeforge.auto.cpu-cuda.base2-strong-prp-u64.v1[min=512]","1024","c88e42426844d46fda8b2ee6e57a82030a6cad0914cc39649ba621ce5562ebf4","64","65536","0","0d51552cc9ec488f52ca898ab7347cff93352005","MSVC-195136252","C++23_RELEASE_TARGET","0","UNKNOWN","13.3.73","3640287","9f31b60ef8310ea1b13072b3e355e4541af69429c8885c7c9ec94139a663a6ae","0","UNKNOWN","UNKNOWN","UNKNOWN","2735583","0","1564960","0","S64_PRP_65536","545a5cd984ca9c7c5fbc412a73deb6c5a07c68aea4b7665911c62f9890db3f27","0","0","0","430f77e57e47e8dbb5b457e8a24ea0688759ad26c02308e3737d6baca776dfce","primeforge.benchmark.raw.v1","0","2026-08-03T20:16:43Z","8531800","True","0","auto","measure","1","6","36"
"primeforge.auto.cpu-cuda.base2-strong-prp-u64.v1[min=512]","8192","c88e42426844d46fda8b2ee6e57a82030a6cad0914cc39649ba621ce5562ebf4","64","65536","0","0d51552cc9ec488f52ca898ab7347cff93352005","MSVC-195136252","C++23_RELEASE_TARGET","0","UNKNOWN","13.3.73","346911","9f31b60ef8310ea1b13072b3e355e4541af69429c8885c7c9ec94139a663a6ae","0","UNKNOWN","UNKNOWN","UNKNOWN","211616","0","127360","0","S64_PRP_65536","545a5cd984ca9c7c5fbc412a73deb6c5a07c68aea4b7665911c62f9890db3f27","0","0","0","430f77e57e47e8dbb5b457e8a24ea0688759ad26c02308e3737d6baca776dfce","primeforge.benchmark.raw.v1","0","2026-08-03T20:16:44Z","762900","True","0","auto","measure","1","7","37"
"primeforge.cpu.base2-strong-prp-u64.v1","16384","c88e42426844d46fda8b2ee6e57a82030a6cad0914cc39649ba621ce5562ebf4","64","65536","0","0d51552cc9ec488f52ca898ab7347cff93352005","MSVC-195136252","C++23_RELEASE_TARGET","0","UNKNOWN","NOT_USED","0","9f31b60ef8310ea1b13072b3e355e4541af69429c8885c7c9ec94139a663a6ae","0","UNKNOWN","UNKNOWN","UNKNOWN","0","0","0","0","S64_PRP_65536","545a5cd984ca9c7c5fbc412a73deb6c5a07c68aea4b7665911c62f9890db3f27","0","5557400","0","430f77e57e47e8dbb5b457e8a24ea0688759ad26c02308e3737d6baca776dfce","primeforge.benchmark.raw.v1","0","2026-08-03T20:16:45Z","5558200","True","0","cpu","measure","1","8","38"
"primeforge.cpu.base2-strong-prp-u64.v1","2048","c88e42426844d46fda8b2ee6e57a82030a6cad0914cc39649ba621ce5562ebf4","64","65536","0","0d51552cc9ec488f52ca898ab7347cff93352005","MSVC-195136252","C++23_RELEASE_TARGET","0","UNKNOWN","NOT_USED","0","9f31b60ef8310ea1b13072b3e355e4541af69429c8885c7c9ec94139a663a6ae","0","UNKNOWN","UNKNOWN","UNKNOWN","0","0","0","0","S64_PRP_65536","545a5cd984ca9c7c5fbc412a73deb6c5a07c68aea4b7665911c62f9890db3f27","0","12757600","0","430f77e57e47e8dbb5b457e8a24ea0688759ad26c02308e3737d6baca776dfce","primeforge.benchmark.raw.v1","0","2026-08-03T20:16:46Z","12763600","True","0","cpu","measure","1","9","39"
"primeforge.cpu.base2-strong-prp-u64.v1","8192","c88e42426844d46fda8b2ee6e57a82030a6cad0914cc39649ba621ce5562ebf4","64","65536","0","0d51552cc9ec488f52ca898ab7347cff93352005","MSVC-195136252","C++23_RELEASE_TARGET","0","UNKNOWN","NOT_USED","0","9f31b60ef8310ea1b13072b3e355e4541af69429c8885c7c9ec94139a663a6ae","0","UNKNOWN","UNKNOWN","UNKNOWN","0","0","0","0","S64_PRP_65536","545a5cd984ca9c7c5fbc412a73deb6c5a07c68aea4b7665911c62f9890db3f27","0","11162100","0","430f77e57e47e8dbb5b457e8a24ea0688759ad26c02308e3737d6baca776dfce","primeforge.benchmark.raw.v1","0","2026-08-03T20:16:47Z","11163500","True","0","cpu","measure","1","10","40"
"primeforge.cpu.base2-strong-prp-u64.v1","64","c88e42426844d46fda8b2ee6e57a82030a6cad0914cc39649ba621ce5562ebf4","64","65536","0","0d51552cc9ec488f52ca898ab7347cff93352005","MSVC-195136252","C++23_RELEASE_TARGET","0","UNKNOWN","NOT_USED","0","9f31b60ef8310ea1b13072b3e355e4541af69429c8885c7c9ec94139a663a6ae","0","UNKNOWN","UNKNOWN","UNKNOWN","0","0","0","0","S64_PRP_65536","545a5cd984ca9c7c5fbc412a73deb6c5a07c68aea4b7665911c62f9890db3f27","0","11514500","0","430f77e57e47e8dbb5b457e8a24ea0688759ad26c02308e3737d6baca776dfce","primeforge.benchmark.raw.v1","0","2026-08-03T20:16:48Z","11536900","True","0","cpu","measure","1","11","41"
"primeforge.cuda.base2-strong-prp-u64.v1","4096","c88e42426844d46fda8b2ee6e57a82030a6cad0914cc39649ba621ce5562ebf4","64","65536","0","0d51552cc9ec488f52ca898ab7347cff93352005","MSVC-195136252","C++23_RELEASE_TARGET","0","UNKNOWN","13.3.73","954272","9f31b60ef8310ea1b13072b3e355e4541af69429c8885c7c9ec94139a663a6ae","0","UNKNOWN","UNKNOWN","UNKNOWN","797248","0","323807","0","S64_PRP_65536","545a5cd984ca9c7c5fbc412a73deb6c5a07c68aea4b7665911c62f9890db3f27","0","0","0","430f77e57e47e8dbb5b457e8a24ea0688759ad26c02308e3737d6baca776dfce","primeforge.benchmark.raw.v1","0","2026-08-03T20:16:49Z","2223900","True","0","cuda","measure","1","12","42"
"primeforge.cuda.base2-strong-prp-u64.v1","32","c88e42426844d46fda8b2ee6e57a82030a6cad0914cc39649ba621ce5562ebf4","64","65536","0","0d51552cc9ec488f52ca898ab7347cff93352005","MSVC-195136252","C++23_RELEASE_TARGET","0","UNKNOWN","13.3.73","104130404","9f31b60ef8310ea1b13072b3e355e4541af69429c8885c7c9ec94139a663a6ae","0","UNKNOWN","UNKNOWN","UNKNOWN","75833256","0","43586781","0","S64_PRP_65536","545a5cd984ca9c7c5fbc412a73deb6c5a07c68aea4b7665911c62f9890db3f27","0","0","0","430f77e57e47e8dbb5b457e8a24ea0688759ad26c02308e3737d6baca776dfce","primeforge.benchmark.raw.v1","0","2026-08-03T20:16:50Z","237970700","True","0","cuda","measure","1","13","43"
"primeforge.cpu.base2-strong-prp-u64.v1","32","c88e42426844d46fda8b2ee6e57a82030a6cad0914cc39649ba621ce5562ebf4","64","65536","0","0d51552cc9ec488f52ca898ab7347cff93352005","MSVC-195136252","C++23_RELEASE_TARGET","0","UNKNOWN","NOT_USED","0","9f31b60ef8310ea1b13072b3e355e4541af69429c8885c7c9ec94139a663a6ae","0","UNKNOWN","UNKNOWN","UNKNOWN","0","0","0","0","S64_PRP_65536","545a5cd984ca9c7c5fbc412a73deb6c5a07c68aea4b7665911c62f9890db3f27","0","11661800","0","430f77e57e47e8dbb5b457e8a24ea0688759ad26c02308e3737d6baca776dfce","primeforge.benchmark.raw.v1","0","2026-08-03T20:16:51Z","11706800","True","0","cpu","measure","1","14","44"
"primeforge.auto.cpu-cuda.base2-strong-prp-u64.v1[min=512]","16384","c88e42426844d46fda8b2ee6e57a82030a6cad0914cc39649ba621ce5562ebf4","64","65536","0","0d51552cc9ec488f52ca898ab7347cff93352005","MSVC-195136252","C++23_RELEASE_TARGET","0","UNKNOWN","13.3.73","190304","9f31b60ef8310ea1b13072b3e355e4541af69429c8885c7c9ec94139a663a6ae","0","UNKNOWN","UNKNOWN","UNKNOWN","90783","0","223232","0","S64_PRP_65536","545a5cd984ca9c7c5fbc412a73deb6c5a07c68aea4b7665911c62f9890db3f27","0","0","0","430f77e57e47e8dbb5b457e8a24ea0688759ad26c02308e3737d6baca776dfce","primeforge.benchmark.raw.v1","0","2026-08-03T20:16:52Z","562300","True","0","auto","measure","1","15","45"
"primeforge.cuda.base2-strong-prp-u64.v1","128","c88e42426844d46fda8b2ee6e57a82030a6cad0914cc39649ba621ce5562ebf4","64","65536","0","0d51552cc9ec488f52ca898ab7347cff93352005","MSVC-195136252","C++23_RELEASE_TARGET","0","UNKNOWN","13.3.73","27971990","9f31b60ef8310ea1b13072b3e355e4541af69429c8885c7c9ec94139a663a6ae","0","UNKNOWN","UNKNOWN","UNKNOWN","23149468","0","11196120","0","S64_PRP_65536","545a5cd984ca9c7c5fbc412a73deb6c5a07c68aea4b7665911c62f9890db3f27","0","0","0","430f77e57e47e8dbb5b457e8a24ea0688759ad26c02308e3737d6baca776dfce","primeforge.benchmark.raw.v1","0","2026-08-03T20:16:53Z","65962500","True","0","cuda","measure","1","16","46"
"primeforge.auto.cpu-cuda.base2-strong-prp-u64.v1[min=512]","2048","c88e42426844d46fda8b2ee6e57a82030a6cad0914cc39649ba621ce5562ebf4","64","65536","0","0d51552cc9ec488f52ca898ab7347cff93352005","MSVC-195136252","C++23_RELEASE_TARGET","0","UNKNOWN","13.3.73","1728287","9f31b60ef8310ea1b13072b3e355e4541af69429c8885c7c9ec94139a663a6ae","0","UNKNOWN","UNKNOWN","UNKNOWN","1585568","0","767168","0","S64_PRP_65536","545a5cd984ca9c7c5fbc412a73deb6c5a07c68aea4b7665911c62f9890db3f27","0","0","0","430f77e57e47e8dbb5b457e8a24ea0688759ad26c02308e3737d6baca776dfce","primeforge.benchmark.raw.v1","0","2026-08-03T20:16:54Z","4319100","True","0","auto","measure","1","17","47"
"primeforge.cuda.base2-strong-prp-u64.v1","256","c88e42426844d46fda8b2ee6e57a82030a6cad0914cc39649ba621ce5562ebf4","64","65536","0","0d51552cc9ec488f52ca898ab7347cff93352005","MSVC-195136252","C++23_RELEASE_TARGET","0","UNKNOWN","13.3.73","12768633","9f31b60ef8310ea1b13072b3e355e4541af69429c8885c7c9ec94139a663a6ae","0","UNKNOWN","UNKNOWN","UNKNOWN","8933919","0","5624925","0","S64_PRP_65536","545a5cd984ca9c7c5fbc412a73deb6c5a07c68aea4b7665911c62f9890db3f27","0","0","0","430f77e57e47e8dbb5b457e8a24ea0688759ad26c02308e3737d6baca776dfce","primeforge.benchmark.raw.v1","0","2026-08-03T20:16:55Z","28986000","True","0","cuda","measure","1","18","48"
"primeforge.cuda.base2-strong-prp-u64.v1","1024","c88e42426844d46fda8b2ee6e57a82030a6cad0914cc39649ba621ce5562ebf4","64","65536","0","0d51552cc9ec488f52ca898ab7347cff93352005","MSVC-195136252","C++23_RELEASE_TARGET","0","UNKNOWN","13.3.73","3207424","9f31b60ef8310ea1b13072b3e355e4541af69429c8885c7c9ec94139a663a6ae","0","UNKNOWN","UNKNOWN","UNKNOWN","1923038","0","1526429","0","S64_PRP_65536","545a5cd984ca9c7c5fbc412a73deb6c5a07c68aea4b7665911c62f9890db3f27","0","0","0","430f77e57e47e8dbb5b457e8a24ea0688759ad26c02308e3737d6baca776dfce","primeforge.benchmark.raw.v1","0","2026-08-03T20:16:56Z","7107200","True","0","cuda","measure","1","19","49"
"primeforge.auto.cpu-cuda.base2-strong-prp-u64.v1[min=512]","4096","c88e42426844d46fda8b2ee6e57a82030a6cad0914cc39649ba621ce5562ebf4","64","65536","0","0d51552cc9ec488f52ca898ab7347cff93352005","MSVC-195136252","C++23_RELEASE_TARGET","0","UNKNOWN","13.3.73","774368","9f31b60ef8310ea1b13072b3e355e4541af69429c8885c7c9ec94139a663a6ae","0","UNKNOWN","UNKNOWN","UNKNOWN","553280","0","377439","0","S64_PRP_65536","545a5cd984ca9c7c5fbc412a73deb6c5a07c68aea4b7665911c62f9890db3f27","0","0","0","430f77e57e47e8dbb5b457e8a24ea0688759ad26c02308e3737d6baca776dfce","primeforge.benchmark.raw.v1","0","2026-08-03T20:16:57Z","1843200","True","0","auto","measure","1","20","50"
"primeforge.cuda.base2-strong-prp-u64.v1","64","c88e42426844d46fda8b2ee6e57a82030a6cad0914cc39649ba621ce5562ebf4","64","65536","0","0d51552cc9ec488f52ca898ab7347cff93352005","MSVC-195136252","C++23_RELEASE_TARGET","0","UNKNOWN","13.3.73","51037812","9f31b60ef8310ea1b13072b3e355e4541af69429c8885c7c9ec94139a663a6ae","0","UNKNOWN","UNKNOWN","UNKNOWN","34459444","0","20737905","0","S64_PRP_65536","545a5cd984ca9c7c5fbc412a73deb6c5a07c68aea4b7665911c62f9890db3f27","0","0","0","430f77e57e47e8dbb5b457e8a24ea0688759ad26c02308e3737d6baca776dfce","primeforge.benchmark.raw.v1","0","2026-08-03T20:16:58Z","113061500","True","0","cuda","measure","1","21","51"
"primeforge.cuda.base2-strong-prp-u64.v1","512","c88e42426844d46fda8b2ee6e57a82030a6cad0914cc39649ba621ce5562ebf4","64","65536","0","0d51552cc9ec488f52ca898ab7347cff93352005","MSVC-195136252","C++23_RELEASE_TARGET","0","UNKNOWN","13.3.73","6443296","9f31b60ef8310ea1b13072b3e355e4541af69429c8885c7c9ec94139a663a6ae","0","UNKNOWN","UNKNOWN","UNKNOWN","4135550","0","2842970","0","S64_PRP_65536","545a5cd984ca9c7c5fbc412a73deb6c5a07c68aea4b7665911c62f9890db3f27","0","0","0","430f77e57e47e8dbb5b457e8a24ea0688759ad26c02308e3737d6baca776dfce","primeforge.benchmark.raw.v1","0","2026-08-03T20:16:59Z","14241400","True","0","cuda","measure","1","22","52"
"primeforge.cpu.base2-strong-prp-u64.v1","256","c88e42426844d46fda8b2ee6e57a82030a6cad0914cc39649ba621ce5562ebf4","64","65536","0","0d51552cc9ec488f52ca898ab7347cff93352005","MSVC-195136252","C++23_RELEASE_TARGET","0","UNKNOWN","NOT_USED","0","9f31b60ef8310ea1b13072b3e355e4541af69429c8885c7c9ec94139a663a6ae","0","UNKNOWN","UNKNOWN","UNKNOWN","0","0","0","0","S64_PRP_65536","545a5cd984ca9c7c5fbc412a73deb6c5a07c68aea4b7665911c62f9890db3f27","0","11967500","0","430f77e57e47e8dbb5b457e8a24ea0688759ad26c02308e3737d6baca776dfce","primeforge.benchmark.raw.v1","0","2026-08-03T20:17:00Z","11973000","True","0","cpu","measure","1","23","53"
"primeforge.cuda.base2-strong-prp-u64.v1","8192","c88e42426844d46fda8b2ee6e57a82030a6cad0914cc39649ba621ce5562ebf4","64","65536","0","0d51552cc9ec488f52ca898ab7347cff93352005","MSVC-195136252","C++23_RELEASE_TARGET","0","UNKNOWN","13.3.73","481600","9f31b60ef8310ea1b13072b3e355e4541af69429c8885c7c9ec94139a663a6ae","0","UNKNOWN","UNKNOWN","UNKNOWN","318656","0","153056","0","S64_PRP_65536","545a5cd984ca9c7c5fbc412a73deb6c5a07c68aea4b7665911c62f9890db3f27","0","0","0","430f77e57e47e8dbb5b457e8a24ea0688759ad26c02308e3737d6baca776dfce","primeforge.benchmark.raw.v1","0","2026-08-03T20:17:01Z","1089300","True","0","cuda","measure","1","24","54"
"primeforge.auto.cpu-cuda.base2-strong-prp-u64.v1[min=512]","256","c88e42426844d46fda8b2ee6e57a82030a6cad0914cc39649ba621ce5562ebf4","64","65536","0","0d51552cc9ec488f52ca898ab7347cff93352005","MSVC-195136252","C++23_RELEASE_TARGET","0","UNKNOWN","NOT_USED","0","9f31b60ef8310ea1b13072b3e355e4541af69429c8885c7c9ec94139a663a6ae","0","UNKNOWN","UNKNOWN","UNKNOWN","0","0","0","0","S64_PRP_65536","545a5cd984ca9c7c5fbc412a73deb6c5a07c68aea4b7665911c62f9890db3f27","0","11695900","0","430f77e57e47e8dbb5b457e8a24ea0688759ad26c02308e3737d6baca776dfce","primeforge.benchmark.raw.v1","0","2026-08-03T20:17:02Z","11704000","True","0","auto","measure","1","25","55"
"primeforge.auto.cpu-cuda.base2-strong-prp-u64.v1[min=512]","512","c88e42426844d46fda8b2ee6e57a82030a6cad0914cc39649ba621ce5562ebf4","64","65536","0","0d51552cc9ec488f52ca898ab7347cff93352005","MSVC-195136252","C++23_RELEASE_TARGET","0","UNKNOWN","13.3.73","6002143","9f31b60ef8310ea1b13072b3e355e4541af69429c8885c7c9ec94139a663a6ae","0","UNKNOWN","UNKNOWN","UNKNOWN","3668575","0","2853786","0","S64_PRP_65536","545a5cd984ca9c7c5fbc412a73deb6c5a07c68aea4b7665911c62f9890db3f27","0","0","0","430f77e57e47e8dbb5b457e8a24ea0688759ad26c02308e3737d6baca776dfce","primeforge.benchmark.raw.v1","0","2026-08-03T20:17:03Z","13370900","True","0","auto","measure","1","26","56"
"primeforge.auto.cpu-cuda.base2-strong-prp-u64.v1[min=512]","32","c88e42426844d46fda8b2ee6e57a82030a6cad0914cc39649ba621ce5562ebf4","64","65536","0","0d51552cc9ec488f52ca898ab7347cff93352005","MSVC-195136252","C++23_RELEASE_TARGET","0","UNKNOWN","NOT_USED","0","9f31b60ef8310ea1b13072b3e355e4541af69429c8885c7c9ec94139a663a6ae","0","UNKNOWN","UNKNOWN","UNKNOWN","0","0","0","0","S64_PRP_65536","545a5cd984ca9c7c5fbc412a73deb6c5a07c68aea4b7665911c62f9890db3f27","0","11690100","0","430f77e57e47e8dbb5b457e8a24ea0688759ad26c02308e3737d6baca776dfce","primeforge.benchmark.raw.v1","0","2026-08-03T20:17:04Z","11741000","True","0","auto","measure","1","27","57"
"primeforge.cpu.base2-strong-prp-u64.v1","1024","c88e42426844d46fda8b2ee6e57a82030a6cad0914cc39649ba621ce5562ebf4","64","65536","0","0d51552cc9ec488f52ca898ab7347cff93352005","MSVC-195136252","C++23_RELEASE_TARGET","0","UNKNOWN","NOT_USED","0","9f31b60ef8310ea1b13072b3e355e4541af69429c8885c7c9ec94139a663a6ae","0","UNKNOWN","UNKNOWN","UNKNOWN","0","0","0","0","S64_PRP_65536","545a5cd984ca9c7c5fbc412a73deb6c5a07c68aea4b7665911c62f9890db3f27","0","15595700","0","430f77e57e47e8dbb5b457e8a24ea0688759ad26c02308e3737d6baca776dfce","primeforge.benchmark.raw.v1","0","2026-08-03T20:17:05Z","15604100","True","0","cpu","measure","1","28","58"
"primeforge.cuda.base2-strong-prp-u64.v1","16384","c88e42426844d46fda8b2ee6e57a82030a6cad0914cc39649ba621ce5562ebf4","64","65536","0","0d51552cc9ec488f52ca898ab7347cff93352005","MSVC-195136252","C++23_RELEASE_TARGET","0","UNKNOWN","13.3.73","245248","9f31b60ef8310ea1b13072b3e355e4541af69429c8885c7c9ec94139a663a6ae","0","UNKNOWN","UNKNOWN","UNKNOWN","53504","0","210560","0","S64_PRP_65536","545a5cd984ca9c7c5fbc412a73deb6c5a07c68aea4b7665911c62f9890db3f27","0","0","0","430f77e57e47e8dbb5b457e8a24ea0688759ad26c02308e3737d6baca776dfce","primeforge.benchmark.raw.v1","0","2026-08-03T20:17:06Z","563700","True","0","cuda","measure","1","29","59"
"primeforge.cpu.base2-strong-prp-u64.v1","128","c88e42426844d46fda8b2ee6e57a82030a6cad0914cc39649ba621ce5562ebf4","64","65536","0","0d51552cc9ec488f52ca898ab7347cff93352005","MSVC-195136252","C++23_RELEASE_TARGET","0","UNKNOWN","NOT_USED","0","9f31b60ef8310ea1b13072b3e355e4541af69429c8885c7c9ec94139a663a6ae","0","UNKNOWN","UNKNOWN","UNKNOWN","0","0","0","0","S64_PRP_65536","545a5cd984ca9c7c5fbc412a73deb6c5a07c68aea4b7665911c62f9890db3f27","0","11936300","0","430f77e57e47e8dbb5b457e8a24ea0688759ad26c02308e3737d6baca776dfce","primeforge.benchmark.raw.v1","0","2026-08-03T20:17:07Z","11952000","True","0","cpu","measure","1","30","60"
"primeforge.auto.cpu-cuda.base2-strong-prp-u64.v1[min=512]","32","c88e42426844d46fda8b2ee6e57a82030a6cad0914cc39649ba621ce5562ebf4","64","65536","0","0d51552cc9ec488f52ca898ab7347cff93352005","MSVC-195136252","C++23_RELEASE_TARGET","0","UNKNOWN","NOT_USED","0","9f31b60ef8310ea1b13072b3e355e4541af69429c8885c7c9ec94139a663a6ae","0","UNKNOWN","UNKNOWN","UNKNOWN","0","0","0","0","S64_PRP_65536","545a5cd984ca9c7c5fbc412a73deb6c5a07c68aea4b7665911c62f9890db3f27","0","11638200","0","430f77e57e47e8dbb5b457e8a24ea0688759ad26c02308e3737d6baca776dfce","primeforge.benchmark.raw.v1","0","2026-08-03T20:17:08Z","11688000","True","0","auto","measure","2","1","61"
"primeforge.cpu.base2-strong-prp-u64.v1","4096","c88e42426844d46fda8b2ee6e57a82030a6cad0914cc39649ba621ce5562ebf4","64","65536","0","0d51552cc9ec488f52ca898ab7347cff93352005","MSVC-195136252","C++23_RELEASE_TARGET","0","UNKNOWN","NOT_USED","0","9f31b60ef8310ea1b13072b3e355e4541af69429c8885c7c9ec94139a663a6ae","0","UNKNOWN","UNKNOWN","UNKNOWN","0","0","0","0","S64_PRP_65536","545a5cd984ca9c7c5fbc412a73deb6c5a07c68aea4b7665911c62f9890db3f27","0","11117000","0","430f77e57e47e8dbb5b457e8a24ea0688759ad26c02308e3737d6baca776dfce","primeforge.benchmark.raw.v1","0","2026-08-03T20:17:09Z","11119200","True","0","cpu","measure","2","2","62"
"primeforge.cuda.base2-strong-prp-u64.v1","8192","c88e42426844d46fda8b2ee6e57a82030a6cad0914cc39649ba621ce5562ebf4","64","65536","0","0d51552cc9ec488f52ca898ab7347cff93352005","MSVC-195136252","C++23_RELEASE_TARGET","0","UNKNOWN","13.3.73","347200","9f31b60ef8310ea1b13072b3e355e4541af69429c8885c7c9ec94139a663a6ae","0","UNKNOWN","UNKNOWN","UNKNOWN","312864","0","154240","0","S64_PRP_65536","545a5cd984ca9c7c5fbc412a73deb6c5a07c68aea4b7665911c62f9890db3f27","0","0","0","430f77e57e47e8dbb5b457e8a24ea0688759ad26c02308e3737d6baca776dfce","primeforge.benchmark.raw.v1","0","2026-08-03T20:17:10Z","895100","True","0","cuda","measure","2","3","63"
"primeforge.auto.cpu-cuda.base2-strong-prp-u64.v1[min=512]","8192","c88e42426844d46fda8b2ee6e57a82030a6cad0914cc39649ba621ce5562ebf4","64","65536","0","0d51552cc9ec488f52ca898ab7347cff93352005","MSVC-195136252","C++23_RELEASE_TARGET","0","UNKNOWN","13.3.73","440352","9f31b60ef8310ea1b13072b3e355e4541af69429c8885c7c9ec94139a663a6ae","0","UNKNOWN","UNKNOWN","UNKNOWN","574144","0","131520","0","S64_PRP_65536","545a5cd984ca9c7c5fbc412a73deb6c5a07c68aea4b7665911c62f9890db3f27","0","0","0","430f77e57e47e8dbb5b457e8a24ea0688759ad26c02308e3737d6baca776dfce","primeforge.benchmark.raw.v1","0","2026-08-03T20:17:11Z","1226100","True","0","auto","measure","2","4","64"
"primeforge.cuda.base2-strong-prp-u64.v1","1024","c88e42426844d46fda8b2ee6e57a82030a6cad0914cc39649ba621ce5562ebf4","64","65536","0","0d51552cc9ec488f52ca898ab7347cff93352005","MSVC-195136252","C++23_RELEASE_TARGET","0","UNKNOWN","13.3.73","3368064","9f31b60ef8310ea1b13072b3e355e4541af69429c8885c7c9ec94139a663a6ae","0","UNKNOWN","UNKNOWN","UNKNOWN","2419166","0","1414144","0","S64_PRP_65536","545a5cd984ca9c7c5fbc412a73deb6c5a07c68aea4b7665911c62f9890db3f27","0","0","0","430f77e57e47e8dbb5b457e8a24ea0688759ad26c02308e3737d6baca776dfce","primeforge.benchmark.raw.v1","0","2026-08-03T20:17:12Z","7621300","True","0","cuda","measure","2","5","65"
"primeforge.auto.cpu-cuda.base2-strong-prp-u64.v1[min=512]","64","c88e42426844d46fda8b2ee6e57a82030a6cad0914cc39649ba621ce5562ebf4","64","65536","0","0d51552cc9ec488f52ca898ab7347cff93352005","MSVC-195136252","C++23_RELEASE_TARGET","0","UNKNOWN","NOT_USED","0","9f31b60ef8310ea1b13072b3e355e4541af69429c8885c7c9ec94139a663a6ae","0","UNKNOWN","UNKNOWN","UNKNOWN","0","0","0","0","S64_PRP_65536","545a5cd984ca9c7c5fbc412a73deb6c5a07c68aea4b7665911c62f9890db3f27","0","11655500","0","430f77e57e47e8dbb5b457e8a24ea0688759ad26c02308e3737d6baca776dfce","primeforge.benchmark.raw.v1","0","2026-08-03T20:17:13Z","11679400","True","0","auto","measure","2","6","66"
"primeforge.auto.cpu-cuda.base2-strong-prp-u64.v1[min=512]","2048","c88e42426844d46fda8b2ee6e57a82030a6cad0914cc39649ba621ce5562ebf4","64","65536","0","0d51552cc9ec488f52ca898ab7347cff93352005","MSVC-195136252","C++23_RELEASE_TARGET","0","UNKNOWN","13.3.73","1514976","9f31b60ef8310ea1b13072b3e355e4541af69429c8885c7c9ec94139a663a6ae","0","UNKNOWN","UNKNOWN","UNKNOWN","1196352","0","656031","0","S64_PRP_65536","545a5cd984ca9c7c5fbc412a73deb6c5a07c68aea4b7665911c62f9890db3f27","0","0","0","430f77e57e47e8dbb5b457e8a24ea0688759ad26c02308e3737d6baca776dfce","primeforge.benchmark.raw.v1","0","2026-08-03T20:17:14Z","3594500","True","0","auto","measure","2","7","67"
"primeforge.cpu.base2-strong-prp-u64.v1","16384","c88e42426844d46fda8b2ee6e57a82030a6cad0914cc39649ba621ce5562ebf4","64","65536","0","0d51552cc9ec488f52ca898ab7347cff93352005","MSVC-195136252","C++23_RELEASE_TARGET","0","UNKNOWN","NOT_USED","0","9f31b60ef8310ea1b13072b3e355e4541af69429c8885c7c9ec94139a663a6ae","0","UNKNOWN","UNKNOWN","UNKNOWN","0","0","0","0","S64_PRP_65536","545a5cd984ca9c7c5fbc412a73deb6c5a07c68aea4b7665911c62f9890db3f27","0","5774700","0","430f77e57e47e8dbb5b457e8a24ea0688759ad26c02308e3737d6baca776dfce","primeforge.benchmark.raw.v1","0","2026-08-03T20:17:15Z","5775300","True","0","cpu","measure","2","8","68"
"primeforge.cuda.base2-strong-prp-u64.v1","16384","c88e42426844d46fda8b2ee6e57a82030a6cad0914cc39649ba621ce5562ebf4","64","65536","0","0d51552cc9ec488f52ca898ab7347cff93352005","MSVC-195136252","C++23_RELEASE_TARGET","0","UNKNOWN","13.3.73","199648","9f31b60ef8310ea1b13072b3e355e4541af69429c8885c7c9ec94139a663a6ae","0","UNKNOWN","UNKNOWN","UNKNOWN","58432","0","167296","0","S64_PRP_65536","545a5cd984ca9c7c5fbc412a73deb6c5a07c68aea4b7665911c62f9890db3f27","0","0","0","430f77e57e47e8dbb5b457e8a24ea0688759ad26c02308e3737d6baca776dfce","primeforge.benchmark.raw.v1","0","2026-08-03T20:17:16Z","481100","True","0","cuda","measure","2","9","69"
"primeforge.cuda.base2-strong-prp-u64.v1","128","c88e42426844d46fda8b2ee6e57a82030a6cad0914cc39649ba621ce5562ebf4","64","65536","0","0d51552cc9ec488f52ca898ab7347cff93352005","MSVC-195136252","C++23_RELEASE_TARGET","0","UNKNOWN","13.3.73","25335190","9f31b60ef8310ea1b13072b3e355e4541af69429c8885c7c9ec94139a663a6ae","0","UNKNOWN","UNKNOWN","UNKNOWN","17381688","0","9973592","0","S64_PRP_65536","545a5cd984ca9c7c5fbc412a73deb6c5a07c68aea4b7665911c62f9890db3f27","0","0","0","430f77e57e47e8dbb5b457e8a24ea0688759ad26c02308e3737d6baca776dfce","primeforge.benchmark.raw.v1","0","2026-08-03T20:17:17Z","56122700","True","0","cuda","measure","2","10","70"
"primeforge.auto.cpu-cuda.base2-strong-prp-u64.v1[min=512]","16384","c88e42426844d46fda8b2ee6e57a82030a6cad0914cc39649ba621ce5562ebf4","64","65536","0","0d51552cc9ec488f52ca898ab7347cff93352005","MSVC-195136252","C++23_RELEASE_TARGET","0","UNKNOWN","13.3.73","264544","9f31b60ef8310ea1b13072b3e355e4541af69429c8885c7c9ec94139a663a6ae","0","UNKNOWN","UNKNOWN","UNKNOWN","105152","0","114752","0","S64_PRP_65536","545a5cd984ca9c7c5fbc412a73deb6c5a07c68aea4b7665911c62f9890db3f27","0","0","0","430f77e57e47e8dbb5b457e8a24ea0688759ad26c02308e3737d6baca776dfce","primeforge.benchmark.raw.v1","0","2026-08-03T20:17:18Z","536400","True","0","auto","measure","2","11","71"
"primeforge.auto.cpu-cuda.base2-strong-prp-u64.v1[min=512]","1024","c88e42426844d46fda8b2ee6e57a82030a6cad0914cc39649ba621ce5562ebf4","64","65536","0","0d51552cc9ec488f52ca898ab7347cff93352005","MSVC-195136252","C++23_RELEASE_TARGET","0","UNKNOWN","13.3.73","3090208","9f31b60ef8310ea1b13072b3e355e4541af69429c8885c7c9ec94139a663a6ae","0","UNKNOWN","UNKNOWN","UNKNOWN","2152000","0","1508703","0","S64_PRP_65536","545a5cd984ca9c7c5fbc412a73deb6c5a07c68aea4b7665911c62f9890db3f27","0","0","0","430f77e57e47e8dbb5b457e8a24ea0688759ad26c02308e3737d6baca776dfce","primeforge.benchmark.raw.v1","0","2026-08-03T20:17:19Z","7232800","True","0","auto","measure","2","12","72"
"primeforge.cuda.base2-strong-prp-u64.v1","64","c88e42426844d46fda8b2ee6e57a82030a6cad0914cc39649ba621ce5562ebf4","64","65536","0","0d51552cc9ec488f52ca898ab7347cff93352005","MSVC-195136252","C++23_RELEASE_TARGET","0","UNKNOWN","13.3.73","49809073","9f31b60ef8310ea1b13072b3e355e4541af69429c8885c7c9ec94139a663a6ae","0","UNKNOWN","UNKNOWN","UNKNOWN","34019704","0","19511125","0","S64_PRP_65536","545a5cd984ca9c7c5fbc412a73deb6c5a07c68aea4b7665911c62f9890db3f27","0","0","0","430f77e57e47e8dbb5b457e8a24ea0688759ad26c02308e3737d6baca776dfce","primeforge.benchmark.raw.v1","0","2026-08-03T20:17:21Z","109880500","True","0","cuda","measure","2","13","73"
"primeforge.auto.cpu-cuda.base2-strong-prp-u64.v1[min=512]","256","c88e42426844d46fda8b2ee6e57a82030a6cad0914cc39649ba621ce5562ebf4","64","65536","0","0d51552cc9ec488f52ca898ab7347cff93352005","MSVC-195136252","C++23_RELEASE_TARGET","0","UNKNOWN","NOT_USED","0","9f31b60ef8310ea1b13072b3e355e4541af69429c8885c7c9ec94139a663a6ae","0","UNKNOWN","UNKNOWN","UNKNOWN","0","0","0","0","S64_PRP_65536","545a5cd984ca9c7c5fbc412a73deb6c5a07c68aea4b7665911c62f9890db3f27","0","11638300","0","430f77e57e47e8dbb5b457e8a24ea0688759ad26c02308e3737d6baca776dfce","primeforge.benchmark.raw.v1","0","2026-08-03T20:17:21Z","11644600","True","0","auto","measure","2","14","74"
"primeforge.cpu.base2-strong-prp-u64.v1","128","c88e42426844d46fda8b2ee6e57a82030a6cad0914cc39649ba621ce5562ebf4","64","65536","0","0d51552cc9ec488f52ca898ab7347cff93352005","MSVC-195136252","C++23_RELEASE_TARGET","0","UNKNOWN","NOT_USED","0","9f31b60ef8310ea1b13072b3e355e4541af69429c8885c7c9ec94139a663a6ae","0","UNKNOWN","UNKNOWN","UNKNOWN","0","0","0","0","S64_PRP_65536","545a5cd984ca9c7c5fbc412a73deb6c5a07c68aea4b7665911c62f9890db3f27","0","11488200","0","430f77e57e47e8dbb5b457e8a24ea0688759ad26c02308e3737d6baca776dfce","primeforge.benchmark.raw.v1","0","2026-08-03T20:17:22Z","11498500","True","0","cpu","measure","2","15","75"
"primeforge.auto.cpu-cuda.base2-strong-prp-u64.v1[min=512]","4096","c88e42426844d46fda8b2ee6e57a82030a6cad0914cc39649ba621ce5562ebf4","64","65536","0","0d51552cc9ec488f52ca898ab7347cff93352005","MSVC-195136252","C++23_RELEASE_TARGET","0","UNKNOWN","13.3.73","799488","9f31b60ef8310ea1b13072b3e355e4541af69429c8885c7c9ec94139a663a6ae","0","UNKNOWN","UNKNOWN","UNKNOWN","865696","0","439552","0","S64_PRP_65536","545a5cd984ca9c7c5fbc412a73deb6c5a07c68aea4b7665911c62f9890db3f27","0","0","0","430f77e57e47e8dbb5b457e8a24ea0688759ad26c02308e3737d6baca776dfce","primeforge.benchmark.raw.v1","0","2026-08-03T20:17:23Z","2236100","True","0","auto","measure","2","16","76"
"primeforge.cpu.base2-strong-prp-u64.v1","8192","c88e42426844d46fda8b2ee6e57a82030a6cad0914cc39649ba621ce5562ebf4","64","65536","0","0d51552cc9ec488f52ca898ab7347cff93352005","MSVC-195136252","C++23_RELEASE_TARGET","0","UNKNOWN","NOT_USED","0","9f31b60ef8310ea1b13072b3e355e4541af69429c8885c7c9ec94139a663a6ae","0","UNKNOWN","UNKNOWN","UNKNOWN","0","0","0","0","S64_PRP_65536","545a5cd984ca9c7c5fbc412a73deb6c5a07c68aea4b7665911c62f9890db3f27","0","10990600","0","430f77e57e47e8dbb5b457e8a24ea0688759ad26c02308e3737d6baca776dfce","primeforge.benchmark.raw.v1","0","2026-08-03T20:17:24Z","10991900","True","0","cpu","measure","2","17","77"
"primeforge.cuda.base2-strong-prp-u64.v1","256","c88e42426844d46fda8b2ee6e57a82030a6cad0914cc39649ba621ce5562ebf4","64","65536","0","0d51552cc9ec488f52ca898ab7347cff93352005","MSVC-195136252","C++23_RELEASE_TARGET","0","UNKNOWN","13.3.73","13960666","9f31b60ef8310ea1b13072b3e355e4541af69429c8885c7c9ec94139a663a6ae","0","UNKNOWN","UNKNOWN","UNKNOWN","9414044","0","5873498","0","S64_PRP_65536","545a5cd984ca9c7c5fbc412a73deb6c5a07c68aea4b7665911c62f9890db3f27","0","0","0","430f77e57e47e8dbb5b457e8a24ea0688759ad26c02308e3737d6baca776dfce","primeforge.benchmark.raw.v1","0","2026-08-03T20:17:25Z","30920900","True","0","cuda","measure","2","18","78"
"primeforge.cpu.base2-strong-prp-u64.v1","1024","c88e42426844d46fda8b2ee6e57a82030a6cad0914cc39649ba621ce5562ebf4","64","65536","0","0d51552cc9ec488f52ca898ab7347cff93352005","MSVC-195136252","C++23_RELEASE_TARGET","0","UNKNOWN","NOT_USED","0","9f31b60ef8310ea1b13072b3e355e4541af69429c8885c7c9ec94139a663a6ae","0","UNKNOWN","UNKNOWN","UNKNOWN","0","0","0","0","S64_PRP_65536","545a5cd984ca9c7c5fbc412a73deb6c5a07c68aea4b7665911c62f9890db3f27","0","16295600","0","430f77e57e47e8dbb5b457e8a24ea0688759ad26c02308e3737d6baca776dfce","primeforge.benchmark.raw.v1","0","2026-08-03T20:17:26Z","16306500","True","0","cpu","measure","2","19","79"
"primeforge.cpu.base2-strong-prp-u64.v1","32","c88e42426844d46fda8b2ee6e57a82030a6cad0914cc39649ba621ce5562ebf4","64","65536","0","0d51552cc9ec488f52ca898ab7347cff93352005","MSVC-195136252","C++23_RELEASE_TARGET","0","UNKNOWN","NOT_USED","0","9f31b60ef8310ea1b13072b3e355e4541af69429c8885c7c9ec94139a663a6ae","0","UNKNOWN","UNKNOWN","UNKNOWN","0","0","0","0","S64_PRP_65536","545a5cd984ca9c7c5fbc412a73deb6c5a07c68aea4b7665911c62f9890db3f27","0","11920000","0","430f77e57e47e8dbb5b457e8a24ea0688759ad26c02308e3737d6baca776dfce","primeforge.benchmark.raw.v1","0","2026-08-03T20:17:27Z","11964000","True","0","cpu","measure","2","20","80"
"primeforge.cpu.base2-strong-prp-u64.v1","256","c88e42426844d46fda8b2ee6e57a82030a6cad0914cc39649ba621ce5562ebf4","64","65536","0","0d51552cc9ec488f52ca898ab7347cff93352005","MSVC-195136252","C++23_RELEASE_TARGET","0","UNKNOWN","NOT_USED","0","9f31b60ef8310ea1b13072b3e355e4541af69429c8885c7c9ec94139a663a6ae","0","UNKNOWN","UNKNOWN","UNKNOWN","0","0","0","0","S64_PRP_65536","545a5cd984ca9c7c5fbc412a73deb6c5a07c68aea4b7665911c62f9890db3f27","0","11975500","0","430f77e57e47e8dbb5b457e8a24ea0688759ad26c02308e3737d6baca776dfce","primeforge.benchmark.raw.v1","0","2026-08-03T20:17:28Z","11982000","True","0","cpu","measure","2","21","81"
"primeforge.cpu.base2-strong-prp-u64.v1","2048","c88e42426844d46fda8b2ee6e57a82030a6cad0914cc39649ba621ce5562ebf4","64","65536","0","0d51552cc9ec488f52ca898ab7347cff93352005","MSVC-195136252","C++23_RELEASE_TARGET","0","UNKNOWN","NOT_USED","0","9f31b60ef8310ea1b13072b3e355e4541af69429c8885c7c9ec94139a663a6ae","0","UNKNOWN","UNKNOWN","UNKNOWN","0","0","0","0","S64_PRP_65536","545a5cd984ca9c7c5fbc412a73deb6c5a07c68aea4b7665911c62f9890db3f27","0","14230200","0","430f77e57e47e8dbb5b457e8a24ea0688759ad26c02308e3737d6baca776dfce","primeforge.benchmark.raw.v1","0","2026-08-03T20:17:29Z","14236400","True","0","cpu","measure","2","22","82"
"primeforge.cpu.base2-strong-prp-u64.v1","512","c88e42426844d46fda8b2ee6e57a82030a6cad0914cc39649ba621ce5562ebf4","64","65536","0","0d51552cc9ec488f52ca898ab7347cff93352005","MSVC-195136252","C++23_RELEASE_TARGET","0","UNKNOWN","NOT_USED","0","9f31b60ef8310ea1b13072b3e355e4541af69429c8885c7c9ec94139a663a6ae","0","UNKNOWN","UNKNOWN","UNKNOWN","0","0","0","0","S64_PRP_65536","545a5cd984ca9c7c5fbc412a73deb6c5a07c68aea4b7665911c62f9890db3f27","0","22999000","0","430f77e57e47e8dbb5b457e8a24ea0688759ad26c02308e3737d6baca776dfce","primeforge.benchmark.raw.v1","0","2026-08-03T20:17:30Z","23013600","True","0","cpu","measure","2","23","83"
"primeforge.auto.cpu-cuda.base2-strong-prp-u64.v1[min=512]","128","c88e42426844d46fda8b2ee6e57a82030a6cad0914cc39649ba621ce5562ebf4","64","65536","0","0d51552cc9ec488f52ca898ab7347cff93352005","MSVC-195136252","C++23_RELEASE_TARGET","0","UNKNOWN","NOT_USED","0","9f31b60ef8310ea1b13072b3e355e4541af69429c8885c7c9ec94139a663a6ae","0","UNKNOWN","UNKNOWN","UNKNOWN","0","0","0","0","S64_PRP_65536","545a5cd984ca9c7c5fbc412a73deb6c5a07c68aea4b7665911c62f9890db3f27","0","12253800","0","430f77e57e47e8dbb5b457e8a24ea0688759ad26c02308e3737d6baca776dfce","primeforge.benchmark.raw.v1","0","2026-08-03T20:17:31Z","12268700","True","0","auto","measure","2","24","84"
"primeforge.cuda.base2-strong-prp-u64.v1","512","c88e42426844d46fda8b2ee6e57a82030a6cad0914cc39649ba621ce5562ebf4","64","65536","0","0d51552cc9ec488f52ca898ab7347cff93352005","MSVC-195136252","C++23_RELEASE_TARGET","0","UNKNOWN","13.3.73","5894238","9f31b60ef8310ea1b13072b3e355e4541af69429c8885c7c9ec94139a663a6ae","0","UNKNOWN","UNKNOWN","UNKNOWN","3792286","0","3083899","0","S64_PRP_65536","545a5cd984ca9c7c5fbc412a73deb6c5a07c68aea4b7665911c62f9890db3f27","0","0","0","430f77e57e47e8dbb5b457e8a24ea0688759ad26c02308e3737d6baca776dfce","primeforge.benchmark.raw.v1","0","2026-08-03T20:17:33Z","13620000","True","0","cuda","measure","2","25","85"
"primeforge.cuda.base2-strong-prp-u64.v1","2048","c88e42426844d46fda8b2ee6e57a82030a6cad0914cc39649ba621ce5562ebf4","64","65536","0","0d51552cc9ec488f52ca898ab7347cff93352005","MSVC-195136252","C++23_RELEASE_TARGET","0","UNKNOWN","13.3.73","1571104","9f31b60ef8310ea1b13072b3e355e4541af69429c8885c7c9ec94139a663a6ae","0","UNKNOWN","UNKNOWN","UNKNOWN","1136543","0","1020317","0","S64_PRP_65536","545a5cd984ca9c7c5fbc412a73deb6c5a07c68aea4b7665911c62f9890db3f27","0","0","0","430f77e57e47e8dbb5b457e8a24ea0688759ad26c02308e3737d6baca776dfce","primeforge.benchmark.raw.v1","0","2026-08-03T20:17:33Z","3949500","True","0","cuda","measure","2","26","86"
"primeforge.auto.cpu-cuda.base2-strong-prp-u64.v1[min=512]","512","c88e42426844d46fda8b2ee6e57a82030a6cad0914cc39649ba621ce5562ebf4","64","65536","0","0d51552cc9ec488f52ca898ab7347cff93352005","MSVC-195136252","C++23_RELEASE_TARGET","0","UNKNOWN","13.3.73","6259871","9f31b60ef8310ea1b13072b3e355e4541af69429c8885c7c9ec94139a663a6ae","0","UNKNOWN","UNKNOWN","UNKNOWN","4278303","0","3296057","0","S64_PRP_65536","545a5cd984ca9c7c5fbc412a73deb6c5a07c68aea4b7665911c62f9890db3f27","0","0","0","430f77e57e47e8dbb5b457e8a24ea0688759ad26c02308e3737d6baca776dfce","primeforge.benchmark.raw.v1","0","2026-08-03T20:17:35Z","14650000","True","0","auto","measure","2","27","87"
"primeforge.cuda.base2-strong-prp-u64.v1","32","c88e42426844d46fda8b2ee6e57a82030a6cad0914cc39649ba621ce5562ebf4","64","65536","0","0d51552cc9ec488f52ca898ab7347cff93352005","MSVC-195136252","C++23_RELEASE_TARGET","0","UNKNOWN","13.3.73","98790722","9f31b60ef8310ea1b13072b3e355e4541af69429c8885c7c9ec94139a663a6ae","0","UNKNOWN","UNKNOWN","UNKNOWN","67418912","0","39430177","0","S64_PRP_65536","545a5cd984ca9c7c5fbc412a73deb6c5a07c68aea4b7665911c62f9890db3f27","0","0","0","430f77e57e47e8dbb5b457e8a24ea0688759ad26c02308e3737d6baca776dfce","primeforge.benchmark.raw.v1","0","2026-08-03T20:17:36Z","218708400","True","0","cuda","measure","2","28","88"
"primeforge.cpu.base2-strong-prp-u64.v1","64","c88e42426844d46fda8b2ee6e57a82030a6cad0914cc39649ba621ce5562ebf4","64","65536","0","0d51552cc9ec488f52ca898ab7347cff93352005","MSVC-195136252","C++23_RELEASE_TARGET","0","UNKNOWN","NOT_USED","0","9f31b60ef8310ea1b13072b3e355e4541af69429c8885c7c9ec94139a663a6ae","0","UNKNOWN","UNKNOWN","UNKNOWN","0","0","0","0","S64_PRP_65536","545a5cd984ca9c7c5fbc412a73deb6c5a07c68aea4b7665911c62f9890db3f27","0","11789100","0","430f77e57e47e8dbb5b457e8a24ea0688759ad26c02308e3737d6baca776dfce","primeforge.benchmark.raw.v1","0","2026-08-03T20:17:36Z","11810100","True","0","cpu","measure","2","29","89"
"primeforge.cuda.base2-strong-prp-u64.v1","4096","c88e42426844d46fda8b2ee6e57a82030a6cad0914cc39649ba621ce5562ebf4","64","65536","0","0d51552cc9ec488f52ca898ab7347cff93352005","MSVC-195136252","C++23_RELEASE_TARGET","0","UNKNOWN","13.3.73","803328","9f31b60ef8310ea1b13072b3e355e4541af69429c8885c7c9ec94139a663a6ae","0","UNKNOWN","UNKNOWN","UNKNOWN","749632","0","396096","0","S64_PRP_65536","545a5cd984ca9c7c5fbc412a73deb6c5a07c68aea4b7665911c62f9890db3f27","0","0","0","430f77e57e47e8dbb5b457e8a24ea0688759ad26c02308e3737d6baca776dfce","primeforge.benchmark.raw.v1","0","2026-08-03T20:17:38Z","2083400","True","0","cuda","measure","2","30","90"
"primeforge.auto.cpu-cuda.base2-strong-prp-u64.v1[min=512]","256","c88e42426844d46fda8b2ee6e57a82030a6cad0914cc39649ba621ce5562ebf4","64","65536","0","0d51552cc9ec488f52ca898ab7347cff93352005","MSVC-195136252","C++23_RELEASE_TARGET","0","UNKNOWN","NOT_USED","0","9f31b60ef8310ea1b13072b3e355e4541af69429c8885c7c9ec94139a663a6ae","0","UNKNOWN","UNKNOWN","UNKNOWN","0","0","0","0","S64_PRP_65536","545a5cd984ca9c7c5fbc412a73deb6c5a07c68aea4b7665911c62f9890db3f27","0","11606300","0","430f77e57e47e8dbb5b457e8a24ea0688759ad26c02308e3737d6baca776dfce","primeforge.benchmark.raw.v1","0","2026-08-03T20:17:39Z","11613400","True","0","auto","measure","3","1","91"
"primeforge.cpu.base2-strong-prp-u64.v1","512","c88e42426844d46fda8b2ee6e57a82030a6cad0914cc39649ba621ce5562ebf4","64","65536","0","0d51552cc9ec488f52ca898ab7347cff93352005","MSVC-195136252","C++23_RELEASE_TARGET","0","UNKNOWN","NOT_USED","0","9f31b60ef8310ea1b13072b3e355e4541af69429c8885c7c9ec94139a663a6ae","0","UNKNOWN","UNKNOWN","UNKNOWN","0","0","0","0","S64_PRP_65536","545a5cd984ca9c7c5fbc412a73deb6c5a07c68aea4b7665911c62f9890db3f27","0","22192700","0","430f77e57e47e8dbb5b457e8a24ea0688759ad26c02308e3737d6baca776dfce","primeforge.benchmark.raw.v1","0","2026-08-03T20:17:40Z","22207400","True","0","cpu","measure","3","2","92"
"primeforge.cpu.base2-strong-prp-u64.v1","2048","c88e42426844d46fda8b2ee6e57a82030a6cad0914cc39649ba621ce5562ebf4","64","65536","0","0d51552cc9ec488f52ca898ab7347cff93352005","MSVC-195136252","C++23_RELEASE_TARGET","0","UNKNOWN","NOT_USED","0","9f31b60ef8310ea1b13072b3e355e4541af69429c8885c7c9ec94139a663a6ae","0","UNKNOWN","UNKNOWN","UNKNOWN","0","0","0","0","S64_PRP_65536","545a5cd984ca9c7c5fbc412a73deb6c5a07c68aea4b7665911c62f9890db3f27","0","13237100","0","430f77e57e47e8dbb5b457e8a24ea0688759ad26c02308e3737d6baca776dfce","primeforge.benchmark.raw.v1","0","2026-08-03T20:17:41Z","13243400","True","0","cpu","measure","3","3","93"
"primeforge.cuda.base2-strong-prp-u64.v1","32","c88e42426844d46fda8b2ee6e57a82030a6cad0914cc39649ba621ce5562ebf4","64","65536","0","0d51552cc9ec488f52ca898ab7347cff93352005","MSVC-195136252","C++23_RELEASE_TARGET","0","UNKNOWN","13.3.73","103422181","9f31b60ef8310ea1b13072b3e355e4541af69429c8885c7c9ec94139a663a6ae","0","UNKNOWN","UNKNOWN","UNKNOWN","70953041","0","42353393","0","S64_PRP_65536","545a5cd984ca9c7c5fbc412a73deb6c5a07c68aea4b7665911c62f9890db3f27","0","0","0","430f77e57e47e8dbb5b457e8a24ea0688759ad26c02308e3737d6baca776dfce","primeforge.benchmark.raw.v1","0","2026-08-03T20:17:42Z","230702500","True","0","cuda","measure","3","4","94"
"primeforge.cpu.base2-strong-prp-u64.v1","256","c88e42426844d46fda8b2ee6e57a82030a6cad0914cc39649ba621ce5562ebf4","64","65536","0","0d51552cc9ec488f52ca898ab7347cff93352005","MSVC-195136252","C++23_RELEASE_TARGET","0","UNKNOWN","NOT_USED","0","9f31b60ef8310ea1b13072b3e355e4541af69429c8885c7c9ec94139a663a6ae","0","UNKNOWN","UNKNOWN","UNKNOWN","0","0","0","0","S64_PRP_65536","545a5cd984ca9c7c5fbc412a73deb6c5a07c68aea4b7665911c62f9890db3f27","0","11844700","0","430f77e57e47e8dbb5b457e8a24ea0688759ad26c02308e3737d6baca776dfce","primeforge.benchmark.raw.v1","0","2026-08-03T20:17:43Z","11850300","True","0","cpu","measure","3","5","95"
"primeforge.cuda.base2-strong-prp-u64.v1","1024","c88e42426844d46fda8b2ee6e57a82030a6cad0914cc39649ba621ce5562ebf4","64","65536","0","0d51552cc9ec488f52ca898ab7347cff93352005","MSVC-195136252","C++23_RELEASE_TARGET","0","UNKNOWN","13.3.73","2928671","9f31b60ef8310ea1b13072b3e355e4541af69429c8885c7c9ec94139a663a6ae","0","UNKNOWN","UNKNOWN","UNKNOWN","2413088","0","1444288","0","S64_PRP_65536","545a5cd984ca9c7c5fbc412a73deb6c5a07c68aea4b7665911c62f9890db3f27","0","0","0","430f77e57e47e8dbb5b457e8a24ea0688759ad26c02308e3737d6baca776dfce","primeforge.benchmark.raw.v1","0","2026-08-03T20:17:44Z","7244600","True","0","cuda","measure","3","6","96"
"primeforge.cpu.base2-strong-prp-u64.v1","4096","c88e42426844d46fda8b2ee6e57a82030a6cad0914cc39649ba621ce5562ebf4","64","65536","0","0d51552cc9ec488f52ca898ab7347cff93352005","MSVC-195136252","C++23_RELEASE_TARGET","0","UNKNOWN","NOT_USED","0","9f31b60ef8310ea1b13072b3e355e4541af69429c8885c7c9ec94139a663a6ae","0","UNKNOWN","UNKNOWN","UNKNOWN","0","0","0","0","S64_PRP_65536","545a5cd984ca9c7c5fbc412a73deb6c5a07c68aea4b7665911c62f9890db3f27","0","11234100","0","430f77e57e47e8dbb5b457e8a24ea0688759ad26c02308e3737d6baca776dfce","primeforge.benchmark.raw.v1","0","2026-08-03T20:17:45Z","11236300","True","0","cpu","measure","3","7","97"
"primeforge.cuda.base2-strong-prp-u64.v1","8192","c88e42426844d46fda8b2ee6e57a82030a6cad0914cc39649ba621ce5562ebf4","64","65536","0","0d51552cc9ec488f52ca898ab7347cff93352005","MSVC-195136252","C++23_RELEASE_TARGET","0","UNKNOWN","13.3.73","420895","9f31b60ef8310ea1b13072b3e355e4541af69429c8885c7c9ec94139a663a6ae","0","UNKNOWN","UNKNOWN","UNKNOWN","341664","0","135904","0","S64_PRP_65536","545a5cd984ca9c7c5fbc412a73deb6c5a07c68aea4b7665911c62f9890db3f27","0","0","0","430f77e57e47e8dbb5b457e8a24ea0688759ad26c02308e3737d6baca776dfce","primeforge.benchmark.raw.v1","0","2026-08-03T20:17:46Z","1004500","True","0","cuda","measure","3","8","98"
"primeforge.cpu.base2-strong-prp-u64.v1","8192","c88e42426844d46fda8b2ee6e57a82030a6cad0914cc39649ba621ce5562ebf4","64","65536","0","0d51552cc9ec488f52ca898ab7347cff93352005","MSVC-195136252","C++23_RELEASE_TARGET","0","UNKNOWN","NOT_USED","0","9f31b60ef8310ea1b13072b3e355e4541af69429c8885c7c9ec94139a663a6ae","0","UNKNOWN","UNKNOWN","UNKNOWN","0","0","0","0","S64_PRP_65536","545a5cd984ca9c7c5fbc412a73deb6c5a07c68aea4b7665911c62f9890db3f27","0","10488000","0","430f77e57e47e8dbb5b457e8a24ea0688759ad26c02308e3737d6baca776dfce","primeforge.benchmark.raw.v1","0","2026-08-03T20:17:47Z","10489400","True","0","cpu","measure","3","9","99"
"primeforge.auto.cpu-cuda.base2-strong-prp-u64.v1[min=512]","4096","c88e42426844d46fda8b2ee6e57a82030a6cad0914cc39649ba621ce5562ebf4","64","65536","0","0d51552cc9ec488f52ca898ab7347cff93352005","MSVC-195136252","C++23_RELEASE_TARGET","0","UNKNOWN","13.3.73","766912","9f31b60ef8310ea1b13072b3e355e4541af69429c8885c7c9ec94139a663a6ae","0","UNKNOWN","UNKNOWN","UNKNOWN","565408","0","349566","0","S64_PRP_65536","545a5cd984ca9c7c5fbc412a73deb6c5a07c68aea4b7665911c62f9890db3f27","0","0","0","430f77e57e47e8dbb5b457e8a24ea0688759ad26c02308e3737d6baca776dfce","primeforge.benchmark.raw.v1","0","2026-08-03T20:17:48Z","1802200","True","0","auto","measure","3","10","100"
"primeforge.cuda.base2-strong-prp-u64.v1","16384","c88e42426844d46fda8b2ee6e57a82030a6cad0914cc39649ba621ce5562ebf4","64","65536","0","0d51552cc9ec488f52ca898ab7347cff93352005","MSVC-195136252","C++23_RELEASE_TARGET","0","UNKNOWN","13.3.73","156768","9f31b60ef8310ea1b13072b3e355e4541af69429c8885c7c9ec94139a663a6ae","0","UNKNOWN","UNKNOWN","UNKNOWN","59488","0","115328","0","S64_PRP_65536","545a5cd984ca9c7c5fbc412a73deb6c5a07c68aea4b7665911c62f9890db3f27","0","0","0","430f77e57e47e8dbb5b457e8a24ea0688759ad26c02308e3737d6baca776dfce","primeforge.benchmark.raw.v1","0","2026-08-03T20:17:49Z","384200","True","0","cuda","measure","3","11","101"
"primeforge.auto.cpu-cuda.base2-strong-prp-u64.v1[min=512]","64","c88e42426844d46fda8b2ee6e57a82030a6cad0914cc39649ba621ce5562ebf4","64","65536","0","0d51552cc9ec488f52ca898ab7347cff93352005","MSVC-195136252","C++23_RELEASE_TARGET","0","UNKNOWN","NOT_USED","0","9f31b60ef8310ea1b13072b3e355e4541af69429c8885c7c9ec94139a663a6ae","0","UNKNOWN","UNKNOWN","UNKNOWN","0","0","0","0","S64_PRP_65536","545a5cd984ca9c7c5fbc412a73deb6c5a07c68aea4b7665911c62f9890db3f27","0","11569700","0","430f77e57e47e8dbb5b457e8a24ea0688759ad26c02308e3737d6baca776dfce","primeforge.benchmark.raw.v1","0","2026-08-03T20:17:50Z","11594700","True","0","auto","measure","3","12","102"
"primeforge.cuda.base2-strong-prp-u64.v1","512","c88e42426844d46fda8b2ee6e57a82030a6cad0914cc39649ba621ce5562ebf4","64","65536","0","0d51552cc9ec488f52ca898ab7347cff93352005","MSVC-195136252","C++23_RELEASE_TARGET","0","UNKNOWN","13.3.73","6377726","9f31b60ef8310ea1b13072b3e355e4541af69429c8885c7c9ec94139a663a6ae","0","UNKNOWN","UNKNOWN","UNKNOWN","4164512","0","2878877","0","S64_PRP_65536","545a5cd984ca9c7c5fbc412a73deb6c5a07c68aea4b7665911c62f9890db3f27","0","0","0","430f77e57e47e8dbb5b457e8a24ea0688759ad26c02308e3737d6baca776dfce","primeforge.benchmark.raw.v1","0","2026-08-03T20:17:51Z","14287000","True","0","cuda","measure","3","13","103"
"primeforge.auto.cpu-cuda.base2-strong-prp-u64.v1[min=512]","1024","c88e42426844d46fda8b2ee6e57a82030a6cad0914cc39649ba621ce5562ebf4","64","65536","0","0d51552cc9ec488f52ca898ab7347cff93352005","MSVC-195136252","C++23_RELEASE_TARGET","0","UNKNOWN","13.3.73","3189567","9f31b60ef8310ea1b13072b3e355e4541af69429c8885c7c9ec94139a663a6ae","0","UNKNOWN","UNKNOWN","UNKNOWN","1895456","0","1504287","0","S64_PRP_65536","545a5cd984ca9c7c5fbc412a73deb6c5a07c68aea4b7665911c62f9890db3f27","0","0","0","430f77e57e47e8dbb5b457e8a24ea0688759ad26c02308e3737d6baca776dfce","primeforge.benchmark.raw.v1","0","2026-08-03T20:17:52Z","7210000","True","0","auto","measure","3","14","104"
"primeforge.auto.cpu-cuda.base2-strong-prp-u64.v1[min=512]","8192","c88e42426844d46fda8b2ee6e57a82030a6cad0914cc39649ba621ce5562ebf4","64","65536","0","0d51552cc9ec488f52ca898ab7347cff93352005","MSVC-195136252","C++23_RELEASE_TARGET","0","UNKNOWN","13.3.73","390816","9f31b60ef8310ea1b13072b3e355e4541af69429c8885c7c9ec94139a663a6ae","0","UNKNOWN","UNKNOWN","UNKNOWN","293184","0","132672","0","S64_PRP_65536","545a5cd984ca9c7c5fbc412a73deb6c5a07c68aea4b7665911c62f9890db3f27","0","0","0","430f77e57e47e8dbb5b457e8a24ea0688759ad26c02308e3737d6baca776dfce","primeforge.benchmark.raw.v1","0","2026-08-03T20:17:53Z","899900","True","0","auto","measure","3","15","105"
"primeforge.auto.cpu-cuda.base2-strong-prp-u64.v1[min=512]","2048","c88e42426844d46fda8b2ee6e57a82030a6cad0914cc39649ba621ce5562ebf4","64","65536","0","0d51552cc9ec488f52ca898ab7347cff93352005","MSVC-195136252","C++23_RELEASE_TARGET","0","UNKNOWN","13.3.73","1537184","9f31b60ef8310ea1b13072b3e355e4541af69429c8885c7c9ec94139a663a6ae","0","UNKNOWN","UNKNOWN","UNKNOWN","988928","0","592288","0","S64_PRP_65536","545a5cd984ca9c7c5fbc412a73deb6c5a07c68aea4b7665911c62f9890db3f27","0","0","0","430f77e57e47e8dbb5b457e8a24ea0688759ad26c02308e3737d6baca776dfce","primeforge.benchmark.raw.v1","0","2026-08-03T20:17:54Z","3342000","True","0","auto","measure","3","16","106"
"primeforge.auto.cpu-cuda.base2-strong-prp-u64.v1[min=512]","16384","c88e42426844d46fda8b2ee6e57a82030a6cad0914cc39649ba621ce5562ebf4","64","65536","0","0d51552cc9ec488f52ca898ab7347cff93352005","MSVC-195136252","C++23_RELEASE_TARGET","0","UNKNOWN","13.3.73","246816","9f31b60ef8310ea1b13072b3e355e4541af69429c8885c7c9ec94139a663a6ae","0","UNKNOWN","UNKNOWN","UNKNOWN","80031","0","372096","0","S64_PRP_65536","545a5cd984ca9c7c5fbc412a73deb6c5a07c68aea4b7665911c62f9890db3f27","0","0","0","430f77e57e47e8dbb5b457e8a24ea0688759ad26c02308e3737d6baca776dfce","primeforge.benchmark.raw.v1","0","2026-08-03T20:17:55Z","804600","True","0","auto","measure","3","17","107"
"primeforge.cuda.base2-strong-prp-u64.v1","4096","c88e42426844d46fda8b2ee6e57a82030a6cad0914cc39649ba621ce5562ebf4","64","65536","0","0d51552cc9ec488f52ca898ab7347cff93352005","MSVC-195136252","C++23_RELEASE_TARGET","0","UNKNOWN","13.3.73","760544","9f31b60ef8310ea1b13072b3e355e4541af69429c8885c7c9ec94139a663a6ae","0","UNKNOWN","UNKNOWN","UNKNOWN","533504","0","347295","0","S64_PRP_65536","545a5cd984ca9c7c5fbc412a73deb6c5a07c68aea4b7665911c62f9890db3f27","0","0","0","430f77e57e47e8dbb5b457e8a24ea0688759ad26c02308e3737d6baca776dfce","primeforge.benchmark.raw.v1","0","2026-08-03T20:17:56Z","1769500","True","0","cuda","measure","3","18","108"
"primeforge.cuda.base2-strong-prp-u64.v1","2048","c88e42426844d46fda8b2ee6e57a82030a6cad0914cc39649ba621ce5562ebf4","64","65536","0","0d51552cc9ec488f52ca898ab7347cff93352005","MSVC-195136252","C++23_RELEASE_TARGET","0","UNKNOWN","13.3.73","1487968","9f31b60ef8310ea1b13072b3e355e4541af69429c8885c7c9ec94139a663a6ae","0","UNKNOWN","UNKNOWN","UNKNOWN","1287135","0","638880","0","S64_PRP_65536","545a5cd984ca9c7c5fbc412a73deb6c5a07c68aea4b7665911c62f9890db3f27","0","0","0","430f77e57e47e8dbb5b457e8a24ea0688759ad26c02308e3737d6baca776dfce","primeforge.benchmark.raw.v1","0","2026-08-03T20:17:57Z","3640500","True","0","cuda","measure","3","19","109"
"primeforge.cpu.base2-strong-prp-u64.v1","64","c88e42426844d46fda8b2ee6e57a82030a6cad0914cc39649ba621ce5562ebf4","64","65536","0","0d51552cc9ec488f52ca898ab7347cff93352005","MSVC-195136252","C++23_RELEASE_TARGET","0","UNKNOWN","NOT_USED","0","9f31b60ef8310ea1b13072b3e355e4541af69429c8885c7c9ec94139a663a6ae","0","UNKNOWN","UNKNOWN","UNKNOWN","0","0","0","0","S64_PRP_65536","545a5cd984ca9c7c5fbc412a73deb6c5a07c68aea4b7665911c62f9890db3f27","0","11889300","0","430f77e57e47e8dbb5b457e8a24ea0688759ad26c02308e3737d6baca776dfce","primeforge.benchmark.raw.v1","0","2026-08-03T20:17:58Z","11912500","True","0","cpu","measure","3","20","110"
"primeforge.auto.cpu-cuda.base2-strong-prp-u64.v1[min=512]","512","c88e42426844d46fda8b2ee6e57a82030a6cad0914cc39649ba621ce5562ebf4","64","65536","0","0d51552cc9ec488f52ca898ab7347cff93352005","MSVC-195136252","C++23_RELEASE_TARGET","0","UNKNOWN","13.3.73","6536415","9f31b60ef8310ea1b13072b3e355e4541af69429c8885c7c9ec94139a663a6ae","0","UNKNOWN","UNKNOWN","UNKNOWN","5179040","0","3604032","0","S64_PRP_65536","545a5cd984ca9c7c5fbc412a73deb6c5a07c68aea4b7665911c62f9890db3f27","0","0","0","430f77e57e47e8dbb5b457e8a24ea0688759ad26c02308e3737d6baca776dfce","primeforge.benchmark.raw.v1","0","2026-08-03T20:17:59Z","16400800","True","0","auto","measure","3","21","111"
"primeforge.auto.cpu-cuda.base2-strong-prp-u64.v1[min=512]","128","c88e42426844d46fda8b2ee6e57a82030a6cad0914cc39649ba621ce5562ebf4","64","65536","0","0d51552cc9ec488f52ca898ab7347cff93352005","MSVC-195136252","C++23_RELEASE_TARGET","0","UNKNOWN","NOT_USED","0","9f31b60ef8310ea1b13072b3e355e4541af69429c8885c7c9ec94139a663a6ae","0","UNKNOWN","UNKNOWN","UNKNOWN","0","0","0","0","S64_PRP_65536","545a5cd984ca9c7c5fbc412a73deb6c5a07c68aea4b7665911c62f9890db3f27","0","11596900","0","430f77e57e47e8dbb5b457e8a24ea0688759ad26c02308e3737d6baca776dfce","primeforge.benchmark.raw.v1","0","2026-08-03T20:18:00Z","11611200","True","0","auto","measure","3","22","112"
"primeforge.auto.cpu-cuda.base2-strong-prp-u64.v1[min=512]","32","c88e42426844d46fda8b2ee6e57a82030a6cad0914cc39649ba621ce5562ebf4","64","65536","0","0d51552cc9ec488f52ca898ab7347cff93352005","MSVC-195136252","C++23_RELEASE_TARGET","0","UNKNOWN","NOT_USED","0","9f31b60ef8310ea1b13072b3e355e4541af69429c8885c7c9ec94139a663a6ae","0","UNKNOWN","UNKNOWN","UNKNOWN","0","0","0","0","S64_PRP_65536","545a5cd984ca9c7c5fbc412a73deb6c5a07c68aea4b7665911c62f9890db3f27","0","12020900","0","430f77e57e47e8dbb5b457e8a24ea0688759ad26c02308e3737d6baca776dfce","primeforge.benchmark.raw.v1","0","2026-08-03T20:18:01Z","12073300","True","0","auto","measure","3","23","113"
"primeforge.cuda.base2-strong-prp-u64.v1","64","c88e42426844d46fda8b2ee6e57a82030a6cad0914cc39649ba621ce5562ebf4","64","65536","0","0d51552cc9ec488f52ca898ab7347cff93352005","MSVC-195136252","C++23_RELEASE_TARGET","0","UNKNOWN","13.3.73","47500467","9f31b60ef8310ea1b13072b3e355e4541af69429c8885c7c9ec94139a663a6ae","0","UNKNOWN","UNKNOWN","UNKNOWN","35379993","0","20310357","0","S64_PRP_65536","545a5cd984ca9c7c5fbc412a73deb6c5a07c68aea4b7665911c62f9890db3f27","0","0","0","430f77e57e47e8dbb5b457e8a24ea0688759ad26c02308e3737d6baca776dfce","primeforge.benchmark.raw.v1","0","2026-08-03T20:18:02Z","110065200","True","0","cuda","measure","3","24","114"
"primeforge.cpu.base2-strong-prp-u64.v1","128","c88e42426844d46fda8b2ee6e57a82030a6cad0914cc39649ba621ce5562ebf4","64","65536","0","0d51552cc9ec488f52ca898ab7347cff93352005","MSVC-195136252","C++23_RELEASE_TARGET","0","UNKNOWN","NOT_USED","0","9f31b60ef8310ea1b13072b3e355e4541af69429c8885c7c9ec94139a663a6ae","0","UNKNOWN","UNKNOWN","UNKNOWN","0","0","0","0","S64_PRP_65536","545a5cd984ca9c7c5fbc412a73deb6c5a07c68aea4b7665911c62f9890db3f27","0","11596600","0","430f77e57e47e8dbb5b457e8a24ea0688759ad26c02308e3737d6baca776dfce","primeforge.benchmark.raw.v1","0","2026-08-03T20:18:03Z","11608500","True","0","cpu","measure","3","25","115"
"primeforge.cuda.base2-strong-prp-u64.v1","128","c88e42426844d46fda8b2ee6e57a82030a6cad0914cc39649ba621ce5562ebf4","64","65536","0","0d51552cc9ec488f52ca898ab7347cff93352005","MSVC-195136252","C++23_RELEASE_TARGET","0","UNKNOWN","13.3.73","24729910","9f31b60ef8310ea1b13072b3e355e4541af69429c8885c7c9ec94139a663a6ae","0","UNKNOWN","UNKNOWN","UNKNOWN","19045691","0","10561144","0","S64_PRP_65536","545a5cd984ca9c7c5fbc412a73deb6c5a07c68aea4b7665911c62f9890db3f27","0","0","0","430f77e57e47e8dbb5b457e8a24ea0688759ad26c02308e3737d6baca776dfce","primeforge.benchmark.raw.v1","0","2026-08-03T20:18:04Z","57692000","True","0","cuda","measure","3","26","116"
"primeforge.cpu.base2-strong-prp-u64.v1","16384","c88e42426844d46fda8b2ee6e57a82030a6cad0914cc39649ba621ce5562ebf4","64","65536","0","0d51552cc9ec488f52ca898ab7347cff93352005","MSVC-195136252","C++23_RELEASE_TARGET","0","UNKNOWN","NOT_USED","0","9f31b60ef8310ea1b13072b3e355e4541af69429c8885c7c9ec94139a663a6ae","0","UNKNOWN","UNKNOWN","UNKNOWN","0","0","0","0","S64_PRP_65536","545a5cd984ca9c7c5fbc412a73deb6c5a07c68aea4b7665911c62f9890db3f27","0","5438900","0","430f77e57e47e8dbb5b457e8a24ea0688759ad26c02308e3737d6baca776dfce","primeforge.benchmark.raw.v1","0","2026-08-03T20:18:05Z","5439700","True","0","cpu","measure","3","27","117"
"primeforge.cpu.base2-strong-prp-u64.v1","1024","c88e42426844d46fda8b2ee6e57a82030a6cad0914cc39649ba621ce5562ebf4","64","65536","0","0d51552cc9ec488f52ca898ab7347cff93352005","MSVC-195136252","C++23_RELEASE_TARGET","0","UNKNOWN","NOT_USED","0","9f31b60ef8310ea1b13072b3e355e4541af69429c8885c7c9ec94139a663a6ae","0","UNKNOWN","UNKNOWN","UNKNOWN","0","0","0","0","S64_PRP_65536","545a5cd984ca9c7c5fbc412a73deb6c5a07c68aea4b7665911c62f9890db3f27","0","15771500","0","430f77e57e47e8dbb5b457e8a24ea0688759ad26c02308e3737d6baca776dfce","primeforge.benchmark.raw.v1","0","2026-08-03T20:18:06Z","15779400","True","0","cpu","measure","3","28","118"
"primeforge.cpu.base2-strong-prp-u64.v1","32","c88e42426844d46fda8b2ee6e57a82030a6cad0914cc39649ba621ce5562ebf4","64","65536","0","0d51552cc9ec488f52ca898ab7347cff93352005","MSVC-195136252","C++23_RELEASE_TARGET","0","UNKNOWN","NOT_USED","0","9f31b60ef8310ea1b13072b3e355e4541af69429c8885c7c9ec94139a663a6ae","0","UNKNOWN","UNKNOWN","UNKNOWN","0","0","0","0","S64_PRP_65536","545a5cd984ca9c7c5fbc412a73deb6c5a07c68aea4b7665911c62f9890db3f27","0","11699900","0","430f77e57e47e8dbb5b457e8a24ea0688759ad26c02308e3737d6baca776dfce","primeforge.benchmark.raw.v1","0","2026-08-03T20:18:07Z","11744900","True","0","cpu","measure","3","29","119"
"primeforge.cuda.base2-strong-prp-u64.v1","256","c88e42426844d46fda8b2ee6e57a82030a6cad0914cc39649ba621ce5562ebf4","64","65536","0","0d51552cc9ec488f52ca898ab7347cff93352005","MSVC-195136252","C++23_RELEASE_TARGET","0","UNKNOWN","13.3.73","12932446","9f31b60ef8310ea1b13072b3e355e4541af69429c8885c7c9ec94139a663a6ae","0","UNKNOWN","UNKNOWN","UNKNOWN","9322944","0","7165109","0","S64_PRP_65536","545a5cd984ca9c7c5fbc412a73deb6c5a07c68aea4b7665911c62f9890db3f27","0","0","0","430f77e57e47e8dbb5b457e8a24ea0688759ad26c02308e3737d6baca776dfce","primeforge.benchmark.raw.v1","0","2026-08-03T20:18:08Z","31165100","True","0","cuda","measure","3","30","120"
"primeforge.cuda.base2-strong-prp-u64.v1","1024","c88e42426844d46fda8b2ee6e57a82030a6cad0914cc39649ba621ce5562ebf4","64","65536","0","0d51552cc9ec488f52ca898ab7347cff93352005","MSVC-195136252","C++23_RELEASE_TARGET","0","UNKNOWN","13.3.73","3066687","9f31b60ef8310ea1b13072b3e355e4541af69429c8885c7c9ec94139a663a6ae","0","UNKNOWN","UNKNOWN","UNKNOWN","2229471","0","1451516","0","S64_PRP_65536","545a5cd984ca9c7c5fbc412a73deb6c5a07c68aea4b7665911c62f9890db3f27","0","0","0","430f77e57e47e8dbb5b457e8a24ea0688759ad26c02308e3737d6baca776dfce","primeforge.benchmark.raw.v1","0","2026-08-03T20:18:09Z","7338400","True","0","cuda","measure","4","1","121"
"primeforge.cpu.base2-strong-prp-u64.v1","32","c88e42426844d46fda8b2ee6e57a82030a6cad0914cc39649ba621ce5562ebf4","64","65536","0","0d51552cc9ec488f52ca898ab7347cff93352005","MSVC-195136252","C++23_RELEASE_TARGET","0","UNKNOWN","NOT_USED","0","9f31b60ef8310ea1b13072b3e355e4541af69429c8885c7c9ec94139a663a6ae","0","UNKNOWN","UNKNOWN","UNKNOWN","0","0","0","0","S64_PRP_65536","545a5cd984ca9c7c5fbc412a73deb6c5a07c68aea4b7665911c62f9890db3f27","0","11695500","0","430f77e57e47e8dbb5b457e8a24ea0688759ad26c02308e3737d6baca776dfce","primeforge.benchmark.raw.v1","0","2026-08-03T20:18:10Z","11740200","True","0","cpu","measure","4","2","122"
"primeforge.auto.cpu-cuda.base2-strong-prp-u64.v1[min=512]","2048","c88e42426844d46fda8b2ee6e57a82030a6cad0914cc39649ba621ce5562ebf4","64","65536","0","0d51552cc9ec488f52ca898ab7347cff93352005","MSVC-195136252","C++23_RELEASE_TARGET","0","UNKNOWN","13.3.73","1559520","9f31b60ef8310ea1b13072b3e355e4541af69429c8885c7c9ec94139a663a6ae","0","UNKNOWN","UNKNOWN","UNKNOWN","1524480","0","680960","0","S64_PRP_65536","545a5cd984ca9c7c5fbc412a73deb6c5a07c68aea4b7665911c62f9890db3f27","0","0","0","430f77e57e47e8dbb5b457e8a24ea0688759ad26c02308e3737d6baca776dfce","primeforge.benchmark.raw.v1","0","2026-08-03T20:18:11Z","4014900","True","0","auto","measure","4","3","123"
"primeforge.cuda.base2-strong-prp-u64.v1","256","c88e42426844d46fda8b2ee6e57a82030a6cad0914cc39649ba621ce5562ebf4","64","65536","0","0d51552cc9ec488f52ca898ab7347cff93352005","MSVC-195136252","C++23_RELEASE_TARGET","0","UNKNOWN","13.3.73","12790235","9f31b60ef8310ea1b13072b3e355e4541af69429c8885c7c9ec94139a663a6ae","0","UNKNOWN","UNKNOWN","UNKNOWN","10849598","0","6492081","0","S64_PRP_65536","545a5cd984ca9c7c5fbc412a73deb6c5a07c68aea4b7665911c62f9890db3f27","0","0","0","430f77e57e47e8dbb5b457e8a24ea0688759ad26c02308e3737d6baca776dfce","primeforge.benchmark.raw.v1","0","2026-08-03T20:18:12Z","31797600","True","0","cuda","measure","4","4","124"
"primeforge.auto.cpu-cuda.base2-strong-prp-u64.v1[min=512]","64","c88e42426844d46fda8b2ee6e57a82030a6cad0914cc39649ba621ce5562ebf4","64","65536","0","0d51552cc9ec488f52ca898ab7347cff93352005","MSVC-195136252","C++23_RELEASE_TARGET","0","UNKNOWN","NOT_USED","0","9f31b60ef8310ea1b13072b3e355e4541af69429c8885c7c9ec94139a663a6ae","0","UNKNOWN","UNKNOWN","UNKNOWN","0","0","0","0","S64_PRP_65536","545a5cd984ca9c7c5fbc412a73deb6c5a07c68aea4b7665911c62f9890db3f27","0","11831100","0","430f77e57e47e8dbb5b457e8a24ea0688759ad26c02308e3737d6baca776dfce","primeforge.benchmark.raw.v1","0","2026-08-03T20:18:13Z","11856800","True","0","auto","measure","4","5","125"
"primeforge.cuda.base2-strong-prp-u64.v1","512","c88e42426844d46fda8b2ee6e57a82030a6cad0914cc39649ba621ce5562ebf4","64","65536","0","0d51552cc9ec488f52ca898ab7347cff93352005","MSVC-195136252","C++23_RELEASE_TARGET","0","UNKNOWN","13.3.73","6468800","9f31b60ef8310ea1b13072b3e355e4541af69429c8885c7c9ec94139a663a6ae","0","UNKNOWN","UNKNOWN","UNKNOWN","5666080","0","3223899","0","S64_PRP_65536","545a5cd984ca9c7c5fbc412a73deb6c5a07c68aea4b7665911c62f9890db3f27","0","0","0","430f77e57e47e8dbb5b457e8a24ea0688759ad26c02308e3737d6baca776dfce","primeforge.benchmark.raw.v1","0","2026-08-03T20:18:14Z","16225500","True","0","cuda","measure","4","6","126"
"primeforge.cpu.base2-strong-prp-u64.v1","64","c88e42426844d46fda8b2ee6e57a82030a6cad0914cc39649ba621ce5562ebf4","64","65536","0","0d51552cc9ec488f52ca898ab7347cff93352005","MSVC-195136252","C++23_RELEASE_TARGET","0","UNKNOWN","NOT_USED","0","9f31b60ef8310ea1b13072b3e355e4541af69429c8885c7c9ec94139a663a6ae","0","UNKNOWN","UNKNOWN","UNKNOWN","0","0","0","0","S64_PRP_65536","545a5cd984ca9c7c5fbc412a73deb6c5a07c68aea4b7665911c62f9890db3f27","0","11671400","0","430f77e57e47e8dbb5b457e8a24ea0688759ad26c02308e3737d6baca776dfce","primeforge.benchmark.raw.v1","0","2026-08-03T20:18:15Z","11695200","True","0","cpu","measure","4","7","127"
"primeforge.auto.cpu-cuda.base2-strong-prp-u64.v1[min=512]","16384","c88e42426844d46fda8b2ee6e57a82030a6cad0914cc39649ba621ce5562ebf4","64","65536","0","0d51552cc9ec488f52ca898ab7347cff93352005","MSVC-195136252","C++23_RELEASE_TARGET","0","UNKNOWN","13.3.73","288544","9f31b60ef8310ea1b13072b3e355e4541af69429c8885c7c9ec94139a663a6ae","0","UNKNOWN","UNKNOWN","UNKNOWN","103071","0","358272","0","S64_PRP_65536","545a5cd984ca9c7c5fbc412a73deb6c5a07c68aea4b7665911c62f9890db3f27","0","0","0","430f77e57e47e8dbb5b457e8a24ea0688759ad26c02308e3737d6baca776dfce","primeforge.benchmark.raw.v1","0","2026-08-03T20:18:16Z","806300","True","0","auto","measure","4","8","128"
"primeforge.cpu.base2-strong-prp-u64.v1","16384","c88e42426844d46fda8b2ee6e57a82030a6cad0914cc39649ba621ce5562ebf4","64","65536","0","0d51552cc9ec488f52ca898ab7347cff93352005","MSVC-195136252","C++23_RELEASE_TARGET","0","UNKNOWN","NOT_USED","0","9f31b60ef8310ea1b13072b3e355e4541af69429c8885c7c9ec94139a663a6ae","0","UNKNOWN","UNKNOWN","UNKNOWN","0","0","0","0","S64_PRP_65536","545a5cd984ca9c7c5fbc412a73deb6c5a07c68aea4b7665911c62f9890db3f27","0","5454900","0","430f77e57e47e8dbb5b457e8a24ea0688759ad26c02308e3737d6baca776dfce","primeforge.benchmark.raw.v1","0","2026-08-03T20:18:17Z","5455800","True","0","cpu","measure","4","9","129"
"primeforge.cuda.base2-strong-prp-u64.v1","32","c88e42426844d46fda8b2ee6e57a82030a6cad0914cc39649ba621ce5562ebf4","64","65536","0","0d51552cc9ec488f52ca898ab7347cff93352005","MSVC-195136252","C++23_RELEASE_TARGET","0","UNKNOWN","13.3.73","111831139","9f31b60ef8310ea1b13072b3e355e4541af69429c8885c7c9ec94139a663a6ae","0","UNKNOWN","UNKNOWN","UNKNOWN","90652179","0","45189946","0","S64_PRP_65536","545a5cd984ca9c7c5fbc412a73deb6c5a07c68aea4b7665911c62f9890db3f27","0","0","0","430f77e57e47e8dbb5b457e8a24ea0688759ad26c02308e3737d6baca776dfce","primeforge.benchmark.raw.v1","0","2026-08-03T20:18:19Z","262009500","True","0","cuda","measure","4","10","130"
"primeforge.cuda.base2-strong-prp-u64.v1","4096","c88e42426844d46fda8b2ee6e57a82030a6cad0914cc39649ba621ce5562ebf4","64","65536","0","0d51552cc9ec488f52ca898ab7347cff93352005","MSVC-195136252","C++23_RELEASE_TARGET","0","UNKNOWN","13.3.73","719616","9f31b60ef8310ea1b13072b3e355e4541af69429c8885c7c9ec94139a663a6ae","0","UNKNOWN","UNKNOWN","UNKNOWN","487615","0","323711","0","S64_PRP_65536","545a5cd984ca9c7c5fbc412a73deb6c5a07c68aea4b7665911c62f9890db3f27","0","0","0","430f77e57e47e8dbb5b457e8a24ea0688759ad26c02308e3737d6baca776dfce","primeforge.benchmark.raw.v1","0","2026-08-03T20:18:19Z","1659100","True","0","cuda","measure","4","11","131"
"primeforge.cuda.base2-strong-prp-u64.v1","8192","c88e42426844d46fda8b2ee6e57a82030a6cad0914cc39649ba621ce5562ebf4","64","65536","0","0d51552cc9ec488f52ca898ab7347cff93352005","MSVC-195136252","C++23_RELEASE_TARGET","0","UNKNOWN","13.3.73","462560","9f31b60ef8310ea1b13072b3e355e4541af69429c8885c7c9ec94139a663a6ae","0","UNKNOWN","UNKNOWN","UNKNOWN","222656","0","161696","0","S64_PRP_65536","545a5cd984ca9c7c5fbc412a73deb6c5a07c68aea4b7665911c62f9890db3f27","0","0","0","430f77e57e47e8dbb5b457e8a24ea0688759ad26c02308e3737d6baca776dfce","primeforge.benchmark.raw.v1","0","2026-08-03T20:18:20Z","922600","True","0","cuda","measure","4","12","132"
"primeforge.cuda.base2-strong-prp-u64.v1","64","c88e42426844d46fda8b2ee6e57a82030a6cad0914cc39649ba621ce5562ebf4","64","65536","0","0d51552cc9ec488f52ca898ab7347cff93352005","MSVC-195136252","C++23_RELEASE_TARGET","0","UNKNOWN","13.3.73","51177740","9f31b60ef8310ea1b13072b3e355e4541af69429c8885c7c9ec94139a663a6ae","0","UNKNOWN","UNKNOWN","UNKNOWN","41071312","0","21496912","0","S64_PRP_65536","545a5cd984ca9c7c5fbc412a73deb6c5a07c68aea4b7665911c62f9890db3f27","0","0","0","430f77e57e47e8dbb5b457e8a24ea0688759ad26c02308e3737d6baca776dfce","primeforge.benchmark.raw.v1","0","2026-08-03T20:18:22Z","120641100","True","0","cuda","measure","4","13","133"
"primeforge.auto.cpu-cuda.base2-strong-prp-u64.v1[min=512]","128","c88e42426844d46fda8b2ee6e57a82030a6cad0914cc39649ba621ce5562ebf4","64","65536","0","0d51552cc9ec488f52ca898ab7347cff93352005","MSVC-195136252","C++23_RELEASE_TARGET","0","UNKNOWN","NOT_USED","0","9f31b60ef8310ea1b13072b3e355e4541af69429c8885c7c9ec94139a663a6ae","0","UNKNOWN","UNKNOWN","UNKNOWN","0","0","0","0","S64_PRP_65536","545a5cd984ca9c7c5fbc412a73deb6c5a07c68aea4b7665911c62f9890db3f27","0","11582400","0","430f77e57e47e8dbb5b457e8a24ea0688759ad26c02308e3737d6baca776dfce","primeforge.benchmark.raw.v1","0","2026-08-03T20:18:22Z","11594900","True","0","auto","measure","4","14","134"
"primeforge.cpu.base2-strong-prp-u64.v1","8192","c88e42426844d46fda8b2ee6e57a82030a6cad0914cc39649ba621ce5562ebf4","64","65536","0","0d51552cc9ec488f52ca898ab7347cff93352005","MSVC-195136252","C++23_RELEASE_TARGET","0","UNKNOWN","NOT_USED","0","9f31b60ef8310ea1b13072b3e355e4541af69429c8885c7c9ec94139a663a6ae","0","UNKNOWN","UNKNOWN","UNKNOWN","0","0","0","0","S64_PRP_65536","545a5cd984ca9c7c5fbc412a73deb6c5a07c68aea4b7665911c62f9890db3f27","0","10991500","0","430f77e57e47e8dbb5b457e8a24ea0688759ad26c02308e3737d6baca776dfce","primeforge.benchmark.raw.v1","0","2026-08-03T20:18:23Z","10993000","True","0","cpu","measure","4","15","135"
"primeforge.cuda.base2-strong-prp-u64.v1","128","c88e42426844d46fda8b2ee6e57a82030a6cad0914cc39649ba621ce5562ebf4","64","65536","0","0d51552cc9ec488f52ca898ab7347cff93352005","MSVC-195136252","C++23_RELEASE_TARGET","0","UNKNOWN","13.3.73","26478166","9f31b60ef8310ea1b13072b3e355e4541af69429c8885c7c9ec94139a663a6ae","0","UNKNOWN","UNKNOWN","UNKNOWN","21270845","0","11234352","0","S64_PRP_65536","545a5cd984ca9c7c5fbc412a73deb6c5a07c68aea4b7665911c62f9890db3f27","0","0","0","430f77e57e47e8dbb5b457e8a24ea0688759ad26c02308e3737d6baca776dfce","primeforge.benchmark.raw.v1","0","2026-08-03T20:18:25Z","62509200","True","0","cuda","measure","4","16","136"
"primeforge.cpu.base2-strong-prp-u64.v1","2048","c88e42426844d46fda8b2ee6e57a82030a6cad0914cc39649ba621ce5562ebf4","64","65536","0","0d51552cc9ec488f52ca898ab7347cff93352005","MSVC-195136252","C++23_RELEASE_TARGET","0","UNKNOWN","NOT_USED","0","9f31b60ef8310ea1b13072b3e355e4541af69429c8885c7c9ec94139a663a6ae","0","UNKNOWN","UNKNOWN","UNKNOWN","0","0","0","0","S64_PRP_65536","545a5cd984ca9c7c5fbc412a73deb6c5a07c68aea4b7665911c62f9890db3f27","0","12926400","0","430f77e57e47e8dbb5b457e8a24ea0688759ad26c02308e3737d6baca776dfce","primeforge.benchmark.raw.v1","0","2026-08-03T20:18:25Z","12930300","True","0","cpu","measure","4","17","137"
"primeforge.auto.cpu-cuda.base2-strong-prp-u64.v1[min=512]","4096","c88e42426844d46fda8b2ee6e57a82030a6cad0914cc39649ba621ce5562ebf4","64","65536","0","0d51552cc9ec488f52ca898ab7347cff93352005","MSVC-195136252","C++23_RELEASE_TARGET","0","UNKNOWN","13.3.73","1003488","9f31b60ef8310ea1b13072b3e355e4541af69429c8885c7c9ec94139a663a6ae","0","UNKNOWN","UNKNOWN","UNKNOWN","884768","0","725407","0","S64_PRP_65536","545a5cd984ca9c7c5fbc412a73deb6c5a07c68aea4b7665911c62f9890db3f27","0","0","0","430f77e57e47e8dbb5b457e8a24ea0688759ad26c02308e3737d6baca776dfce","primeforge.benchmark.raw.v1","0","2026-08-03T20:18:26Z","2742900","True","0","auto","measure","4","18","138"
"primeforge.auto.cpu-cuda.base2-strong-prp-u64.v1[min=512]","8192","c88e42426844d46fda8b2ee6e57a82030a6cad0914cc39649ba621ce5562ebf4","64","65536","0","0d51552cc9ec488f52ca898ab7347cff93352005","MSVC-195136252","C++23_RELEASE_TARGET","0","UNKNOWN","13.3.73","699808","9f31b60ef8310ea1b13072b3e355e4541af69429c8885c7c9ec94139a663a6ae","0","UNKNOWN","UNKNOWN","UNKNOWN","508768","0","159808","0","S64_PRP_65536","545a5cd984ca9c7c5fbc412a73deb6c5a07c68aea4b7665911c62f9890db3f27","0","0","0","430f77e57e47e8dbb5b457e8a24ea0688759ad26c02308e3737d6baca776dfce","primeforge.benchmark.raw.v1","0","2026-08-03T20:18:27Z","1447700","True","0","auto","measure","4","19","139"
"primeforge.cpu.base2-strong-prp-u64.v1","4096","c88e42426844d46fda8b2ee6e57a82030a6cad0914cc39649ba621ce5562ebf4","64","65536","0","0d51552cc9ec488f52ca898ab7347cff93352005","MSVC-195136252","C++23_RELEASE_TARGET","0","UNKNOWN","NOT_USED","0","9f31b60ef8310ea1b13072b3e355e4541af69429c8885c7c9ec94139a663a6ae","0","UNKNOWN","UNKNOWN","UNKNOWN","0","0","0","0","S64_PRP_65536","545a5cd984ca9c7c5fbc412a73deb6c5a07c68aea4b7665911c62f9890db3f27","0","11533400","0","430f77e57e47e8dbb5b457e8a24ea0688759ad26c02308e3737d6baca776dfce","primeforge.benchmark.raw.v1","0","2026-08-03T20:18:28Z","11536300","True","0","cpu","measure","4","20","140"
"primeforge.cpu.base2-strong-prp-u64.v1","1024","c88e42426844d46fda8b2ee6e57a82030a6cad0914cc39649ba621ce5562ebf4","64","65536","0","0d51552cc9ec488f52ca898ab7347cff93352005","MSVC-195136252","C++23_RELEASE_TARGET","0","UNKNOWN","NOT_USED","0","9f31b60ef8310ea1b13072b3e355e4541af69429c8885c7c9ec94139a663a6ae","0","UNKNOWN","UNKNOWN","UNKNOWN","0","0","0","0","S64_PRP_65536","545a5cd984ca9c7c5fbc412a73deb6c5a07c68aea4b7665911c62f9890db3f27","0","15810800","0","430f77e57e47e8dbb5b457e8a24ea0688759ad26c02308e3737d6baca776dfce","primeforge.benchmark.raw.v1","0","2026-08-03T20:18:29Z","15819200","True","0","cpu","measure","4","21","141"
"primeforge.auto.cpu-cuda.base2-strong-prp-u64.v1[min=512]","512","c88e42426844d46fda8b2ee6e57a82030a6cad0914cc39649ba621ce5562ebf4","64","65536","0","0d51552cc9ec488f52ca898ab7347cff93352005","MSVC-195136252","C++23_RELEASE_TARGET","0","UNKNOWN","13.3.73","6461119","9f31b60ef8310ea1b13072b3e355e4541af69429c8885c7c9ec94139a663a6ae","0","UNKNOWN","UNKNOWN","UNKNOWN","4441855","0","2985148","0","S64_PRP_65536","545a5cd984ca9c7c5fbc412a73deb6c5a07c68aea4b7665911c62f9890db3f27","0","0","0","430f77e57e47e8dbb5b457e8a24ea0688759ad26c02308e3737d6baca776dfce","primeforge.benchmark.raw.v1","0","2026-08-03T20:18:31Z","14893500","True","0","auto","measure","4","22","142"
"primeforge.auto.cpu-cuda.base2-strong-prp-u64.v1[min=512]","1024","c88e42426844d46fda8b2ee6e57a82030a6cad0914cc39649ba621ce5562ebf4","64","65536","0","0d51552cc9ec488f52ca898ab7347cff93352005","MSVC-195136252","C++23_RELEASE_TARGET","0","UNKNOWN","13.3.73","3560384","9f31b60ef8310ea1b13072b3e355e4541af69429c8885c7c9ec94139a663a6ae","0","UNKNOWN","UNKNOWN","UNKNOWN","2498656","0","1408190","0","S64_PRP_65536","545a5cd984ca9c7c5fbc412a73deb6c5a07c68aea4b7665911c62f9890db3f27","0","0","0","430f77e57e47e8dbb5b457e8a24ea0688759ad26c02308e3737d6baca776dfce","primeforge.benchmark.raw.v1","0","2026-08-03T20:18:32Z","8004200","True","0","auto","measure","4","23","143"
"primeforge.cpu.base2-strong-prp-u64.v1","256","c88e42426844d46fda8b2ee6e57a82030a6cad0914cc39649ba621ce5562ebf4","64","65536","0","0d51552cc9ec488f52ca898ab7347cff93352005","MSVC-195136252","C++23_RELEASE_TARGET","0","UNKNOWN","NOT_USED","0","9f31b60ef8310ea1b13072b3e355e4541af69429c8885c7c9ec94139a663a6ae","0","UNKNOWN","UNKNOWN","UNKNOWN","0","0","0","0","S64_PRP_65536","545a5cd984ca9c7c5fbc412a73deb6c5a07c68aea4b7665911c62f9890db3f27","0","11958300","0","430f77e57e47e8dbb5b457e8a24ea0688759ad26c02308e3737d6baca776dfce","primeforge.benchmark.raw.v1","0","2026-08-03T20:18:33Z","11965000","True","0","cpu","measure","4","24","144"
"primeforge.auto.cpu-cuda.base2-strong-prp-u64.v1[min=512]","32","c88e42426844d46fda8b2ee6e57a82030a6cad0914cc39649ba621ce5562ebf4","64","65536","0","0d51552cc9ec488f52ca898ab7347cff93352005","MSVC-195136252","C++23_RELEASE_TARGET","0","UNKNOWN","NOT_USED","0","9f31b60ef8310ea1b13072b3e355e4541af69429c8885c7c9ec94139a663a6ae","0","UNKNOWN","UNKNOWN","UNKNOWN","0","0","0","0","S64_PRP_65536","545a5cd984ca9c7c5fbc412a73deb6c5a07c68aea4b7665911c62f9890db3f27","0","11684300","0","430f77e57e47e8dbb5b457e8a24ea0688759ad26c02308e3737d6baca776dfce","primeforge.benchmark.raw.v1","0","2026-08-03T20:18:34Z","11736300","True","0","auto","measure","4","25","145"
"primeforge.cuda.base2-strong-prp-u64.v1","16384","c88e42426844d46fda8b2ee6e57a82030a6cad0914cc39649ba621ce5562ebf4","64","65536","0","0d51552cc9ec488f52ca898ab7347cff93352005","MSVC-195136252","C++23_RELEASE_TARGET","0","UNKNOWN","13.3.73","190976","9f31b60ef8310ea1b13072b3e355e4541af69429c8885c7c9ec94139a663a6ae","0","UNKNOWN","UNKNOWN","UNKNOWN","99104","0","225984","0","S64_PRP_65536","545a5cd984ca9c7c5fbc412a73deb6c5a07c68aea4b7665911c62f9890db3f27","0","0","0","430f77e57e47e8dbb5b457e8a24ea0688759ad26c02308e3737d6baca776dfce","primeforge.benchmark.raw.v1","0","2026-08-03T20:18:35Z","571000","True","0","cuda","measure","4","26","146"
"primeforge.cpu.base2-strong-prp-u64.v1","128","c88e42426844d46fda8b2ee6e57a82030a6cad0914cc39649ba621ce5562ebf4","64","65536","0","0d51552cc9ec488f52ca898ab7347cff93352005","MSVC-195136252","C++23_RELEASE_TARGET","0","UNKNOWN","NOT_USED","0","9f31b60ef8310ea1b13072b3e355e4541af69429c8885c7c9ec94139a663a6ae","0","UNKNOWN","UNKNOWN","UNKNOWN","0","0","0","0","S64_PRP_65536","545a5cd984ca9c7c5fbc412a73deb6c5a07c68aea4b7665911c62f9890db3f27","0","11548600","0","430f77e57e47e8dbb5b457e8a24ea0688759ad26c02308e3737d6baca776dfce","primeforge.benchmark.raw.v1","0","2026-08-03T20:18:36Z","11560100","True","0","cpu","measure","4","27","147"
"primeforge.cpu.base2-strong-prp-u64.v1","512","c88e42426844d46fda8b2ee6e57a82030a6cad0914cc39649ba621ce5562ebf4","64","65536","0","0d51552cc9ec488f52ca898ab7347cff93352005","MSVC-195136252","C++23_RELEASE_TARGET","0","UNKNOWN","NOT_USED","0","9f31b60ef8310ea1b13072b3e355e4541af69429c8885c7c9ec94139a663a6ae","0","UNKNOWN","UNKNOWN","UNKNOWN","0","0","0","0","S64_PRP_65536","545a5cd984ca9c7c5fbc412a73deb6c5a07c68aea4b7665911c62f9890db3f27","0","23286900","0","430f77e57e47e8dbb5b457e8a24ea0688759ad26c02308e3737d6baca776dfce","primeforge.benchmark.raw.v1","0","2026-08-03T20:18:37Z","23302200","True","0","cpu","measure","4","28","148"
"primeforge.auto.cpu-cuda.base2-strong-prp-u64.v1[min=512]","256","c88e42426844d46fda8b2ee6e57a82030a6cad0914cc39649ba621ce5562ebf4","64","65536","0","0d51552cc9ec488f52ca898ab7347cff93352005","MSVC-195136252","C++23_RELEASE_TARGET","0","UNKNOWN","NOT_USED","0","9f31b60ef8310ea1b13072b3e355e4541af69429c8885c7c9ec94139a663a6ae","0","UNKNOWN","UNKNOWN","UNKNOWN","0","0","0","0","S64_PRP_65536","545a5cd984ca9c7c5fbc412a73deb6c5a07c68aea4b7665911c62f9890db3f27","0","11591500","0","430f77e57e47e8dbb5b457e8a24ea0688759ad26c02308e3737d6baca776dfce","primeforge.benchmark.raw.v1","0","2026-08-03T20:18:38Z","11598500","True","0","auto","measure","4","29","149"
"primeforge.cuda.base2-strong-prp-u64.v1","2048","c88e42426844d46fda8b2ee6e57a82030a6cad0914cc39649ba621ce5562ebf4","64","65536","0","0d51552cc9ec488f52ca898ab7347cff93352005","MSVC-195136252","C++23_RELEASE_TARGET","0","UNKNOWN","13.3.73","1710016","9f31b60ef8310ea1b13072b3e355e4541af69429c8885c7c9ec94139a663a6ae","0","UNKNOWN","UNKNOWN","UNKNOWN","1357951","0","739456","0","S64_PRP_65536","545a5cd984ca9c7c5fbc412a73deb6c5a07c68aea4b7665911c62f9890db3f27","0","0","0","430f77e57e47e8dbb5b457e8a24ea0688759ad26c02308e3737d6baca776dfce","primeforge.benchmark.raw.v1","0","2026-08-03T20:18:39Z","4032200","True","0","cuda","measure","4","30","150"
"primeforge.auto.cpu-cuda.base2-strong-prp-u64.v1[min=512]","8192","c88e42426844d46fda8b2ee6e57a82030a6cad0914cc39649ba621ce5562ebf4","64","65536","0","0d51552cc9ec488f52ca898ab7347cff93352005","MSVC-195136252","C++23_RELEASE_TARGET","0","UNKNOWN","13.3.73","427584","9f31b60ef8310ea1b13072b3e355e4541af69429c8885c7c9ec94139a663a6ae","0","UNKNOWN","UNKNOWN","UNKNOWN","447520","0","390432","0","S64_PRP_65536","545a5cd984ca9c7c5fbc412a73deb6c5a07c68aea4b7665911c62f9890db3f27","0","0","0","430f77e57e47e8dbb5b457e8a24ea0688759ad26c02308e3737d6baca776dfce","primeforge.benchmark.raw.v1","0","2026-08-03T20:18:40Z","1344000","True","0","auto","measure","5","1","151"
"primeforge.cuda.base2-strong-prp-u64.v1","512","c88e42426844d46fda8b2ee6e57a82030a6cad0914cc39649ba621ce5562ebf4","64","65536","0","0d51552cc9ec488f52ca898ab7347cff93352005","MSVC-195136252","C++23_RELEASE_TARGET","0","UNKNOWN","13.3.73","6867040","9f31b60ef8310ea1b13072b3e355e4541af69429c8885c7c9ec94139a663a6ae","0","UNKNOWN","UNKNOWN","UNKNOWN","6108287","0","3287004","0","S64_PRP_65536","545a5cd984ca9c7c5fbc412a73deb6c5a07c68aea4b7665911c62f9890db3f27","0","0","0","430f77e57e47e8dbb5b457e8a24ea0688759ad26c02308e3737d6baca776dfce","primeforge.benchmark.raw.v1","0","2026-08-03T20:18:41Z","17157600","True","0","cuda","measure","5","2","152"
"primeforge.auto.cpu-cuda.base2-strong-prp-u64.v1[min=512]","32","c88e42426844d46fda8b2ee6e57a82030a6cad0914cc39649ba621ce5562ebf4","64","65536","0","0d51552cc9ec488f52ca898ab7347cff93352005","MSVC-195136252","C++23_RELEASE_TARGET","0","UNKNOWN","NOT_USED","0","9f31b60ef8310ea1b13072b3e355e4541af69429c8885c7c9ec94139a663a6ae","0","UNKNOWN","UNKNOWN","UNKNOWN","0","0","0","0","S64_PRP_65536","545a5cd984ca9c7c5fbc412a73deb6c5a07c68aea4b7665911c62f9890db3f27","0","12089200","0","430f77e57e47e8dbb5b457e8a24ea0688759ad26c02308e3737d6baca776dfce","primeforge.benchmark.raw.v1","0","2026-08-03T20:18:42Z","12140500","True","0","auto","measure","5","3","153"
"primeforge.cpu.base2-strong-prp-u64.v1","32","c88e42426844d46fda8b2ee6e57a82030a6cad0914cc39649ba621ce5562ebf4","64","65536","0","0d51552cc9ec488f52ca898ab7347cff93352005","MSVC-195136252","C++23_RELEASE_TARGET","0","UNKNOWN","NOT_USED","0","9f31b60ef8310ea1b13072b3e355e4541af69429c8885c7c9ec94139a663a6ae","0","UNKNOWN","UNKNOWN","UNKNOWN","0","0","0","0","S64_PRP_65536","545a5cd984ca9c7c5fbc412a73deb6c5a07c68aea4b7665911c62f9890db3f27","0","11819700","0","430f77e57e47e8dbb5b457e8a24ea0688759ad26c02308e3737d6baca776dfce","primeforge.benchmark.raw.v1","0","2026-08-03T20:18:43Z","11863100","True","0","cpu","measure","5","4","154"
"primeforge.cpu.base2-strong-prp-u64.v1","128","c88e42426844d46fda8b2ee6e57a82030a6cad0914cc39649ba621ce5562ebf4","64","65536","0","0d51552cc9ec488f52ca898ab7347cff93352005","MSVC-195136252","C++23_RELEASE_TARGET","0","UNKNOWN","NOT_USED","0","9f31b60ef8310ea1b13072b3e355e4541af69429c8885c7c9ec94139a663a6ae","0","UNKNOWN","UNKNOWN","UNKNOWN","0","0","0","0","S64_PRP_65536","545a5cd984ca9c7c5fbc412a73deb6c5a07c68aea4b7665911c62f9890db3f27","0","11763200","0","430f77e57e47e8dbb5b457e8a24ea0688759ad26c02308e3737d6baca776dfce","primeforge.benchmark.raw.v1","0","2026-08-03T20:18:44Z","11772900","True","0","cpu","measure","5","5","155"
"primeforge.cuda.base2-strong-prp-u64.v1","32","c88e42426844d46fda8b2ee6e57a82030a6cad0914cc39649ba621ce5562ebf4","64","65536","0","0d51552cc9ec488f52ca898ab7347cff93352005","MSVC-195136252","C++23_RELEASE_TARGET","0","UNKNOWN","13.3.73","112544799","9f31b60ef8310ea1b13072b3e355e4541af69429c8885c7c9ec94139a663a6ae","0","UNKNOWN","UNKNOWN","UNKNOWN","86600652","0","44200079","0","S64_PRP_65536","545a5cd984ca9c7c5fbc412a73deb6c5a07c68aea4b7665911c62f9890db3f27","0","0","0","430f77e57e47e8dbb5b457e8a24ea0688759ad26c02308e3737d6baca776dfce","primeforge.benchmark.raw.v1","0","2026-08-03T20:18:45Z","257649200","True","0","cuda","measure","5","6","156"
"primeforge.cpu.base2-strong-prp-u64.v1","64","c88e42426844d46fda8b2ee6e57a82030a6cad0914cc39649ba621ce5562ebf4","64","65536","0","0d51552cc9ec488f52ca898ab7347cff93352005","MSVC-195136252","C++23_RELEASE_TARGET","0","UNKNOWN","NOT_USED","0","9f31b60ef8310ea1b13072b3e355e4541af69429c8885c7c9ec94139a663a6ae","0","UNKNOWN","UNKNOWN","UNKNOWN","0","0","0","0","S64_PRP_65536","545a5cd984ca9c7c5fbc412a73deb6c5a07c68aea4b7665911c62f9890db3f27","0","11588500","0","430f77e57e47e8dbb5b457e8a24ea0688759ad26c02308e3737d6baca776dfce","primeforge.benchmark.raw.v1","0","2026-08-03T20:18:46Z","11607600","True","0","cpu","measure","5","7","157"
"primeforge.cpu.base2-strong-prp-u64.v1","4096","c88e42426844d46fda8b2ee6e57a82030a6cad0914cc39649ba621ce5562ebf4","64","65536","0","0d51552cc9ec488f52ca898ab7347cff93352005","MSVC-195136252","C++23_RELEASE_TARGET","0","UNKNOWN","NOT_USED","0","9f31b60ef8310ea1b13072b3e355e4541af69429c8885c7c9ec94139a663a6ae","0","UNKNOWN","UNKNOWN","UNKNOWN","0","0","0","0","S64_PRP_65536","545a5cd984ca9c7c5fbc412a73deb6c5a07c68aea4b7665911c62f9890db3f27","0","12269700","0","430f77e57e47e8dbb5b457e8a24ea0688759ad26c02308e3737d6baca776dfce","primeforge.benchmark.raw.v1","0","2026-08-03T20:18:47Z","12272500","True","0","cpu","measure","5","8","158"
"primeforge.auto.cpu-cuda.base2-strong-prp-u64.v1[min=512]","1024","c88e42426844d46fda8b2ee6e57a82030a6cad0914cc39649ba621ce5562ebf4","64","65536","0","0d51552cc9ec488f52ca898ab7347cff93352005","MSVC-195136252","C++23_RELEASE_TARGET","0","UNKNOWN","13.3.73","3263424","9f31b60ef8310ea1b13072b3e355e4541af69429c8885c7c9ec94139a663a6ae","0","UNKNOWN","UNKNOWN","UNKNOWN","2262717","0","1867199","0","S64_PRP_65536","545a5cd984ca9c7c5fbc412a73deb6c5a07c68aea4b7665911c62f9890db3f27","0","0","0","430f77e57e47e8dbb5b457e8a24ea0688759ad26c02308e3737d6baca776dfce","primeforge.benchmark.raw.v1","0","2026-08-03T20:18:48Z","7914600","True","0","auto","measure","5","9","159"
"primeforge.cuda.base2-strong-prp-u64.v1","1024","c88e42426844d46fda8b2ee6e57a82030a6cad0914cc39649ba621ce5562ebf4","64","65536","0","0d51552cc9ec488f52ca898ab7347cff93352005","MSVC-195136252","C++23_RELEASE_TARGET","0","UNKNOWN","13.3.73","3314304","9f31b60ef8310ea1b13072b3e355e4541af69429c8885c7c9ec94139a663a6ae","0","UNKNOWN","UNKNOWN","UNKNOWN","3107136","0","1474496","0","S64_PRP_65536","545a5cd984ca9c7c5fbc412a73deb6c5a07c68aea4b7665911c62f9890db3f27","0","0","0","430f77e57e47e8dbb5b457e8a24ea0688759ad26c02308e3737d6baca776dfce","primeforge.benchmark.raw.v1","0","2026-08-03T20:18:49Z","8361900","True","0","cuda","measure","5","10","160"
"primeforge.auto.cpu-cuda.base2-strong-prp-u64.v1[min=512]","128","c88e42426844d46fda8b2ee6e57a82030a6cad0914cc39649ba621ce5562ebf4","64","65536","0","0d51552cc9ec488f52ca898ab7347cff93352005","MSVC-195136252","C++23_RELEASE_TARGET","0","UNKNOWN","NOT_USED","0","9f31b60ef8310ea1b13072b3e355e4541af69429c8885c7c9ec94139a663a6ae","0","UNKNOWN","UNKNOWN","UNKNOWN","0","0","0","0","S64_PRP_65536","545a5cd984ca9c7c5fbc412a73deb6c5a07c68aea4b7665911c62f9890db3f27","0","11828400","0","430f77e57e47e8dbb5b457e8a24ea0688759ad26c02308e3737d6baca776dfce","primeforge.benchmark.raw.v1","0","2026-08-03T20:18:50Z","11840900","True","0","auto","measure","5","11","161"
"primeforge.auto.cpu-cuda.base2-strong-prp-u64.v1[min=512]","256","c88e42426844d46fda8b2ee6e57a82030a6cad0914cc39649ba621ce5562ebf4","64","65536","0","0d51552cc9ec488f52ca898ab7347cff93352005","MSVC-195136252","C++23_RELEASE_TARGET","0","UNKNOWN","NOT_USED","0","9f31b60ef8310ea1b13072b3e355e4541af69429c8885c7c9ec94139a663a6ae","0","UNKNOWN","UNKNOWN","UNKNOWN","0","0","0","0","S64_PRP_65536","545a5cd984ca9c7c5fbc412a73deb6c5a07c68aea4b7665911c62f9890db3f27","0","11861100","0","430f77e57e47e8dbb5b457e8a24ea0688759ad26c02308e3737d6baca776dfce","primeforge.benchmark.raw.v1","0","2026-08-03T20:18:51Z","11868400","True","0","auto","measure","5","12","162"
"primeforge.cpu.base2-strong-prp-u64.v1","512","c88e42426844d46fda8b2ee6e57a82030a6cad0914cc39649ba621ce5562ebf4","64","65536","0","0d51552cc9ec488f52ca898ab7347cff93352005","MSVC-195136252","C++23_RELEASE_TARGET","0","UNKNOWN","NOT_USED","0","9f31b60ef8310ea1b13072b3e355e4541af69429c8885c7c9ec94139a663a6ae","0","UNKNOWN","UNKNOWN","UNKNOWN","0","0","0","0","S64_PRP_65536","545a5cd984ca9c7c5fbc412a73deb6c5a07c68aea4b7665911c62f9890db3f27","0","23577600","0","430f77e57e47e8dbb5b457e8a24ea0688759ad26c02308e3737d6baca776dfce","primeforge.benchmark.raw.v1","0","2026-08-03T20:18:52Z","23592200","True","0","cpu","measure","5","13","163"
"primeforge.cuda.base2-strong-prp-u64.v1","256","c88e42426844d46fda8b2ee6e57a82030a6cad0914cc39649ba621ce5562ebf4","64","65536","0","0d51552cc9ec488f52ca898ab7347cff93352005","MSVC-195136252","C++23_RELEASE_TARGET","0","UNKNOWN","13.3.73","13353725","9f31b60ef8310ea1b13072b3e355e4541af69429c8885c7c9ec94139a663a6ae","0","UNKNOWN","UNKNOWN","UNKNOWN","10435581","0","6374969","0","S64_PRP_65536","545a5cd984ca9c7c5fbc412a73deb6c5a07c68aea4b7665911c62f9890db3f27","0","0","0","430f77e57e47e8dbb5b457e8a24ea0688759ad26c02308e3737d6baca776dfce","primeforge.benchmark.raw.v1","0","2026-08-03T20:18:53Z","31865600","True","0","cuda","measure","5","14","164"
"primeforge.auto.cpu-cuda.base2-strong-prp-u64.v1[min=512]","16384","c88e42426844d46fda8b2ee6e57a82030a6cad0914cc39649ba621ce5562ebf4","64","65536","0","0d51552cc9ec488f52ca898ab7347cff93352005","MSVC-195136252","C++23_RELEASE_TARGET","0","UNKNOWN","13.3.73","227392","9f31b60ef8310ea1b13072b3e355e4541af69429c8885c7c9ec94139a663a6ae","0","UNKNOWN","UNKNOWN","UNKNOWN","76928","0","137344","0","S64_PRP_65536","545a5cd984ca9c7c5fbc412a73deb6c5a07c68aea4b7665911c62f9890db3f27","0","0","0","430f77e57e47e8dbb5b457e8a24ea0688759ad26c02308e3737d6baca776dfce","primeforge.benchmark.raw.v1","0","2026-08-03T20:18:54Z","501900","True","0","auto","measure","5","15","165"
"primeforge.auto.cpu-cuda.base2-strong-prp-u64.v1[min=512]","2048","c88e42426844d46fda8b2ee6e57a82030a6cad0914cc39649ba621ce5562ebf4","64","65536","0","0d51552cc9ec488f52ca898ab7347cff93352005","MSVC-195136252","C++23_RELEASE_TARGET","0","UNKNOWN","13.3.73","1793632","9f31b60ef8310ea1b13072b3e355e4541af69429c8885c7c9ec94139a663a6ae","0","UNKNOWN","UNKNOWN","UNKNOWN","1116224","0","768318","0","S64_PRP_65536","545a5cd984ca9c7c5fbc412a73deb6c5a07c68aea4b7665911c62f9890db3f27","0","0","0","430f77e57e47e8dbb5b457e8a24ea0688759ad26c02308e3737d6baca776dfce","primeforge.benchmark.raw.v1","0","2026-08-03T20:18:55Z","3909300","True","0","auto","measure","5","16","166"
"primeforge.cuda.base2-strong-prp-u64.v1","2048","c88e42426844d46fda8b2ee6e57a82030a6cad0914cc39649ba621ce5562ebf4","64","65536","0","0d51552cc9ec488f52ca898ab7347cff93352005","MSVC-195136252","C++23_RELEASE_TARGET","0","UNKNOWN","13.3.73","1543072","9f31b60ef8310ea1b13072b3e355e4541af69429c8885c7c9ec94139a663a6ae","0","UNKNOWN","UNKNOWN","UNKNOWN","1176576","0","782399","0","S64_PRP_65536","545a5cd984ca9c7c5fbc412a73deb6c5a07c68aea4b7665911c62f9890db3f27","0","0","0","430f77e57e47e8dbb5b457e8a24ea0688759ad26c02308e3737d6baca776dfce","primeforge.benchmark.raw.v1","0","2026-08-03T20:18:56Z","3785400","True","0","cuda","measure","5","17","167"
"primeforge.cpu.base2-strong-prp-u64.v1","256","c88e42426844d46fda8b2ee6e57a82030a6cad0914cc39649ba621ce5562ebf4","64","65536","0","0d51552cc9ec488f52ca898ab7347cff93352005","MSVC-195136252","C++23_RELEASE_TARGET","0","UNKNOWN","NOT_USED","0","9f31b60ef8310ea1b13072b3e355e4541af69429c8885c7c9ec94139a663a6ae","0","UNKNOWN","UNKNOWN","UNKNOWN","0","0","0","0","S64_PRP_65536","545a5cd984ca9c7c5fbc412a73deb6c5a07c68aea4b7665911c62f9890db3f27","0","11951600","0","430f77e57e47e8dbb5b457e8a24ea0688759ad26c02308e3737d6baca776dfce","primeforge.benchmark.raw.v1","0","2026-08-03T20:18:57Z","11957700","True","0","cpu","measure","5","18","168"
"primeforge.cpu.base2-strong-prp-u64.v1","8192","c88e42426844d46fda8b2ee6e57a82030a6cad0914cc39649ba621ce5562ebf4","64","65536","0","0d51552cc9ec488f52ca898ab7347cff93352005","MSVC-195136252","C++23_RELEASE_TARGET","0","UNKNOWN","NOT_USED","0","9f31b60ef8310ea1b13072b3e355e4541af69429c8885c7c9ec94139a663a6ae","0","UNKNOWN","UNKNOWN","UNKNOWN","0","0","0","0","S64_PRP_65536","545a5cd984ca9c7c5fbc412a73deb6c5a07c68aea4b7665911c62f9890db3f27","0","10472300","0","430f77e57e47e8dbb5b457e8a24ea0688759ad26c02308e3737d6baca776dfce","primeforge.benchmark.raw.v1","0","2026-08-03T20:18:58Z","10473500","True","0","cpu","measure","5","19","169"
"primeforge.cuda.base2-strong-prp-u64.v1","8192","c88e42426844d46fda8b2ee6e57a82030a6cad0914cc39649ba621ce5562ebf4","64","65536","0","0d51552cc9ec488f52ca898ab7347cff93352005","MSVC-195136252","C++23_RELEASE_TARGET","0","UNKNOWN","13.3.73","350656","9f31b60ef8310ea1b13072b3e355e4541af69429c8885c7c9ec94139a663a6ae","0","UNKNOWN","UNKNOWN","UNKNOWN","279135","0","142464","0","S64_PRP_65536","545a5cd984ca9c7c5fbc412a73deb6c5a07c68aea4b7665911c62f9890db3f27","0","0","0","430f77e57e47e8dbb5b457e8a24ea0688759ad26c02308e3737d6baca776dfce","primeforge.benchmark.raw.v1","0","2026-08-03T20:18:59Z","852000","True","0","cuda","measure","5","20","170"
"primeforge.cpu.base2-strong-prp-u64.v1","1024","c88e42426844d46fda8b2ee6e57a82030a6cad0914cc39649ba621ce5562ebf4","64","65536","0","0d51552cc9ec488f52ca898ab7347cff93352005","MSVC-195136252","C++23_RELEASE_TARGET","0","UNKNOWN","NOT_USED","0","9f31b60ef8310ea1b13072b3e355e4541af69429c8885c7c9ec94139a663a6ae","0","UNKNOWN","UNKNOWN","UNKNOWN","0","0","0","0","S64_PRP_65536","545a5cd984ca9c7c5fbc412a73deb6c5a07c68aea4b7665911c62f9890db3f27","0","15672600","0","430f77e57e47e8dbb5b457e8a24ea0688759ad26c02308e3737d6baca776dfce","primeforge.benchmark.raw.v1","0","2026-08-03T20:19:00Z","15681200","True","0","cpu","measure","5","21","171"
"primeforge.auto.cpu-cuda.base2-strong-prp-u64.v1[min=512]","4096","c88e42426844d46fda8b2ee6e57a82030a6cad0914cc39649ba621ce5562ebf4","64","65536","0","0d51552cc9ec488f52ca898ab7347cff93352005","MSVC-195136252","C++23_RELEASE_TARGET","0","UNKNOWN","13.3.73","824800","9f31b60ef8310ea1b13072b3e355e4541af69429c8885c7c9ec94139a663a6ae","0","UNKNOWN","UNKNOWN","UNKNOWN","575167","0","471232","0","S64_PRP_65536","545a5cd984ca9c7c5fbc412a73deb6c5a07c68aea4b7665911c62f9890db3f27","0","0","0","430f77e57e47e8dbb5b457e8a24ea0688759ad26c02308e3737d6baca776dfce","primeforge.benchmark.raw.v1","0","2026-08-03T20:19:01Z","2000500","True","0","auto","measure","5","22","172"
"primeforge.auto.cpu-cuda.base2-strong-prp-u64.v1[min=512]","64","c88e42426844d46fda8b2ee6e57a82030a6cad0914cc39649ba621ce5562ebf4","64","65536","0","0d51552cc9ec488f52ca898ab7347cff93352005","MSVC-195136252","C++23_RELEASE_TARGET","0","UNKNOWN","NOT_USED","0","9f31b60ef8310ea1b13072b3e355e4541af69429c8885c7c9ec94139a663a6ae","0","UNKNOWN","UNKNOWN","UNKNOWN","0","0","0","0","S64_PRP_65536","545a5cd984ca9c7c5fbc412a73deb6c5a07c68aea4b7665911c62f9890db3f27","0","11976600","0","430f77e57e47e8dbb5b457e8a24ea0688759ad26c02308e3737d6baca776dfce","primeforge.benchmark.raw.v1","0","2026-08-03T20:19:02Z","12002900","True","0","auto","measure","5","23","173"
"primeforge.cpu.base2-strong-prp-u64.v1","2048","c88e42426844d46fda8b2ee6e57a82030a6cad0914cc39649ba621ce5562ebf4","64","65536","0","0d51552cc9ec488f52ca898ab7347cff93352005","MSVC-195136252","C++23_RELEASE_TARGET","0","UNKNOWN","NOT_USED","0","9f31b60ef8310ea1b13072b3e355e4541af69429c8885c7c9ec94139a663a6ae","0","UNKNOWN","UNKNOWN","UNKNOWN","0","0","0","0","S64_PRP_65536","545a5cd984ca9c7c5fbc412a73deb6c5a07c68aea4b7665911c62f9890db3f27","0","12201100","0","430f77e57e47e8dbb5b457e8a24ea0688759ad26c02308e3737d6baca776dfce","primeforge.benchmark.raw.v1","0","2026-08-03T20:19:03Z","12205200","True","0","cpu","measure","5","24","174"
"primeforge.cpu.base2-strong-prp-u64.v1","16384","c88e42426844d46fda8b2ee6e57a82030a6cad0914cc39649ba621ce5562ebf4","64","65536","0","0d51552cc9ec488f52ca898ab7347cff93352005","MSVC-195136252","C++23_RELEASE_TARGET","0","UNKNOWN","NOT_USED","0","9f31b60ef8310ea1b13072b3e355e4541af69429c8885c7c9ec94139a663a6ae","0","UNKNOWN","UNKNOWN","UNKNOWN","0","0","0","0","S64_PRP_65536","545a5cd984ca9c7c5fbc412a73deb6c5a07c68aea4b7665911c62f9890db3f27","0","5591700","0","430f77e57e47e8dbb5b457e8a24ea0688759ad26c02308e3737d6baca776dfce","primeforge.benchmark.raw.v1","0","2026-08-03T20:19:04Z","5592800","True","0","cpu","measure","5","25","175"
"primeforge.auto.cpu-cuda.base2-strong-prp-u64.v1[min=512]","512","c88e42426844d46fda8b2ee6e57a82030a6cad0914cc39649ba621ce5562ebf4","64","65536","0","0d51552cc9ec488f52ca898ab7347cff93352005","MSVC-195136252","C++23_RELEASE_TARGET","0","UNKNOWN","13.3.73","6339230","9f31b60ef8310ea1b13072b3e355e4541af69429c8885c7c9ec94139a663a6ae","0","UNKNOWN","UNKNOWN","UNKNOWN","4832894","0","3004480","0","S64_PRP_65536","545a5cd984ca9c7c5fbc412a73deb6c5a07c68aea4b7665911c62f9890db3f27","0","0","0","430f77e57e47e8dbb5b457e8a24ea0688759ad26c02308e3737d6baca776dfce","primeforge.benchmark.raw.v1","0","2026-08-03T20:19:05Z","15063900","True","0","auto","measure","5","26","176"
"primeforge.cuda.base2-strong-prp-u64.v1","128","c88e42426844d46fda8b2ee6e57a82030a6cad0914cc39649ba621ce5562ebf4","64","65536","0","0d51552cc9ec488f52ca898ab7347cff93352005","MSVC-195136252","C++23_RELEASE_TARGET","0","UNKNOWN","13.3.73","27414650","9f31b60ef8310ea1b13072b3e355e4541af69429c8885c7c9ec94139a663a6ae","0","UNKNOWN","UNKNOWN","UNKNOWN","21728221","0","11344788","0","S64_PRP_65536","545a5cd984ca9c7c5fbc412a73deb6c5a07c68aea4b7665911c62f9890db3f27","0","0","0","430f77e57e47e8dbb5b457e8a24ea0688759ad26c02308e3737d6baca776dfce","primeforge.benchmark.raw.v1","0","2026-08-03T20:19:06Z","64109400","True","0","cuda","measure","5","27","177"
"primeforge.cuda.base2-strong-prp-u64.v1","4096","c88e42426844d46fda8b2ee6e57a82030a6cad0914cc39649ba621ce5562ebf4","64","65536","0","0d51552cc9ec488f52ca898ab7347cff93352005","MSVC-195136252","C++23_RELEASE_TARGET","0","UNKNOWN","13.3.73","878463","9f31b60ef8310ea1b13072b3e355e4541af69429c8885c7c9ec94139a663a6ae","0","UNKNOWN","UNKNOWN","UNKNOWN","506368","0","387552","0","S64_PRP_65536","545a5cd984ca9c7c5fbc412a73deb6c5a07c68aea4b7665911c62f9890db3f27","0","0","0","430f77e57e47e8dbb5b457e8a24ea0688759ad26c02308e3737d6baca776dfce","primeforge.benchmark.raw.v1","0","2026-08-03T20:19:07Z","1897200","True","0","cuda","measure","5","28","178"
"primeforge.cuda.base2-strong-prp-u64.v1","16384","c88e42426844d46fda8b2ee6e57a82030a6cad0914cc39649ba621ce5562ebf4","64","65536","0","0d51552cc9ec488f52ca898ab7347cff93352005","MSVC-195136252","C++23_RELEASE_TARGET","0","UNKNOWN","13.3.73","237824","9f31b60ef8310ea1b13072b3e355e4541af69429c8885c7c9ec94139a663a6ae","0","UNKNOWN","UNKNOWN","UNKNOWN","102816","0","407360","0","S64_PRP_65536","545a5cd984ca9c7c5fbc412a73deb6c5a07c68aea4b7665911c62f9890db3f27","0","0","0","430f77e57e47e8dbb5b457e8a24ea0688759ad26c02308e3737d6baca776dfce","primeforge.benchmark.raw.v1","0","2026-08-03T20:19:08Z","801800","True","0","cuda","measure","5","29","179"
"primeforge.cuda.base2-strong-prp-u64.v1","64","c88e42426844d46fda8b2ee6e57a82030a6cad0914cc39649ba621ce5562ebf4","64","65536","0","0d51552cc9ec488f52ca898ab7347cff93352005","MSVC-195136252","C++23_RELEASE_TARGET","0","UNKNOWN","13.3.73","49514324","9f31b60ef8310ea1b13072b3e355e4541af69429c8885c7c9ec94139a663a6ae","0","UNKNOWN","UNKNOWN","UNKNOWN","39019580","0","21309230","0","S64_PRP_65536","545a5cd984ca9c7c5fbc412a73deb6c5a07c68aea4b7665911c62f9890db3f27","0","0","0","430f77e57e47e8dbb5b457e8a24ea0688759ad26c02308e3737d6baca776dfce","primeforge.benchmark.raw.v1","0","2026-08-03T20:19:09Z","116574100","True","0","cuda","measure","5","30","180"
"primeforge.cpu.base2-strong-prp-u64.v1","64","c88e42426844d46fda8b2ee6e57a82030a6cad0914cc39649ba621ce5562ebf4","64","65536","0","0d51552cc9ec488f52ca898ab7347cff93352005","MSVC-195136252","C++23_RELEASE_TARGET","0","UNKNOWN","NOT_USED","0","9f31b60ef8310ea1b13072b3e355e4541af69429c8885c7c9ec94139a663a6ae","0","UNKNOWN","UNKNOWN","UNKNOWN","0","0","0","0","S64_PRP_65536","545a5cd984ca9c7c5fbc412a73deb6c5a07c68aea4b7665911c62f9890db3f27","0","11653700","0","430f77e57e47e8dbb5b457e8a24ea0688759ad26c02308e3737d6baca776dfce","primeforge.benchmark.raw.v1","0","2026-08-03T20:19:10Z","11673300","True","0","cpu","measure","6","1","181"
"primeforge.auto.cpu-cuda.base2-strong-prp-u64.v1[min=512]","8192","c88e42426844d46fda8b2ee6e57a82030a6cad0914cc39649ba621ce5562ebf4","64","65536","0","0d51552cc9ec488f52ca898ab7347cff93352005","MSVC-195136252","C++23_RELEASE_TARGET","0","UNKNOWN","13.3.73","345471","9f31b60ef8310ea1b13072b3e355e4541af69429c8885c7c9ec94139a663a6ae","0","UNKNOWN","UNKNOWN","UNKNOWN","312448","0","186208","0","S64_PRP_65536","545a5cd984ca9c7c5fbc412a73deb6c5a07c68aea4b7665911c62f9890db3f27","0","0","0","430f77e57e47e8dbb5b457e8a24ea0688759ad26c02308e3737d6baca776dfce","primeforge.benchmark.raw.v1","0","2026-08-03T20:19:11Z","926200","True","0","auto","measure","6","2","182"
"primeforge.cuda.base2-strong-prp-u64.v1","128","c88e42426844d46fda8b2ee6e57a82030a6cad0914cc39649ba621ce5562ebf4","64","65536","0","0d51552cc9ec488f52ca898ab7347cff93352005","MSVC-195136252","C++23_RELEASE_TARGET","0","UNKNOWN","13.3.73","26648339","9f31b60ef8310ea1b13072b3e355e4541af69429c8885c7c9ec94139a663a6ae","0","UNKNOWN","UNKNOWN","UNKNOWN","23027484","0","10885879","0","S64_PRP_65536","545a5cd984ca9c7c5fbc412a73deb6c5a07c68aea4b7665911c62f9890db3f27","0","0","0","430f77e57e47e8dbb5b457e8a24ea0688759ad26c02308e3737d6baca776dfce","primeforge.benchmark.raw.v1","0","2026-08-03T20:19:12Z","64159400","True","0","cuda","measure","6","3","183"
"primeforge.cpu.base2-strong-prp-u64.v1","4096","c88e42426844d46fda8b2ee6e57a82030a6cad0914cc39649ba621ce5562ebf4","64","65536","0","0d51552cc9ec488f52ca898ab7347cff93352005","MSVC-195136252","C++23_RELEASE_TARGET","0","UNKNOWN","NOT_USED","0","9f31b60ef8310ea1b13072b3e355e4541af69429c8885c7c9ec94139a663a6ae","0","UNKNOWN","UNKNOWN","UNKNOWN","0","0","0","0","S64_PRP_65536","545a5cd984ca9c7c5fbc412a73deb6c5a07c68aea4b7665911c62f9890db3f27","0","11830400","0","430f77e57e47e8dbb5b457e8a24ea0688759ad26c02308e3737d6baca776dfce","primeforge.benchmark.raw.v1","0","2026-08-03T20:19:13Z","11833000","True","0","cpu","measure","6","4","184"
"primeforge.auto.cpu-cuda.base2-strong-prp-u64.v1[min=512]","256","c88e42426844d46fda8b2ee6e57a82030a6cad0914cc39649ba621ce5562ebf4","64","65536","0","0d51552cc9ec488f52ca898ab7347cff93352005","MSVC-195136252","C++23_RELEASE_TARGET","0","UNKNOWN","NOT_USED","0","9f31b60ef8310ea1b13072b3e355e4541af69429c8885c7c9ec94139a663a6ae","0","UNKNOWN","UNKNOWN","UNKNOWN","0","0","0","0","S64_PRP_65536","545a5cd984ca9c7c5fbc412a73deb6c5a07c68aea4b7665911c62f9890db3f27","0","11747500","0","430f77e57e47e8dbb5b457e8a24ea0688759ad26c02308e3737d6baca776dfce","primeforge.benchmark.raw.v1","0","2026-08-03T20:19:14Z","11756100","True","0","auto","measure","6","5","185"
"primeforge.cpu.base2-strong-prp-u64.v1","256","c88e42426844d46fda8b2ee6e57a82030a6cad0914cc39649ba621ce5562ebf4","64","65536","0","0d51552cc9ec488f52ca898ab7347cff93352005","MSVC-195136252","C++23_RELEASE_TARGET","0","UNKNOWN","NOT_USED","0","9f31b60ef8310ea1b13072b3e355e4541af69429c8885c7c9ec94139a663a6ae","0","UNKNOWN","UNKNOWN","UNKNOWN","0","0","0","0","S64_PRP_65536","545a5cd984ca9c7c5fbc412a73deb6c5a07c68aea4b7665911c62f9890db3f27","0","11630700","0","430f77e57e47e8dbb5b457e8a24ea0688759ad26c02308e3737d6baca776dfce","primeforge.benchmark.raw.v1","0","2026-08-03T20:19:15Z","11636700","True","0","cpu","measure","6","6","186"
"primeforge.cuda.base2-strong-prp-u64.v1","8192","c88e42426844d46fda8b2ee6e57a82030a6cad0914cc39649ba621ce5562ebf4","64","65536","0","0d51552cc9ec488f52ca898ab7347cff93352005","MSVC-195136252","C++23_RELEASE_TARGET","0","UNKNOWN","13.3.73","422784","9f31b60ef8310ea1b13072b3e355e4541af69429c8885c7c9ec94139a663a6ae","0","UNKNOWN","UNKNOWN","UNKNOWN","379936","0","148606","0","S64_PRP_65536","545a5cd984ca9c7c5fbc412a73deb6c5a07c68aea4b7665911c62f9890db3f27","0","0","0","430f77e57e47e8dbb5b457e8a24ea0688759ad26c02308e3737d6baca776dfce","primeforge.benchmark.raw.v1","0","2026-08-03T20:19:16Z","1031000","True","0","cuda","measure","6","7","187"
"primeforge.cpu.base2-strong-prp-u64.v1","16384","c88e42426844d46fda8b2ee6e57a82030a6cad0914cc39649ba621ce5562ebf4","64","65536","0","0d51552cc9ec488f52ca898ab7347cff93352005","MSVC-195136252","C++23_RELEASE_TARGET","0","UNKNOWN","NOT_USED","0","9f31b60ef8310ea1b13072b3e355e4541af69429c8885c7c9ec94139a663a6ae","0","UNKNOWN","UNKNOWN","UNKNOWN","0","0","0","0","S64_PRP_65536","545a5cd984ca9c7c5fbc412a73deb6c5a07c68aea4b7665911c62f9890db3f27","0","5802800","0","430f77e57e47e8dbb5b457e8a24ea0688759ad26c02308e3737d6baca776dfce","primeforge.benchmark.raw.v1","0","2026-08-03T20:19:17Z","5803800","True","0","cpu","measure","6","8","188"
"primeforge.auto.cpu-cuda.base2-strong-prp-u64.v1[min=512]","128","c88e42426844d46fda8b2ee6e57a82030a6cad0914cc39649ba621ce5562ebf4","64","65536","0","0d51552cc9ec488f52ca898ab7347cff93352005","MSVC-195136252","C++23_RELEASE_TARGET","0","UNKNOWN","NOT_USED","0","9f31b60ef8310ea1b13072b3e355e4541af69429c8885c7c9ec94139a663a6ae","0","UNKNOWN","UNKNOWN","UNKNOWN","0","0","0","0","S64_PRP_65536","545a5cd984ca9c7c5fbc412a73deb6c5a07c68aea4b7665911c62f9890db3f27","0","11621300","0","430f77e57e47e8dbb5b457e8a24ea0688759ad26c02308e3737d6baca776dfce","primeforge.benchmark.raw.v1","0","2026-08-03T20:19:18Z","11635700","True","0","auto","measure","6","9","189"
"primeforge.cpu.base2-strong-prp-u64.v1","512","c88e42426844d46fda8b2ee6e57a82030a6cad0914cc39649ba621ce5562ebf4","64","65536","0","0d51552cc9ec488f52ca898ab7347cff93352005","MSVC-195136252","C++23_RELEASE_TARGET","0","UNKNOWN","NOT_USED","0","9f31b60ef8310ea1b13072b3e355e4541af69429c8885c7c9ec94139a663a6ae","0","UNKNOWN","UNKNOWN","UNKNOWN","0","0","0","0","S64_PRP_65536","545a5cd984ca9c7c5fbc412a73deb6c5a07c68aea4b7665911c62f9890db3f27","0","22387400","0","430f77e57e47e8dbb5b457e8a24ea0688759ad26c02308e3737d6baca776dfce","primeforge.benchmark.raw.v1","0","2026-08-03T20:19:19Z","22403900","True","0","cpu","measure","6","10","190"
"primeforge.auto.cpu-cuda.base2-strong-prp-u64.v1[min=512]","64","c88e42426844d46fda8b2ee6e57a82030a6cad0914cc39649ba621ce5562ebf4","64","65536","0","0d51552cc9ec488f52ca898ab7347cff93352005","MSVC-195136252","C++23_RELEASE_TARGET","0","UNKNOWN","NOT_USED","0","9f31b60ef8310ea1b13072b3e355e4541af69429c8885c7c9ec94139a663a6ae","0","UNKNOWN","UNKNOWN","UNKNOWN","0","0","0","0","S64_PRP_65536","545a5cd984ca9c7c5fbc412a73deb6c5a07c68aea4b7665911c62f9890db3f27","0","11601600","0","430f77e57e47e8dbb5b457e8a24ea0688759ad26c02308e3737d6baca776dfce","primeforge.benchmark.raw.v1","0","2026-08-03T20:19:20Z","11627500","True","0","auto","measure","6","11","191"
"primeforge.auto.cpu-cuda.base2-strong-prp-u64.v1[min=512]","32","c88e42426844d46fda8b2ee6e57a82030a6cad0914cc39649ba621ce5562ebf4","64","65536","0","0d51552cc9ec488f52ca898ab7347cff93352005","MSVC-195136252","C++23_RELEASE_TARGET","0","UNKNOWN","NOT_USED","0","9f31b60ef8310ea1b13072b3e355e4541af69429c8885c7c9ec94139a663a6ae","0","UNKNOWN","UNKNOWN","UNKNOWN","0","0","0","0","S64_PRP_65536","545a5cd984ca9c7c5fbc412a73deb6c5a07c68aea4b7665911c62f9890db3f27","0","11646300","0","430f77e57e47e8dbb5b457e8a24ea0688759ad26c02308e3737d6baca776dfce","primeforge.benchmark.raw.v1","0","2026-08-03T20:19:21Z","11696900","True","0","auto","measure","6","12","192"
"primeforge.cpu.base2-strong-prp-u64.v1","128","c88e42426844d46fda8b2ee6e57a82030a6cad0914cc39649ba621ce5562ebf4","64","65536","0","0d51552cc9ec488f52ca898ab7347cff93352005","MSVC-195136252","C++23_RELEASE_TARGET","0","UNKNOWN","NOT_USED","0","9f31b60ef8310ea1b13072b3e355e4541af69429c8885c7c9ec94139a663a6ae","0","UNKNOWN","UNKNOWN","UNKNOWN","0","0","0","0","S64_PRP_65536","545a5cd984ca9c7c5fbc412a73deb6c5a07c68aea4b7665911c62f9890db3f27","0","12024500","0","430f77e57e47e8dbb5b457e8a24ea0688759ad26c02308e3737d6baca776dfce","primeforge.benchmark.raw.v1","0","2026-08-03T20:19:22Z","12035900","True","0","cpu","measure","6","13","193"
"primeforge.cuda.base2-strong-prp-u64.v1","2048","c88e42426844d46fda8b2ee6e57a82030a6cad0914cc39649ba621ce5562ebf4","64","65536","0","0d51552cc9ec488f52ca898ab7347cff93352005","MSVC-195136252","C++23_RELEASE_TARGET","0","UNKNOWN","13.3.73","1820384","9f31b60ef8310ea1b13072b3e355e4541af69429c8885c7c9ec94139a663a6ae","0","UNKNOWN","UNKNOWN","UNKNOWN","1098304","0","770688","0","S64_PRP_65536","545a5cd984ca9c7c5fbc412a73deb6c5a07c68aea4b7665911c62f9890db3f27","0","0","0","430f77e57e47e8dbb5b457e8a24ea0688759ad26c02308e3737d6baca776dfce","primeforge.benchmark.raw.v1","0","2026-08-03T20:19:23Z","3909500","True","0","cuda","measure","6","14","194"
"primeforge.cpu.base2-strong-prp-u64.v1","1024","c88e42426844d46fda8b2ee6e57a82030a6cad0914cc39649ba621ce5562ebf4","64","65536","0","0d51552cc9ec488f52ca898ab7347cff93352005","MSVC-195136252","C++23_RELEASE_TARGET","0","UNKNOWN","NOT_USED","0","9f31b60ef8310ea1b13072b3e355e4541af69429c8885c7c9ec94139a663a6ae","0","UNKNOWN","UNKNOWN","UNKNOWN","0","0","0","0","S64_PRP_65536","545a5cd984ca9c7c5fbc412a73deb6c5a07c68aea4b7665911c62f9890db3f27","0","16126200","0","430f77e57e47e8dbb5b457e8a24ea0688759ad26c02308e3737d6baca776dfce","primeforge.benchmark.raw.v1","0","2026-08-03T20:19:24Z","16135900","True","0","cpu","measure","6","15","195"
"primeforge.auto.cpu-cuda.base2-strong-prp-u64.v1[min=512]","4096","c88e42426844d46fda8b2ee6e57a82030a6cad0914cc39649ba621ce5562ebf4","64","65536","0","0d51552cc9ec488f52ca898ab7347cff93352005","MSVC-195136252","C++23_RELEASE_TARGET","0","UNKNOWN","13.3.73","1078848","9f31b60ef8310ea1b13072b3e355e4541af69429c8885c7c9ec94139a663a6ae","0","UNKNOWN","UNKNOWN","UNKNOWN","566496","0","350720","0","S64_PRP_65536","545a5cd984ca9c7c5fbc412a73deb6c5a07c68aea4b7665911c62f9890db3f27","0","0","0","430f77e57e47e8dbb5b457e8a24ea0688759ad26c02308e3737d6baca776dfce","primeforge.benchmark.raw.v1","0","2026-08-03T20:19:25Z","2159000","True","0","auto","measure","6","16","196"
"primeforge.auto.cpu-cuda.base2-strong-prp-u64.v1[min=512]","512","c88e42426844d46fda8b2ee6e57a82030a6cad0914cc39649ba621ce5562ebf4","64","65536","0","0d51552cc9ec488f52ca898ab7347cff93352005","MSVC-195136252","C++23_RELEASE_TARGET","0","UNKNOWN","13.3.73","6593532","9f31b60ef8310ea1b13072b3e355e4541af69429c8885c7c9ec94139a663a6ae","0","UNKNOWN","UNKNOWN","UNKNOWN","4748348","0","2800223","0","S64_PRP_65536","545a5cd984ca9c7c5fbc412a73deb6c5a07c68aea4b7665911c62f9890db3f27","0","0","0","430f77e57e47e8dbb5b457e8a24ea0688759ad26c02308e3737d6baca776dfce","primeforge.benchmark.raw.v1","0","2026-08-03T20:19:27Z","15137900","True","0","auto","measure","6","17","197"
"primeforge.auto.cpu-cuda.base2-strong-prp-u64.v1[min=512]","16384","c88e42426844d46fda8b2ee6e57a82030a6cad0914cc39649ba621ce5562ebf4","64","65536","0","0d51552cc9ec488f52ca898ab7347cff93352005","MSVC-195136252","C++23_RELEASE_TARGET","0","UNKNOWN","13.3.73","196672","9f31b60ef8310ea1b13072b3e355e4541af69429c8885c7c9ec94139a663a6ae","0","UNKNOWN","UNKNOWN","UNKNOWN","78784","0","208224","0","S64_PRP_65536","545a5cd984ca9c7c5fbc412a73deb6c5a07c68aea4b7665911c62f9890db3f27","0","0","0","430f77e57e47e8dbb5b457e8a24ea0688759ad26c02308e3737d6baca776dfce","primeforge.benchmark.raw.v1","0","2026-08-03T20:19:28Z","540200","True","0","auto","measure","6","18","198"
"primeforge.cpu.base2-strong-prp-u64.v1","8192","c88e42426844d46fda8b2ee6e57a82030a6cad0914cc39649ba621ce5562ebf4","64","65536","0","0d51552cc9ec488f52ca898ab7347cff93352005","MSVC-195136252","C++23_RELEASE_TARGET","0","UNKNOWN","NOT_USED","0","9f31b60ef8310ea1b13072b3e355e4541af69429c8885c7c9ec94139a663a6ae","0","UNKNOWN","UNKNOWN","UNKNOWN","0","0","0","0","S64_PRP_65536","545a5cd984ca9c7c5fbc412a73deb6c5a07c68aea4b7665911c62f9890db3f27","0","11433900","0","430f77e57e47e8dbb5b457e8a24ea0688759ad26c02308e3737d6baca776dfce","primeforge.benchmark.raw.v1","0","2026-08-03T20:19:28Z","11435700","True","0","cpu","measure","6","19","199"
"primeforge.cpu.base2-strong-prp-u64.v1","32","c88e42426844d46fda8b2ee6e57a82030a6cad0914cc39649ba621ce5562ebf4","64","65536","0","0d51552cc9ec488f52ca898ab7347cff93352005","MSVC-195136252","C++23_RELEASE_TARGET","0","UNKNOWN","NOT_USED","0","9f31b60ef8310ea1b13072b3e355e4541af69429c8885c7c9ec94139a663a6ae","0","UNKNOWN","UNKNOWN","UNKNOWN","0","0","0","0","S64_PRP_65536","545a5cd984ca9c7c5fbc412a73deb6c5a07c68aea4b7665911c62f9890db3f27","0","11660000","0","430f77e57e47e8dbb5b457e8a24ea0688759ad26c02308e3737d6baca776dfce","primeforge.benchmark.raw.v1","0","2026-08-03T20:19:30Z","11702800","True","0","cpu","measure","6","20","200"
"primeforge.auto.cpu-cuda.base2-strong-prp-u64.v1[min=512]","2048","c88e42426844d46fda8b2ee6e57a82030a6cad0914cc39649ba621ce5562ebf4","64","65536","0","0d51552cc9ec488f52ca898ab7347cff93352005","MSVC-195136252","C++23_RELEASE_TARGET","0","UNKNOWN","13.3.73","1660640","9f31b60ef8310ea1b13072b3e355e4541af69429c8885c7c9ec94139a663a6ae","0","UNKNOWN","UNKNOWN","UNKNOWN","1205568","0","896064","0","S64_PRP_65536","545a5cd984ca9c7c5fbc412a73deb6c5a07c68aea4b7665911c62f9890db3f27","0","0","0","430f77e57e47e8dbb5b457e8a24ea0688759ad26c02308e3737d6baca776dfce","primeforge.benchmark.raw.v1","0","2026-08-03T20:19:31Z","4054500","True","0","auto","measure","6","21","201"
"primeforge.cuda.base2-strong-prp-u64.v1","1024","c88e42426844d46fda8b2ee6e57a82030a6cad0914cc39649ba621ce5562ebf4","64","65536","0","0d51552cc9ec488f52ca898ab7347cff93352005","MSVC-195136252","C++23_RELEASE_TARGET","0","UNKNOWN","13.3.73","3431359","9f31b60ef8310ea1b13072b3e355e4541af69429c8885c7c9ec94139a663a6ae","0","UNKNOWN","UNKNOWN","UNKNOWN","3041087","0","1575932","0","S64_PRP_65536","545a5cd984ca9c7c5fbc412a73deb6c5a07c68aea4b7665911c62f9890db3f27","0","0","0","430f77e57e47e8dbb5b457e8a24ea0688759ad26c02308e3737d6baca776dfce","primeforge.benchmark.raw.v1","0","2026-08-03T20:19:32Z","8563800","True","0","cuda","measure","6","22","202"
"primeforge.cuda.base2-strong-prp-u64.v1","4096","c88e42426844d46fda8b2ee6e57a82030a6cad0914cc39649ba621ce5562ebf4","64","65536","0","0d51552cc9ec488f52ca898ab7347cff93352005","MSVC-195136252","C++23_RELEASE_TARGET","0","UNKNOWN","13.3.73","794400","9f31b60ef8310ea1b13072b3e355e4541af69429c8885c7c9ec94139a663a6ae","0","UNKNOWN","UNKNOWN","UNKNOWN","628256","0","367326","0","S64_PRP_65536","545a5cd984ca9c7c5fbc412a73deb6c5a07c68aea4b7665911c62f9890db3f27","0","0","0","430f77e57e47e8dbb5b457e8a24ea0688759ad26c02308e3737d6baca776dfce","primeforge.benchmark.raw.v1","0","2026-08-03T20:19:33Z","1919000","True","0","cuda","measure","6","23","203"
"primeforge.cuda.base2-strong-prp-u64.v1","512","c88e42426844d46fda8b2ee6e57a82030a6cad0914cc39649ba621ce5562ebf4","64","65536","0","0d51552cc9ec488f52ca898ab7347cff93352005","MSVC-195136252","C++23_RELEASE_TARGET","0","UNKNOWN","13.3.73","6686718","9f31b60ef8310ea1b13072b3e355e4541af69429c8885c7c9ec94139a663a6ae","0","UNKNOWN","UNKNOWN","UNKNOWN","5283007","0","3023963","0","S64_PRP_65536","545a5cd984ca9c7c5fbc412a73deb6c5a07c68aea4b7665911c62f9890db3f27","0","0","0","430f77e57e47e8dbb5b457e8a24ea0688759ad26c02308e3737d6baca776dfce","primeforge.benchmark.raw.v1","0","2026-08-03T20:19:34Z","15900300","True","0","cuda","measure","6","24","204"
"primeforge.cuda.base2-strong-prp-u64.v1","256","c88e42426844d46fda8b2ee6e57a82030a6cad0914cc39649ba621ce5562ebf4","64","65536","0","0d51552cc9ec488f52ca898ab7347cff93352005","MSVC-195136252","C++23_RELEASE_TARGET","0","UNKNOWN","13.3.73","14042620","9f31b60ef8310ea1b13072b3e355e4541af69429c8885c7c9ec94139a663a6ae","0","UNKNOWN","UNKNOWN","UNKNOWN","11360447","0","6676759","0","S64_PRP_65536","545a5cd984ca9c7c5fbc412a73deb6c5a07c68aea4b7665911c62f9890db3f27","0","0","0","430f77e57e47e8dbb5b457e8a24ea0688759ad26c02308e3737d6baca776dfce","primeforge.benchmark.raw.v1","0","2026-08-03T20:19:35Z","33951300","True","0","cuda","measure","6","25","205"
"primeforge.cuda.base2-strong-prp-u64.v1","16384","c88e42426844d46fda8b2ee6e57a82030a6cad0914cc39649ba621ce5562ebf4","64","65536","0","0d51552cc9ec488f52ca898ab7347cff93352005","MSVC-195136252","C++23_RELEASE_TARGET","0","UNKNOWN","13.3.73","221407","9f31b60ef8310ea1b13072b3e355e4541af69429c8885c7c9ec94139a663a6ae","0","UNKNOWN","UNKNOWN","UNKNOWN","58528","0","118112","0","S64_PRP_65536","545a5cd984ca9c7c5fbc412a73deb6c5a07c68aea4b7665911c62f9890db3f27","0","0","0","430f77e57e47e8dbb5b457e8a24ea0688759ad26c02308e3737d6baca776dfce","primeforge.benchmark.raw.v1","0","2026-08-03T20:19:36Z","452000","True","0","cuda","measure","6","26","206"
"primeforge.cpu.base2-strong-prp-u64.v1","2048","c88e42426844d46fda8b2ee6e57a82030a6cad0914cc39649ba621ce5562ebf4","64","65536","0","0d51552cc9ec488f52ca898ab7347cff93352005","MSVC-195136252","C++23_RELEASE_TARGET","0","UNKNOWN","NOT_USED","0","9f31b60ef8310ea1b13072b3e355e4541af69429c8885c7c9ec94139a663a6ae","0","UNKNOWN","UNKNOWN","UNKNOWN","0","0","0","0","S64_PRP_65536","545a5cd984ca9c7c5fbc412a73deb6c5a07c68aea4b7665911c62f9890db3f27","0","12809600","0","430f77e57e47e8dbb5b457e8a24ea0688759ad26c02308e3737d6baca776dfce","primeforge.benchmark.raw.v1","0","2026-08-03T20:19:37Z","12814700","True","0","cpu","measure","6","27","207"
"primeforge.cuda.base2-strong-prp-u64.v1","32","c88e42426844d46fda8b2ee6e57a82030a6cad0914cc39649ba621ce5562ebf4","64","65536","0","0d51552cc9ec488f52ca898ab7347cff93352005","MSVC-195136252","C++23_RELEASE_TARGET","0","UNKNOWN","13.3.73","105824163","9f31b60ef8310ea1b13072b3e355e4541af69429c8885c7c9ec94139a663a6ae","0","UNKNOWN","UNKNOWN","UNKNOWN","85444910","0","44496961","0","S64_PRP_65536","545a5cd984ca9c7c5fbc412a73deb6c5a07c68aea4b7665911c62f9890db3f27","0","0","0","430f77e57e47e8dbb5b457e8a24ea0688759ad26c02308e3737d6baca776dfce","primeforge.benchmark.raw.v1","0","2026-08-03T20:19:38Z","249693100","True","0","cuda","measure","6","28","208"
"primeforge.auto.cpu-cuda.base2-strong-prp-u64.v1[min=512]","1024","c88e42426844d46fda8b2ee6e57a82030a6cad0914cc39649ba621ce5562ebf4","64","65536","0","0d51552cc9ec488f52ca898ab7347cff93352005","MSVC-195136252","C++23_RELEASE_TARGET","0","UNKNOWN","13.3.73","3945823","9f31b60ef8310ea1b13072b3e355e4541af69429c8885c7c9ec94139a663a6ae","0","UNKNOWN","UNKNOWN","UNKNOWN","2696384","0","1907327","0","S64_PRP_65536","545a5cd984ca9c7c5fbc412a73deb6c5a07c68aea4b7665911c62f9890db3f27","0","0","0","430f77e57e47e8dbb5b457e8a24ea0688759ad26c02308e3737d6baca776dfce","primeforge.benchmark.raw.v1","0","2026-08-03T20:19:39Z","9003100","True","0","auto","measure","6","29","209"
"primeforge.cuda.base2-strong-prp-u64.v1","64","c88e42426844d46fda8b2ee6e57a82030a6cad0914cc39649ba621ce5562ebf4","64","65536","0","0d51552cc9ec488f52ca898ab7347cff93352005","MSVC-195136252","C++23_RELEASE_TARGET","0","UNKNOWN","13.3.73","49405642","9f31b60ef8310ea1b13072b3e355e4541af69429c8885c7c9ec94139a663a6ae","0","UNKNOWN","UNKNOWN","UNKNOWN","40537556","0","21203024","0","S64_PRP_65536","545a5cd984ca9c7c5fbc412a73deb6c5a07c68aea4b7665911c62f9890db3f27","0","0","0","430f77e57e47e8dbb5b457e8a24ea0688759ad26c02308e3737d6baca776dfce","primeforge.benchmark.raw.v1","0","2026-08-03T20:19:40Z","118098500","True","0","cuda","measure","6","30","210"
"primeforge.cpu.base2-strong-prp-u64.v1","64","c88e42426844d46fda8b2ee6e57a82030a6cad0914cc39649ba621ce5562ebf4","64","65536","0","0d51552cc9ec488f52ca898ab7347cff93352005","MSVC-195136252","C++23_RELEASE_TARGET","0","UNKNOWN","NOT_USED","0","9f31b60ef8310ea1b13072b3e355e4541af69429c8885c7c9ec94139a663a6ae","0","UNKNOWN","UNKNOWN","UNKNOWN","0","0","0","0","S64_PRP_65536","545a5cd984ca9c7c5fbc412a73deb6c5a07c68aea4b7665911c62f9890db3f27","0","11723800","0","430f77e57e47e8dbb5b457e8a24ea0688759ad26c02308e3737d6baca776dfce","primeforge.benchmark.raw.v1","0","2026-08-03T20:19:41Z","11747200","True","0","cpu","measure","7","1","211"
"primeforge.auto.cpu-cuda.base2-strong-prp-u64.v1[min=512]","2048","c88e42426844d46fda8b2ee6e57a82030a6cad0914cc39649ba621ce5562ebf4","64","65536","0","0d51552cc9ec488f52ca898ab7347cff93352005","MSVC-195136252","C++23_RELEASE_TARGET","0","UNKNOWN","13.3.73","1842368","9f31b60ef8310ea1b13072b3e355e4541af69429c8885c7c9ec94139a663a6ae","0","UNKNOWN","UNKNOWN","UNKNOWN","1665247","0","738688","0","S64_PRP_65536","545a5cd984ca9c7c5fbc412a73deb6c5a07c68aea4b7665911c62f9890db3f27","0","0","0","430f77e57e47e8dbb5b457e8a24ea0688759ad26c02308e3737d6baca776dfce","primeforge.benchmark.raw.v1","0","2026-08-03T20:19:42Z","4502400","True","0","auto","measure","7","2","212"
"primeforge.cuda.base2-strong-prp-u64.v1","64","c88e42426844d46fda8b2ee6e57a82030a6cad0914cc39649ba621ce5562ebf4","64","65536","0","0d51552cc9ec488f52ca898ab7347cff93352005","MSVC-195136252","C++23_RELEASE_TARGET","0","UNKNOWN","13.3.73","52006473","9f31b60ef8310ea1b13072b3e355e4541af69429c8885c7c9ec94139a663a6ae","0","UNKNOWN","UNKNOWN","UNKNOWN","43348375","0","22209838","0","S64_PRP_65536","545a5cd984ca9c7c5fbc412a73deb6c5a07c68aea4b7665911c62f9890db3f27","0","0","0","430f77e57e47e8dbb5b457e8a24ea0688759ad26c02308e3737d6baca776dfce","primeforge.benchmark.raw.v1","0","2026-08-03T20:19:43Z","124621100","True","0","cuda","measure","7","3","213"
"primeforge.auto.cpu-cuda.base2-strong-prp-u64.v1[min=512]","64","c88e42426844d46fda8b2ee6e57a82030a6cad0914cc39649ba621ce5562ebf4","64","65536","0","0d51552cc9ec488f52ca898ab7347cff93352005","MSVC-195136252","C++23_RELEASE_TARGET","0","UNKNOWN","NOT_USED","0","9f31b60ef8310ea1b13072b3e355e4541af69429c8885c7c9ec94139a663a6ae","0","UNKNOWN","UNKNOWN","UNKNOWN","0","0","0","0","S64_PRP_65536","545a5cd984ca9c7c5fbc412a73deb6c5a07c68aea4b7665911c62f9890db3f27","0","11968200","0","430f77e57e47e8dbb5b457e8a24ea0688759ad26c02308e3737d6baca776dfce","primeforge.benchmark.raw.v1","0","2026-08-03T20:19:44Z","11994900","True","0","auto","measure","7","4","214"
"primeforge.auto.cpu-cuda.base2-strong-prp-u64.v1[min=512]","32","c88e42426844d46fda8b2ee6e57a82030a6cad0914cc39649ba621ce5562ebf4","64","65536","0","0d51552cc9ec488f52ca898ab7347cff93352005","MSVC-195136252","C++23_RELEASE_TARGET","0","UNKNOWN","NOT_USED","0","9f31b60ef8310ea1b13072b3e355e4541af69429c8885c7c9ec94139a663a6ae","0","UNKNOWN","UNKNOWN","UNKNOWN","0","0","0","0","S64_PRP_65536","545a5cd984ca9c7c5fbc412a73deb6c5a07c68aea4b7665911c62f9890db3f27","0","11705300","0","430f77e57e47e8dbb5b457e8a24ea0688759ad26c02308e3737d6baca776dfce","primeforge.benchmark.raw.v1","0","2026-08-03T20:19:45Z","11755500","True","0","auto","measure","7","5","215"
"primeforge.cuda.base2-strong-prp-u64.v1","1024","c88e42426844d46fda8b2ee6e57a82030a6cad0914cc39649ba621ce5562ebf4","64","65536","0","0d51552cc9ec488f52ca898ab7347cff93352005","MSVC-195136252","C++23_RELEASE_TARGET","0","UNKNOWN","13.3.73","3288447","9f31b60ef8310ea1b13072b3e355e4541af69429c8885c7c9ec94139a663a6ae","0","UNKNOWN","UNKNOWN","UNKNOWN","2776285","0","1462271","0","S64_PRP_65536","545a5cd984ca9c7c5fbc412a73deb6c5a07c68aea4b7665911c62f9890db3f27","0","0","0","430f77e57e47e8dbb5b457e8a24ea0688759ad26c02308e3737d6baca776dfce","primeforge.benchmark.raw.v1","0","2026-08-03T20:19:46Z","8017000","True","0","cuda","measure","7","6","216"
"primeforge.cuda.base2-strong-prp-u64.v1","2048","c88e42426844d46fda8b2ee6e57a82030a6cad0914cc39649ba621ce5562ebf4","64","65536","0","0d51552cc9ec488f52ca898ab7347cff93352005","MSVC-195136252","C++23_RELEASE_TARGET","0","UNKNOWN","13.3.73","1526783","9f31b60ef8310ea1b13072b3e355e4541af69429c8885c7c9ec94139a663a6ae","0","UNKNOWN","UNKNOWN","UNKNOWN","1390208","0","660928","0","S64_PRP_65536","545a5cd984ca9c7c5fbc412a73deb6c5a07c68aea4b7665911c62f9890db3f27","0","0","0","430f77e57e47e8dbb5b457e8a24ea0688759ad26c02308e3737d6baca776dfce","primeforge.benchmark.raw.v1","0","2026-08-03T20:19:47Z","3831900","True","0","cuda","measure","7","7","217"
"primeforge.auto.cpu-cuda.base2-strong-prp-u64.v1[min=512]","128","c88e42426844d46fda8b2ee6e57a82030a6cad0914cc39649ba621ce5562ebf4","64","65536","0","0d51552cc9ec488f52ca898ab7347cff93352005","MSVC-195136252","C++23_RELEASE_TARGET","0","UNKNOWN","NOT_USED","0","9f31b60ef8310ea1b13072b3e355e4541af69429c8885c7c9ec94139a663a6ae","0","UNKNOWN","UNKNOWN","UNKNOWN","0","0","0","0","S64_PRP_65536","545a5cd984ca9c7c5fbc412a73deb6c5a07c68aea4b7665911c62f9890db3f27","0","12003200","0","430f77e57e47e8dbb5b457e8a24ea0688759ad26c02308e3737d6baca776dfce","primeforge.benchmark.raw.v1","0","2026-08-03T20:19:48Z","12015900","True","0","auto","measure","7","8","218"
"primeforge.cpu.base2-strong-prp-u64.v1","1024","c88e42426844d46fda8b2ee6e57a82030a6cad0914cc39649ba621ce5562ebf4","64","65536","0","0d51552cc9ec488f52ca898ab7347cff93352005","MSVC-195136252","C++23_RELEASE_TARGET","0","UNKNOWN","NOT_USED","0","9f31b60ef8310ea1b13072b3e355e4541af69429c8885c7c9ec94139a663a6ae","0","UNKNOWN","UNKNOWN","UNKNOWN","0","0","0","0","S64_PRP_65536","545a5cd984ca9c7c5fbc412a73deb6c5a07c68aea4b7665911c62f9890db3f27","0","16313600","0","430f77e57e47e8dbb5b457e8a24ea0688759ad26c02308e3737d6baca776dfce","primeforge.benchmark.raw.v1","0","2026-08-03T20:19:49Z","16323800","True","0","cpu","measure","7","9","219"
"primeforge.cpu.base2-strong-prp-u64.v1","4096","c88e42426844d46fda8b2ee6e57a82030a6cad0914cc39649ba621ce5562ebf4","64","65536","0","0d51552cc9ec488f52ca898ab7347cff93352005","MSVC-195136252","C++23_RELEASE_TARGET","0","UNKNOWN","NOT_USED","0","9f31b60ef8310ea1b13072b3e355e4541af69429c8885c7c9ec94139a663a6ae","0","UNKNOWN","UNKNOWN","UNKNOWN","0","0","0","0","S64_PRP_65536","545a5cd984ca9c7c5fbc412a73deb6c5a07c68aea4b7665911c62f9890db3f27","0","12344600","0","430f77e57e47e8dbb5b457e8a24ea0688759ad26c02308e3737d6baca776dfce","primeforge.benchmark.raw.v1","0","2026-08-03T20:19:50Z","12347300","True","0","cpu","measure","7","10","220"
"primeforge.cpu.base2-strong-prp-u64.v1","128","c88e42426844d46fda8b2ee6e57a82030a6cad0914cc39649ba621ce5562ebf4","64","65536","0","0d51552cc9ec488f52ca898ab7347cff93352005","MSVC-195136252","C++23_RELEASE_TARGET","0","UNKNOWN","NOT_USED","0","9f31b60ef8310ea1b13072b3e355e4541af69429c8885c7c9ec94139a663a6ae","0","UNKNOWN","UNKNOWN","UNKNOWN","0","0","0","0","S64_PRP_65536","545a5cd984ca9c7c5fbc412a73deb6c5a07c68aea4b7665911c62f9890db3f27","0","11529100","0","430f77e57e47e8dbb5b457e8a24ea0688759ad26c02308e3737d6baca776dfce","primeforge.benchmark.raw.v1","0","2026-08-03T20:19:51Z","11539400","True","0","cpu","measure","7","11","221"
"primeforge.cuda.base2-strong-prp-u64.v1","512","c88e42426844d46fda8b2ee6e57a82030a6cad0914cc39649ba621ce5562ebf4","64","65536","0","0d51552cc9ec488f52ca898ab7347cff93352005","MSVC-195136252","C++23_RELEASE_TARGET","0","UNKNOWN","13.3.73","6371168","9f31b60ef8310ea1b13072b3e355e4541af69429c8885c7c9ec94139a663a6ae","0","UNKNOWN","UNKNOWN","UNKNOWN","5346430","0","3608886","0","S64_PRP_65536","545a5cd984ca9c7c5fbc412a73deb6c5a07c68aea4b7665911c62f9890db3f27","0","0","0","430f77e57e47e8dbb5b457e8a24ea0688759ad26c02308e3737d6baca776dfce","primeforge.benchmark.raw.v1","0","2026-08-03T20:19:52Z","16233400","True","0","cuda","measure","7","12","222"
"primeforge.cuda.base2-strong-prp-u64.v1","32","c88e42426844d46fda8b2ee6e57a82030a6cad0914cc39649ba621ce5562ebf4","64","65536","0","0d51552cc9ec488f52ca898ab7347cff93352005","MSVC-195136252","C++23_RELEASE_TARGET","0","UNKNOWN","13.3.73","119856574","9f31b60ef8310ea1b13072b3e355e4541af69429c8885c7c9ec94139a663a6ae","0","UNKNOWN","UNKNOWN","UNKNOWN","93780067","0","45971245","0","S64_PRP_65536","545a5cd984ca9c7c5fbc412a73deb6c5a07c68aea4b7665911c62f9890db3f27","0","0","0","430f77e57e47e8dbb5b457e8a24ea0688759ad26c02308e3737d6baca776dfce","primeforge.benchmark.raw.v1","0","2026-08-03T20:19:54Z","275619600","True","0","cuda","measure","7","13","223"
"primeforge.auto.cpu-cuda.base2-strong-prp-u64.v1[min=512]","8192","c88e42426844d46fda8b2ee6e57a82030a6cad0914cc39649ba621ce5562ebf4","64","65536","0","0d51552cc9ec488f52ca898ab7347cff93352005","MSVC-195136252","C++23_RELEASE_TARGET","0","UNKNOWN","13.3.73","456128","9f31b60ef8310ea1b13072b3e355e4541af69429c8885c7c9ec94139a663a6ae","0","UNKNOWN","UNKNOWN","UNKNOWN","676448","0","138624","0","S64_PRP_65536","545a5cd984ca9c7c5fbc412a73deb6c5a07c68aea4b7665911c62f9890db3f27","0","0","0","430f77e57e47e8dbb5b457e8a24ea0688759ad26c02308e3737d6baca776dfce","primeforge.benchmark.raw.v1","0","2026-08-03T20:19:54Z","1355800","True","0","auto","measure","7","14","224"
"primeforge.cuda.base2-strong-prp-u64.v1","16384","c88e42426844d46fda8b2ee6e57a82030a6cad0914cc39649ba621ce5562ebf4","64","65536","0","0d51552cc9ec488f52ca898ab7347cff93352005","MSVC-195136252","C++23_RELEASE_TARGET","0","UNKNOWN","13.3.73","198880","9f31b60ef8310ea1b13072b3e355e4541af69429c8885c7c9ec94139a663a6ae","0","UNKNOWN","UNKNOWN","UNKNOWN","75648","0","228608","0","S64_PRP_65536","545a5cd984ca9c7c5fbc412a73deb6c5a07c68aea4b7665911c62f9890db3f27","0","0","0","430f77e57e47e8dbb5b457e8a24ea0688759ad26c02308e3737d6baca776dfce","primeforge.benchmark.raw.v1","0","2026-08-03T20:19:55Z","558800","True","0","cuda","measure","7","15","225"
"primeforge.cuda.base2-strong-prp-u64.v1","4096","c88e42426844d46fda8b2ee6e57a82030a6cad0914cc39649ba621ce5562ebf4","64","65536","0","0d51552cc9ec488f52ca898ab7347cff93352005","MSVC-195136252","C++23_RELEASE_TARGET","0","UNKNOWN","13.3.73","697728","9f31b60ef8310ea1b13072b3e355e4541af69429c8885c7c9ec94139a663a6ae","0","UNKNOWN","UNKNOWN","UNKNOWN","458016","0","394784","0","S64_PRP_65536","545a5cd984ca9c7c5fbc412a73deb6c5a07c68aea4b7665911c62f9890db3f27","0","0","0","430f77e57e47e8dbb5b457e8a24ea0688759ad26c02308e3737d6baca776dfce","primeforge.benchmark.raw.v1","0","2026-08-03T20:19:56Z","1712500","True","0","cuda","measure","7","16","226"
"primeforge.cuda.base2-strong-prp-u64.v1","8192","c88e42426844d46fda8b2ee6e57a82030a6cad0914cc39649ba621ce5562ebf4","64","65536","0","0d51552cc9ec488f52ca898ab7347cff93352005","MSVC-195136252","C++23_RELEASE_TARGET","0","UNKNOWN","13.3.73","436800","9f31b60ef8310ea1b13072b3e355e4541af69429c8885c7c9ec94139a663a6ae","0","UNKNOWN","UNKNOWN","UNKNOWN","212128","0","159488","0","S64_PRP_65536","545a5cd984ca9c7c5fbc412a73deb6c5a07c68aea4b7665911c62f9890db3f27","0","0","0","430f77e57e47e8dbb5b457e8a24ea0688759ad26c02308e3737d6baca776dfce","primeforge.benchmark.raw.v1","0","2026-08-03T20:19:57Z","931300","True","0","cuda","measure","7","17","227"
"primeforge.auto.cpu-cuda.base2-strong-prp-u64.v1[min=512]","16384","c88e42426844d46fda8b2ee6e57a82030a6cad0914cc39649ba621ce5562ebf4","64","65536","0","0d51552cc9ec488f52ca898ab7347cff93352005","MSVC-195136252","C++23_RELEASE_TARGET","0","UNKNOWN","13.3.73","209952","9f31b60ef8310ea1b13072b3e355e4541af69429c8885c7c9ec94139a663a6ae","0","UNKNOWN","UNKNOWN","UNKNOWN","53568","0","425088","0","S64_PRP_65536","545a5cd984ca9c7c5fbc412a73deb6c5a07c68aea4b7665911c62f9890db3f27","0","0","0","430f77e57e47e8dbb5b457e8a24ea0688759ad26c02308e3737d6baca776dfce","primeforge.benchmark.raw.v1","0","2026-08-03T20:19:58Z","781500","True","0","auto","measure","7","18","228"
"primeforge.cpu.base2-strong-prp-u64.v1","256","c88e42426844d46fda8b2ee6e57a82030a6cad0914cc39649ba621ce5562ebf4","64","65536","0","0d51552cc9ec488f52ca898ab7347cff93352005","MSVC-195136252","C++23_RELEASE_TARGET","0","UNKNOWN","NOT_USED","0","9f31b60ef8310ea1b13072b3e355e4541af69429c8885c7c9ec94139a663a6ae","0","UNKNOWN","UNKNOWN","UNKNOWN","0","0","0","0","S64_PRP_65536","545a5cd984ca9c7c5fbc412a73deb6c5a07c68aea4b7665911c62f9890db3f27","0","12027100","0","430f77e57e47e8dbb5b457e8a24ea0688759ad26c02308e3737d6baca776dfce","primeforge.benchmark.raw.v1","0","2026-08-03T20:19:59Z","12033800","True","0","cpu","measure","7","19","229"
"primeforge.auto.cpu-cuda.base2-strong-prp-u64.v1[min=512]","256","c88e42426844d46fda8b2ee6e57a82030a6cad0914cc39649ba621ce5562ebf4","64","65536","0","0d51552cc9ec488f52ca898ab7347cff93352005","MSVC-195136252","C++23_RELEASE_TARGET","0","UNKNOWN","NOT_USED","0","9f31b60ef8310ea1b13072b3e355e4541af69429c8885c7c9ec94139a663a6ae","0","UNKNOWN","UNKNOWN","UNKNOWN","0","0","0","0","S64_PRP_65536","545a5cd984ca9c7c5fbc412a73deb6c5a07c68aea4b7665911c62f9890db3f27","0","11840300","0","430f77e57e47e8dbb5b457e8a24ea0688759ad26c02308e3737d6baca776dfce","primeforge.benchmark.raw.v1","0","2026-08-03T20:20:00Z","11849500","True","0","auto","measure","7","20","230"
"primeforge.auto.cpu-cuda.base2-strong-prp-u64.v1[min=512]","512","c88e42426844d46fda8b2ee6e57a82030a6cad0914cc39649ba621ce5562ebf4","64","65536","0","0d51552cc9ec488f52ca898ab7347cff93352005","MSVC-195136252","C++23_RELEASE_TARGET","0","UNKNOWN","13.3.73","6566814","9f31b60ef8310ea1b13072b3e355e4541af69429c8885c7c9ec94139a663a6ae","0","UNKNOWN","UNKNOWN","UNKNOWN","5467136","0","2681725","0","S64_PRP_65536","545a5cd984ca9c7c5fbc412a73deb6c5a07c68aea4b7665911c62f9890db3f27","0","0","0","430f77e57e47e8dbb5b457e8a24ea0688759ad26c02308e3737d6baca776dfce","primeforge.benchmark.raw.v1","0","2026-08-03T20:20:01Z","15590400","True","0","auto","measure","7","21","231"
"primeforge.cpu.base2-strong-prp-u64.v1","512","c88e42426844d46fda8b2ee6e57a82030a6cad0914cc39649ba621ce5562ebf4","64","65536","0","0d51552cc9ec488f52ca898ab7347cff93352005","MSVC-195136252","C++23_RELEASE_TARGET","0","UNKNOWN","NOT_USED","0","9f31b60ef8310ea1b13072b3e355e4541af69429c8885c7c9ec94139a663a6ae","0","UNKNOWN","UNKNOWN","UNKNOWN","0","0","0","0","S64_PRP_65536","545a5cd984ca9c7c5fbc412a73deb6c5a07c68aea4b7665911c62f9890db3f27","0","22994500","0","430f77e57e47e8dbb5b457e8a24ea0688759ad26c02308e3737d6baca776dfce","primeforge.benchmark.raw.v1","0","2026-08-03T20:20:02Z","23008900","True","0","cpu","measure","7","22","232"
"primeforge.cuda.base2-strong-prp-u64.v1","256","c88e42426844d46fda8b2ee6e57a82030a6cad0914cc39649ba621ce5562ebf4","64","65536","0","0d51552cc9ec488f52ca898ab7347cff93352005","MSVC-195136252","C++23_RELEASE_TARGET","0","UNKNOWN","13.3.73","13131580","9f31b60ef8310ea1b13072b3e355e4541af69429c8885c7c9ec94139a663a6ae","0","UNKNOWN","UNKNOWN","UNKNOWN","10601883","0","5932730","0","S64_PRP_65536","545a5cd984ca9c7c5fbc412a73deb6c5a07c68aea4b7665911c62f9890db3f27","0","0","0","430f77e57e47e8dbb5b457e8a24ea0688759ad26c02308e3737d6baca776dfce","primeforge.benchmark.raw.v1","0","2026-08-03T20:20:03Z","31485200","True","0","cuda","measure","7","23","233"
"primeforge.cpu.base2-strong-prp-u64.v1","8192","c88e42426844d46fda8b2ee6e57a82030a6cad0914cc39649ba621ce5562ebf4","64","65536","0","0d51552cc9ec488f52ca898ab7347cff93352005","MSVC-195136252","C++23_RELEASE_TARGET","0","UNKNOWN","NOT_USED","0","9f31b60ef8310ea1b13072b3e355e4541af69429c8885c7c9ec94139a663a6ae","0","UNKNOWN","UNKNOWN","UNKNOWN","0","0","0","0","S64_PRP_65536","545a5cd984ca9c7c5fbc412a73deb6c5a07c68aea4b7665911c62f9890db3f27","0","11211100","0","430f77e57e47e8dbb5b457e8a24ea0688759ad26c02308e3737d6baca776dfce","primeforge.benchmark.raw.v1","0","2026-08-03T20:20:04Z","11212600","True","0","cpu","measure","7","24","234"
"primeforge.auto.cpu-cuda.base2-strong-prp-u64.v1[min=512]","4096","c88e42426844d46fda8b2ee6e57a82030a6cad0914cc39649ba621ce5562ebf4","64","65536","0","0d51552cc9ec488f52ca898ab7347cff93352005","MSVC-195136252","C++23_RELEASE_TARGET","0","UNKNOWN","13.3.73","861312","9f31b60ef8310ea1b13072b3e355e4541af69429c8885c7c9ec94139a663a6ae","0","UNKNOWN","UNKNOWN","UNKNOWN","565152","0","459358","0","S64_PRP_65536","545a5cd984ca9c7c5fbc412a73deb6c5a07c68aea4b7665911c62f9890db3f27","0","0","0","430f77e57e47e8dbb5b457e8a24ea0688759ad26c02308e3737d6baca776dfce","primeforge.benchmark.raw.v1","0","2026-08-03T20:20:05Z","2012400","True","0","auto","measure","7","25","235"
"primeforge.cpu.base2-strong-prp-u64.v1","32","c88e42426844d46fda8b2ee6e57a82030a6cad0914cc39649ba621ce5562ebf4","64","65536","0","0d51552cc9ec488f52ca898ab7347cff93352005","MSVC-195136252","C++23_RELEASE_TARGET","0","UNKNOWN","NOT_USED","0","9f31b60ef8310ea1b13072b3e355e4541af69429c8885c7c9ec94139a663a6ae","0","UNKNOWN","UNKNOWN","UNKNOWN","0","0","0","0","S64_PRP_65536","545a5cd984ca9c7c5fbc412a73deb6c5a07c68aea4b7665911c62f9890db3f27","0","11776300","0","430f77e57e47e8dbb5b457e8a24ea0688759ad26c02308e3737d6baca776dfce","primeforge.benchmark.raw.v1","0","2026-08-03T20:20:06Z","11823800","True","0","cpu","measure","7","26","236"
"primeforge.cpu.base2-strong-prp-u64.v1","2048","c88e42426844d46fda8b2ee6e57a82030a6cad0914cc39649ba621ce5562ebf4","64","65536","0","0d51552cc9ec488f52ca898ab7347cff93352005","MSVC-195136252","C++23_RELEASE_TARGET","0","UNKNOWN","NOT_USED","0","9f31b60ef8310ea1b13072b3e355e4541af69429c8885c7c9ec94139a663a6ae","0","UNKNOWN","UNKNOWN","UNKNOWN","0","0","0","0","S64_PRP_65536","545a5cd984ca9c7c5fbc412a73deb6c5a07c68aea4b7665911c62f9890db3f27","0","12268500","0","430f77e57e47e8dbb5b457e8a24ea0688759ad26c02308e3737d6baca776dfce","primeforge.benchmark.raw.v1","0","2026-08-03T20:20:07Z","12273000","True","0","cpu","measure","7","27","237"
"primeforge.cpu.base2-strong-prp-u64.v1","16384","c88e42426844d46fda8b2ee6e57a82030a6cad0914cc39649ba621ce5562ebf4","64","65536","0","0d51552cc9ec488f52ca898ab7347cff93352005","MSVC-195136252","C++23_RELEASE_TARGET","0","UNKNOWN","NOT_USED","0","9f31b60ef8310ea1b13072b3e355e4541af69429c8885c7c9ec94139a663a6ae","0","UNKNOWN","UNKNOWN","UNKNOWN","0","0","0","0","S64_PRP_65536","545a5cd984ca9c7c5fbc412a73deb6c5a07c68aea4b7665911c62f9890db3f27","0","5992000","0","430f77e57e47e8dbb5b457e8a24ea0688759ad26c02308e3737d6baca776dfce","primeforge.benchmark.raw.v1","0","2026-08-03T20:20:08Z","5993100","True","0","cpu","measure","7","28","238"
"primeforge.cuda.base2-strong-prp-u64.v1","128","c88e42426844d46fda8b2ee6e57a82030a6cad0914cc39649ba621ce5562ebf4","64","65536","0","0d51552cc9ec488f52ca898ab7347cff93352005","MSVC-195136252","C++23_RELEASE_TARGET","0","UNKNOWN","13.3.73","24842137","9f31b60ef8310ea1b13072b3e355e4541af69429c8885c7c9ec94139a663a6ae","0","UNKNOWN","UNKNOWN","UNKNOWN","19434011","0","10018387","0","S64_PRP_65536","545a5cd984ca9c7c5fbc412a73deb6c5a07c68aea4b7665911c62f9890db3f27","0","0","0","430f77e57e47e8dbb5b457e8a24ea0688759ad26c02308e3737d6baca776dfce","primeforge.benchmark.raw.v1","0","2026-08-03T20:20:09Z","57592600","True","0","cuda","measure","7","29","239"
"primeforge.auto.cpu-cuda.base2-strong-prp-u64.v1[min=512]","1024","c88e42426844d46fda8b2ee6e57a82030a6cad0914cc39649ba621ce5562ebf4","64","65536","0","0d51552cc9ec488f52ca898ab7347cff93352005","MSVC-195136252","C++23_RELEASE_TARGET","0","UNKNOWN","13.3.73","3299360","9f31b60ef8310ea1b13072b3e355e4541af69429c8885c7c9ec94139a663a6ae","0","UNKNOWN","UNKNOWN","UNKNOWN","2692960","0","1421212","0","S64_PRP_65536","545a5cd984ca9c7c5fbc412a73deb6c5a07c68aea4b7665911c62f9890db3f27","0","0","0","430f77e57e47e8dbb5b457e8a24ea0688759ad26c02308e3737d6baca776dfce","primeforge.benchmark.raw.v1","0","2026-08-03T20:20:10Z","7905600","True","0","auto","measure","7","30","240"
